lsoa21cd,easting,northing
E01000001,532181.8,181792.3
E01000002,532501.4,181755.6
E01000003,532203.9,182044.8
E01000005,533746.3,181107.6
E01000006,544911.7,184310.7
E01000007,544158.2,184403.1
E01000008,543730.1,184479.0
E01000009,544610.1,184428.7
E01000011,544370.3,184729.2
E01000012,543937.3,184703.3
E01000013,548963.4,184900.6
E01000014,548707.3,185006.2
E01000015,549541.4,184982.8
E01000016,549249.0,185592.5
E01000017,548895.8,185579.7
E01000018,549289.1,185269.5
E01000019,547106.5,186550.7
E01000020,547413.6,186294.5
E01000021,546796.9,186093.7
E01000022,547160.4,186052.8
E01000024,547145.7,185707.3
E01000025,546954.6,185512.0
E01000027,548140.9,189812.4
E01000028,547627.2,189524.5
E01000029,548014.1,188955.8
E01000030,548120.6,189357.8
E01000031,548342.1,188490.5
E01000032,548086.8,188296.3
E01000033,550056.7,186242.2
E01000034,550425.5,186256.0
E01000035,550164.5,185518.8
E01000036,550030.0,185195.7
E01000037,551198.8,187105.0
E01000038,550696.1,187153.2
E01000039,551237.0,186692.4
E01000040,545525.2,184055.5
E01000041,546848.2,184251.2
E01000042,546213.6,184186.7
E01000043,545638.6,183777.3
E01000044,545100.2,183962.6
E01000045,546624.6,183905.0
E01000046,547131.3,184087.8
E01000049,544746.0,183359.1
E01000050,544758.7,183820.7
E01000051,544557.4,183744.1
E01000052,545250.3,183594.6
E01000053,548752.9,183710.1
E01000054,547991.9,184153.7
E01000055,547544.6,184023.9
E01000056,548291.9,183881.2
E01000057,547594.4,184257.4
E01000058,548243.0,184450.7
E01000059,548609.3,184120.7
E01000060,549292.2,186484.0
E01000061,549312.5,186854.5
E01000062,549305.9,186066.1
E01000063,548834.1,186334.4
E01000064,549677.5,186084.1
E01000065,548685.8,185912.2
E01000066,546148.1,185227.7
E01000067,545788.2,185219.3
E01000068,545036.0,184569.4
E01000069,545669.9,184768.1
E01000070,545283.9,184804.9
E01000071,545688.0,184427.9
E01000072,546739.8,184694.2
E01000073,546851.6,185109.0
E01000074,547136.5,185131.6
E01000075,547514.4,184653.8
E01000076,547120.4,184604.9
E01000077,547495.7,185543.2
E01000078,547946.1,185886.0
E01000079,548572.9,185307.0
E01000080,547823.3,185447.6
E01000081,548350.2,185644.2
E01000082,548346.2,186125.3
E01000083,547666.8,186007.0
E01000084,548909.5,184501.0
E01000085,549224.7,184307.9
E01000086,548948.2,184164.1
E01000087,549318.2,183740.3
E01000088,549587.8,183787.7
E01000089,549932.2,183518.1
E01000090,549875.6,183309.0
E01000091,546420.9,183076.3
E01000093,545867.7,183207.0
E01000094,546900,182969.3
E01000095,547657.3,183290.9
E01000096,546735.9,183552.4
E01000097,547680.4,187140.5
E01000098,547529.3,186798.2
E01000099,547973.0,186993.6
E01000100,548355.5,186693.5
E01000101,548741.3,186667.2
E01000102,547862.8,186383.9
E01000103,550384.9,184119.7
E01000104,550336.8,184446.6
E01000105,549406.5,184612.6
E01000106,549841.6,184586.4
E01000107,550868.0,184736.8
E01000108,550238.6,184826.7
E01000110,548797.5,188297.7
E01000111,548798.8,187718.8
E01000112,548358.3,187930.9
E01000113,547971.6,187817.1
E01000114,549009.3,187275.5
E01000115,528682.0,194686.1
E01000116,528380.1,194390.1
E01000117,527661.1,194290.2
E01000118,528034.1,194115.5
E01000119,529164.3,194080.7
E01000120,528823.6,194238.0
E01000121,528240.6,193691.4
E01000122,528976.1,193548.3
E01000123,528641.1,193066.4
E01000124,528646.8,192690.7
E01000126,521183.6,190557.0
E01000127,520622.1,191072.8
E01000128,520692.5,190633.4
E01000129,520259.8,190527.1
E01000130,521042.7,190924.3
E01000131,520818.1,190169.2
E01000132,520753.0,191471.6
E01000133,521166.6,191289.8
E01000134,520188.7,191273.2
E01000135,524714.6,186996.2
E01000136,525386.3,186958.1
E01000137,524797.3,186605.7
E01000138,524458.9,186542.6
E01000139,524795.1,186125.2
E01000140,525071.3,186418.1
E01000141,523938.6,185865.4
E01000142,524080.5,186296.8
E01000143,524251.1,185920.8
E01000144,524892.2,187692.2
E01000145,524496.3,187581.4
E01000146,525036.4,187323.0
E01000147,521362.3,189321.0
E01000150,521720.7,188932.2
E01000151,521709.9,190632.4
E01000152,521697.0,190992.2
E01000153,521400.1,190944.8
E01000154,521713.2,190304.6
E01000156,528328.2,190654.1
E01000157,528572.6,190985.4
E01000158,528032.0,192426.7
E01000159,527708.5,192706.7
E01000160,528396.6,192313.4
E01000161,527957.6,192114.8
E01000162,527604.6,191939.6
E01000163,528545.7,191429.0
E01000164,528233.9,191105.9
E01000165,528175.2,191733.3
E01000166,527440.8,196523.1
E01000167,526910.0,196625.9
E01000168,527702.2,196090.9
E01000169,527065.8,196211.5
E01000170,527025.7,195703.1
E01000171,526727.3,195940.3
E01000172,527976.5,195501.6
E01000173,527515.0,195324.9
E01000174,527055.8,195256.1
E01000175,527197.8,194846.0
E01000176,526228.3,190119.6
E01000177,526720.2,189821.1
E01000178,527231.2,189866.1
E01000179,526418.5,190007.8
E01000180,526831.2,189472.8
E01000181,527316.1,189633.8
E01000182,527409.3,189345.8
E01000183,526433.1,189460.5
E01000184,526735.1,190703.7
E01000185,526684.2,190126.4
E01000186,519493.3,193004.0
E01000187,519669.1,193355.5
E01000188,519176.8,193348.3
E01000189,518583.0,192784.2
E01000190,518841.3,192516.5
E01000191,519234.1,192680.8
E01000192,519603.7,192238.9
E01000193,519236.3,191993.8
E01000194,519613.1,191567.1
E01000195,519924.1,193819.2
E01000196,525020.5,190318.8
E01000197,525606.6,190329.1
E01000198,523768.5,190066.2
E01000199,524210.6,190472.1
E01000200,524508.3,190121.2
E01000201,524447.8,189611.9
E01000202,525023.2,189923.9
E01000203,525374.3,189744.9
E01000204,524763.6,190760.8
E01000205,525553.4,189154.2
E01000206,526373.7,187733.8
E01000207,525940.2,188699.5
E01000208,526839.6,189024.7
E01000209,525164.2,188754.6
E01000210,526100.5,189232.0
E01000211,524917.9,188957.0
E01000212,525194.7,188146.5
E01000213,526281.5,188439.1
E01000214,525557.9,187535.8
E01000215,524208.4,188360.4
E01000216,524771.7,188220.7
E01000217,524619.3,188719.9
E01000218,524447.0,188078.6
E01000219,524005.1,187843.1
E01000220,524290.2,187817.3
E01000221,523682.9,187490.1
E01000222,523965.3,187056.5
E01000223,523445.6,186838.7
E01000224,523954.8,186730.2
E01000225,524361.5,188944.0
E01000226,520185.4,191604.7
E01000227,520115.5,192073.7
E01000228,521255.5,193438.5
E01000229,520194.5,193209.6
E01000230,519932.2,193082.4
E01000231,520700.5,193174.1
E01000232,520471.4,192642.6
E01000233,520525.2,192060.8
E01000234,520877.3,192189.2
E01000235,520992.7,191687.7
E01000236,523863.8,188835.7
E01000237,523069.7,188848.3
E01000238,523846.7,189257.3
E01000239,522411.2,189511.3
E01000240,522531.7,190307.9
E01000241,523025.7,189920.0
E01000242,523665.1,189674.7
E01000243,523317.5,189410.0
E01000244,523001.0,189414.5
E01000245,523390.6,189103.8
E01000246,525499.5,196509.6
E01000247,525999.7,196616.4
E01000248,524159.8,196670.5
E01000249,523770.5,196821.4
E01000250,524712.3,196617.8
E01000251,526082.9,196192.4
E01000252,525652.8,196128.3
E01000253,522794.8,196114.7
E01000254,524259.3,197117.2
E01000255,523037.0,191803.3
E01000256,522361.3,191475.2
E01000257,524028.1,191563.9
E01000258,521772.6,192145.2
E01000259,523775.3,191266.9
E01000260,522239.7,191068.4
E01000261,522086.2,192799.4
E01000263,521478.2,192839.5
E01000264,521207.5,192485.6
E01000265,527656.5,193304.9
E01000266,527201.8,193268.5
E01000267,526555.8,195189.8
E01000268,526131.1,195924.3
E01000269,525771.3,195377.5
E01000270,526340.4,195622.3
E01000271,526234.6,194868.8
E01000272,526885.6,194455.2
E01000273,526667.3,194122.6
E01000274,527410.6,193715.3
E01000275,525661.9,192847.1
E01000276,525086.7,192583.7
E01000277,525880.1,192600.1
E01000278,525105.0,192130.6
E01000279,524730.7,194174.0
E01000280,525685.2,194054.3
E01000281,526536.7,193777.6
E01000282,526129.6,193805.4
E01000283,525444.4,193334.8
E01000284,526315.6,193344.8
E01000285,523942.1,195581.5
E01000286,523341.0,195844.1
E01000287,523626.5,195451.8
E01000288,525400.7,195483.9
E01000289,524871.8,195490.1
E01000290,522931.8,195603.2
E01000291,524521.1,195472.8
E01000292,524349.1,195972.4
E01000293,524722.7,196021.7
E01000294,523944.8,196171.6
E01000295,525569.7,190776.7
E01000296,525207.1,191036.3
E01000297,526066.0,190517.5
E01000298,525677.6,191107.4
E01000299,526253.5,192137.7
E01000300,525871.8,192191.4
E01000301,525531.7,191830.6
E01000302,525923.5,191736.9
E01000303,525242.0,191532.0
E01000304,524927.2,191202.5
E01000305,522127.3,187789.2
E01000306,522439.8,188106.6
E01000307,522698.8,187769.8
E01000308,521853.5,188008.3
E01000309,522394.4,188838.4
E01000310,523052.0,188203.3
E01000311,523660.4,188428.7
E01000312,521260.9,188446.2
E01000313,522050.7,188244.5
E01000314,522703.9,188477.6
E01000315,527176.1,191645.7
E01000316,526434.7,191039.5
E01000317,526085.9,191461.1
E01000318,526682.3,191671.7
E01000319,526183.9,190877.1
E01000320,526546.5,192837.4
E01000321,526236.2,192792.2
E01000322,526777.4,192407.4
E01000323,526514.2,192171.3
E01000324,527229.8,192138.7
E01000325,550398.4,175913.9
E01000326,551172.3,176067.3
E01000327,549831.3,175945.4
E01000328,550535.0,175289.6
E01000329,549865.0,175217.0
E01000330,549616.4,175531.8
E01000331,550338.9,174862.7
E01000332,549429.9,178462.2
E01000333,549078.2,178090.6
E01000334,548671.4,178066.0
E01000335,549630.5,179447.7
E01000336,549089.9,179011.2
E01000337,548880.5,178752.3
E01000338,549212.4,178766.1
E01000339,545008.2,173162.3
E01000340,545266.0,174706.0
E01000341,545636.9,174334.1
E01000342,545411.2,173927.7
E01000343,546002.0,174233.6
E01000344,545171.3,173511.6
E01000345,545639.7,173556.1
E01000346,546728.1,173959.8
E01000347,546462.2,174239.6
E01000348,547838.5,173966.0
E01000349,548426.8,174144.2
E01000350,546285.1,173858.4
E01000351,547235.1,173772.0
E01000352,547067.4,174358.9
E01000353,548996.8,176618.9
E01000354,548379.5,176756.9
E01000355,549515.5,176564.8
E01000356,548196.8,176314.7
E01000357,547809.3,176392.0
E01000358,548688.2,176254.1
E01000359,548076.3,177038.9
E01000360,548599.3,175330.4
E01000361,548151.2,174911.0
E01000362,549224.2,174965.4
E01000363,548506.3,174775.2
E01000364,549411.9,174553.4
E01000365,549163.3,175775.4
E01000366,548395.0,175706.8
E01000367,551370.9,177049.7
E01000368,551241.2,176609.1
E01000369,550622.2,176809.8
E01000370,550190.6,176507.5
E01000371,550839.2,176366.4
E01000372,550823.9,177260.3
E01000373,551421.7,177253.1
E01000374,552328.0,175472.0
E01000375,552168.8,174607.4
E01000376,552102.0,175191.6
E01000377,551562.4,175149.7
E01000379,551667.5,174167.5
E01000380,551709.1,175862.7
E01000381,548137.2,172500.0
E01000382,547312.0,172276.7
E01000383,548318.1,171250.0
E01000384,546851.2,171268.8
E01000385,548010.9,170997.6
E01000386,547233.8,170941.7
E01000387,547810.8,172592.7
E01000388,546559.5,175487.6
E01000389,547877.6,175300.4
E01000390,547789.7,174576.2
E01000391,546550.1,174781.7
E01000392,546866.2,175829.3
E01000393,547387.4,175799.2
E01000394,547984.0,175747.8
E01000395,545050.2,176045.8
E01000396,545110.8,175719.0
E01000398,545583.8,176754.4
E01000399,545518.9,176222.7
E01000400,545855.1,176383.5
E01000401,546385.2,176341.8
E01000402,549744.6,178294.0
E01000403,551458.2,177900.6
E01000404,551053.3,178460.1
E01000405,550628.6,178523.5
E01000406,550223.1,178320.1
E01000407,550541.6,177804.2
E01000408,550221.1,178929.4
E01000409,546155.8,175262.5
E01000410,545481.8,175263.8
E01000411,545936.4,174991.3
E01000412,545054.7,175265.7
E01000413,545748.5,174734.3
E01000414,546178.3,175853.0
E01000415,545747.3,175588.4
E01000416,547642.2,179332.7
E01000417,547748.3,178020.6
E01000418,547939.2,179055.3
E01000419,547841.1,177648.0
E01000420,548544.1,177744.9
E01000421,548350.1,177395.9
E01000422,547656.8,179530.9
E01000423,544628.9,172562.5
E01000424,545979.6,172362.3
E01000425,545220.3,172615.2
E01000426,545251.1,172206.0
E01000427,545508.0,171850.5
E01000428,545983.2,171552.6
E01000429,551920.4,177600.9
E01000430,552699.3,177278.8
E01000431,551753.2,177408.3
E01000433,551744.9,176647.9
E01000434,552527.3,176827.0
E01000435,551651.7,176327.5
E01000436,548799.9,177116.3
E01000437,549484.9,177456.8
E01000438,550066.9,177403.2
E01000439,550341.6,177282.3
E01000440,549368.8,177091.1
E01000441,549940.6,177012.9
E01000442,549126.4,177595.5
E01000443,547585.1,173175.4
E01000444,550469.0,173100.0
E01000445,548206.0,173228.4
E01000446,547768.2,173524.3
E01000447,549585.8,173691.2
E01000448,548750.9,173444.1
E01000449,549098.1,173846.7
E01000450,547321.4,177420.8
E01000451,547227.7,177080.4
E01000452,547641.0,176879.2
E01000453,547370.5,176562.7
E01000454,546916.7,176744.0
E01000455,546978.4,176211.2
E01000456,547438.3,176237.6
E01000457,546301.6,172002.1
E01000458,546842.9,172257.7
E01000459,546651.8,171772.3
E01000460,546127.4,173349.9
E01000461,547167.7,172923.5
E01000462,546268.0,172633.1
E01000463,545445.9,172991.7
E01000464,548075.5,179262.7
E01000465,548434.5,179360.1
E01000466,547946.7,179625.1
E01000467,547449.7,181130.3
E01000468,547863.5,181217.6
E01000469,547529.5,180747.4
E01000470,547574.5,179832.8
E01000471,518606.4,183433.5
E01000472,518134.3,183397.9
E01000473,518276.3,184071.6
E01000474,518529.3,184398.1
E01000475,517654.9,183910.7
E01000476,518688.0,183981.4
E01000477,519057.2,184055.2
E01000478,518360.6,183749.1
E01000479,520023.4,187038.2
E01000480,519288.4,186923.3
E01000481,519688.7,186896.0
E01000483,520315.3,186295.1
E01000484,518910.8,188024.9
E01000485,518547.6,187986.1
E01000486,518823.1,187400.2
E01000487,518578.4,187269.2
E01000488,522840.3,184268.5
E01000489,523180.1,184253.8
E01000490,524417.4,184338.1
E01000491,523989.0,184098.2
E01000492,523258.2,183906.7
E01000493,523137.6,183610.1
E01000494,523743.8,184547.9
E01000495,524203.2,184480.8
E01000497,523009.6,186490.0
E01000498,522025.4,186798.8
E01000499,522414.9,186742.9
E01000501,522463.1,186379.3
E01000502,521987.6,186237.1
E01000503,522818.3,186160.8
E01000504,523097.2,185199.3
E01000505,522740.7,185189.6
E01000506,521675.8,185190.7
E01000507,522420.7,185328.2
E01000508,521618.9,184686.2
E01000509,521397.4,186220.8
E01000510,521590.1,185973.7
E01000511,521655.7,185676.8
E01000512,522109.5,185382.0
E01000513,521154.9,188764.0
E01000514,520721.9,188761.8
E01000515,520177.2,188652.6
E01000516,520934.2,189148.1
E01000517,519503.1,188547.8
E01000518,520497.4,188323.4
E01000519,520365.1,187903.8
E01000520,520447.6,189024.2
E01000521,521200.8,183857.8
E01000522,521744.2,184005.3
E01000523,521549.7,183770.7
E01000524,521401.6,183474.3
E01000525,521333.1,183278.8
E01000526,521331.1,184539.3
E01000527,521490.6,184172.7
E01000528,521186.3,184238.6
E01000530,522786.4,183277.3
E01000531,522847.9,182984.8
E01000532,523044.9,182908.0
E01000533,521982.4,183564.8
E01000534,522443.3,183412.8
E01000535,522247.8,183215.4
E01000536,517190.2,188424.3
E01000538,517906.6,188233.0
E01000539,518191.0,187954.0
E01000540,517363.0,187919.6
E01000541,517588.8,188787.0
E01000543,518802.5,188599.4
E01000544,525183.8,182765.6
E01000545,524826.1,184209.5
E01000546,524721.2,184051.8
E01000547,524894.6,183862.7
E01000548,525167.9,183744.2
E01000549,524950.5,183597.2
E01000550,525327.2,183343.4
E01000551,524919.5,183171.1
E01000552,525259.6,182912.8
E01000553,523481.4,185862.4
E01000554,523190.6,185919.1
E01000555,523206.6,185530.2
E01000556,523808.1,185550.1
E01000557,523608.9,185503.8
E01000558,524047.7,185187.4
E01000559,523397.4,185112.9
E01000560,523719.8,184990.9
E01000561,524414.1,184830.0
E01000562,516137.3,186449.8
E01000563,516622.4,186589.7
E01000564,517375.4,186307.5
E01000565,516561.1,186132.4
E01000566,517192.8,186615.7
E01000567,516204.4,185965.1
E01000568,516555.1,187991.5
E01000569,516992.7,186955.7
E01000570,517937.5,185983.1
E01000571,518291.8,185936.1
E01000572,517365.2,187526.4
E01000573,517976.2,187237.0
E01000574,517533.9,187076.0
E01000575,518232.3,186796.5
E01000576,518616.0,186652.7
E01000577,518034.2,186343.9
E01000578,518903.5,186365.3
E01000579,523559.6,182780.6
E01000580,524360.2,183728.5
E01000581,523611.2,183489.4
E01000582,523930.5,183218.9
E01000583,524646.8,183360.4
E01000584,523311.1,183289.1
E01000585,523379.6,183014.4
E01000586,523814.0,182883.0
E01000587,519897.4,189755.5
E01000589,519258.6,189366.4
E01000590,519997.4,189444.1
E01000591,519346.1,188994.1
E01000592,520065.0,190196.5
E01000593,519570.7,190007.6
E01000594,519117.2,189746.6
E01000595,520882.2,184173.8
E01000596,520575.5,184474.8
E01000599,520755.8,183768.3
E01000601,521047.0,184855.9
E01000602,520435.6,185059.4
E01000603,520839.7,184969.6
E01000604,520288.7,184776.3
E01000605,520254.3,184304.4
E01000606,515832.1,185627.8
E01000607,517153.6,185485.5
E01000608,516704.1,185591.5
E01000609,516271.1,185473.7
E01000610,517633.5,185343.9
E01000611,516765.1,185169.7
E01000612,517206.9,184847.4
E01000613,517552.7,185992.8
E01000615,519561.0,186073.3
E01000616,518722.7,185518.0
E01000617,519255.7,185127.7
E01000618,519640.3,184893.3
E01000619,519917.3,185001.3
E01000620,519230.4,184716.7
E01000621,519666.6,184467.7
E01000622,520871.8,186629.0
E01000623,520366.5,187362.0
E01000624,520873.9,187460.0
E01000625,520457.0,186907.2
E01000626,520812.4,186368.5
E01000627,520951.0,186133.8
E01000628,521268.5,185706.9
E01000629,520708.0,187733.3
E01000630,518262.8,184930.0
E01000631,517757.7,184620.8
E01000632,518002.5,184299.0
E01000633,518001.7,184761.3
E01000634,517860.0,185408.1
E01000636,518821.1,185108.5
E01000637,522668.9,184888.0
E01000638,522158.9,184886.0
E01000639,522971.8,184839.7
E01000640,522380.0,184642.2
E01000641,522302.5,185013.4
E01000642,523222.6,184687.6
E01000643,522457.3,184131.2
E01000644,522676.7,184510.7
E01000645,542393.2,169728.5
E01000646,541293.9,169472.0
E01000647,541492.2,169095.6
E01000648,541813.0,168880.2
E01000649,543046.1,169010.5
E01000650,542797.3,168369.0
E01000651,542223.3,168420.9
E01000652,542674.7,167844.2
E01000653,541794.7,169955.6
E01000654,541462.9,158365.2
E01000655,541047.9,158202.9
E01000656,541363.7,159541.6
E01000657,541723.8,159101.5
E01000658,542133.8,159322.6
E01000659,541291.7,158853.7
E01000661,542110.7,167164.9
E01000662,542636.4,167449.9
E01000663,543454.5,167141.5
E01000664,543074.0,166759.9
E01000665,542437.7,166040.5
E01000666,541589.0,164555.7
E01000667,542444.7,165219.8
E01000668,541711.1,167946.5
E01000669,541933.1,167708.2
E01000670,540415.4,168291.4
E01000671,541152.1,168302.3
E01000672,539406.4,170306.5
E01000673,539142.3,169817.5
E01000674,539705.7,169881.1
E01000676,540132.8,169651.5
E01000677,539793.5,169072.6
E01000678,540898.9,168732.4
E01000679,541527.7,168364.7
E01000680,547313.7,162737.7
E01000681,545449.0,165221.1
E01000682,545227.5,164576.9
E01000683,545571.9,164880.1
E01000684,546163.8,164433.0
E01000685,546730.8,164258.8
E01000686,545771.4,164190.3
E01000687,545823.6,163599.3
E01000688,546413.7,163583.8
E01000689,544341.8,171832.4
E01000690,543914.7,171369.2
E01000691,543493.9,171364.0
E01000692,544038.5,171080.3
E01000693,544789.2,170118.0
E01000694,542732.2,170904.5
E01000695,543288.8,170674.1
E01000696,544145.9,170050.1
E01000697,543248.4,169719.4
E01000698,545681.2,168696.2
E01000699,535044.3,169286.7
E01000700,536003.1,169308.0
E01000701,535522.8,169290.9
E01000702,535931.1,169581.2
E01000703,536525.6,169387.1
E01000704,535106.4,168972.4
E01000705,534692.2,169031.8
E01000706,535675.8,168921.2
E01000707,536510.8,169040.8
E01000708,536227.9,168673.8
E01000709,536864.2,169729.6
E01000710,537246.6,170449.3
E01000711,537005.0,170191.8
E01000712,537803.8,169932.0
E01000713,538380.6,169876.6
E01000714,537375.9,169567.5
E01000715,538053.7,169459.9
E01000716,538474.5,169274.5
E01000717,538953.6,169142.5
E01000718,537480.7,170804.7
E01000719,547363.0,168490.7
E01000720,547856.6,168368.2
E01000721,547581.7,168103.0
E01000722,546648.5,167703.8
E01000723,547730.9,166750.5
E01000724,547452.1,167745.2
E01000725,546935.3,167220.6
E01000726,547324.3,167078.1
E01000727,546414.5,166916.1
E01000728,547593.1,168909.1
E01000729,546655.2,169499.9
E01000730,546593.7,168492.2
E01000731,546066.9,168452.8
E01000732,545836.1,167786.0
E01000733,546309.0,167976.9
E01000734,546028.6,167419.6
E01000735,546567.9,170171.1
E01000736,545852.9,169557.7
E01000737,546133.8,169407.1
E01000738,546934.6,169334.2
E01000739,546648.7,168928.5
E01000741,534045.9,170211.5
E01000742,534629.0,170299.9
E01000743,534720.6,169681.1
E01000744,534540.3,169285.1
E01000745,534806.9,171132.9
E01000746,533762.9,170459.3
E01000747,541371.7,161288.7
E01000748,542947.4,158364.4
E01000749,544981.8,162921.1
E01000750,544155.0,164663.4
E01000751,543637.5,164749.1
E01000752,544545.9,164449.3
E01000753,544096.6,165751.3
E01000754,545037.2,166253.3
E01000755,544663.1,166125.1
E01000756,543513.0,165487.9
E01000757,544597.5,165477.8
E01000758,545148.3,165436.7
E01000759,540069.0,164845.9
E01000760,539318.8,165092.7
E01000761,539612.4,164888.2
E01000762,540121.9,167590.2
E01000763,540349.9,167010.0
E01000764,539959.7,167068.8
E01000765,540562.5,166099.6
E01000766,539651.9,166472.9
E01000767,540158.3,166379.4
E01000768,539769.6,165829.4
E01000769,537075.0,167304.5
E01000770,537536.1,169022.3
E01000771,536793.3,168788.3
E01000772,538020.5,168956.0
E01000773,537004.5,168400.7
E01000774,536452.2,168346.6
E01000775,537734.9,167742.3
E01000777,536932.6,167814.1
E01000778,536329.0,167629.3
E01000779,541947.1,172861.0
E01000780,542273.7,172446.0
E01000781,542548.8,172131.4
E01000782,542118.3,171855.8
E01000783,542581.0,171748.5
E01000784,542953.8,171448.8
E01000785,542306.1,171556.0
E01000786,547580.1,165459.0
E01000787,547250.0,166621.7
E01000788,546568.0,166120.6
E01000789,547699.4,166204.0
E01000790,546052.9,165963.8
E01000791,546915.0,166120.8
E01000792,547536.1,165998.6
E01000793,546635.3,165499.0
E01000794,546299.3,165013.7
E01000795,546914.5,164715.6
E01000796,534994.2,170035.2
E01000797,536256.8,169897.4
E01000798,535317.9,170004.9
E01000799,535665.4,170054.1
E01000800,534950.4,169839.7
E01000801,535354.3,169566.8
E01000802,535304.0,170732.0
E01000803,535507.4,170961.7
E01000804,536140.4,170700.2
E01000805,535777.2,170424.3
E01000806,535286.9,170456.8
E01000807,544473.5,167817.4
E01000808,545220.8,166978.5
E01000809,543895.9,167284.8
E01000810,545017.7,167488.9
E01000811,544248.2,167223.3
E01000812,546010.6,166655.3
E01000813,544643.4,166870.4
E01000814,545542.6,166281.9
E01000815,544984.0,168011.0
E01000816,540476.6,171475.5
E01000818,541031.0,171419.6
E01000819,540488.0,170970.7
E01000820,540723.5,170381.6
E01000822,539985.3,170213.7
E01000823,540588.0,170059.7
E01000824,540129.9,169999.5
E01000825,540845.7,169682.9
E01000826,538721.6,167777.4
E01000827,539629.1,167973.8
E01000828,539172.8,168887.6
E01000829,539971.6,168601.4
E01000830,538681.6,168333.1
E01000831,539549.3,168528.0
E01000832,538550.9,166446.5
E01000833,539128.4,167388.9
E01000834,539295.7,166860.2
E01000835,537995.5,166157.2
E01000836,538918.3,166479.6
E01000837,537659.1,166307.1
E01000838,539092.2,165844.4
E01000839,537819.6,165644.0
E01000840,538522.9,165366.5
E01000841,538353.9,165783.1
E01000842,527165.1,184713.9
E01000843,527516.1,184757.8
E01000844,526924.3,184503.6
E01000845,527497.5,184507.7
E01000846,527348.6,184375.1
E01000847,527007.4,184292.0
E01000848,527054.0,184945.4
E01000849,527295.4,184984.9
E01000850,529681.9,181883.1
E01000851,529238.5,181981.4
E01000853,530206.5,182324.2
E01000855,530156.1,181962.6
E01000856,528952.8,184341.5
E01000857,527731.0,184148.8
E01000858,528562.3,184233.3
E01000859,528075.5,184073.7
E01000860,528057.0,183888.2
E01000861,529144.6,183961.1
E01000862,528496.7,183845.8
E01000863,528817.9,183797.7
E01000866,529094.4,184537.5
E01000867,529298.5,184297.9
E01000868,529948.0,184233.2
E01000869,529783.4,184788.1
E01000870,529242.1,184835.8
E01000871,524581.4,185460.0
E01000872,524235.8,185336.2
E01000873,524884.4,185284.7
E01000874,525394.3,185339.1
E01000875,524580.8,184992.2
E01000876,524798.0,184838.2
E01000877,525204.2,185501.0
E01000878,525397.2,185740.2
E01000879,526358.3,185406.9
E01000880,525941.4,185377.6
E01000881,526358.6,185067.1
E01000882,526756.6,184869.1
E01000883,526478.1,184700.4
E01000884,525398.0,186073.6
E01000885,525969.7,185912.7
E01000886,528048.2,185600.9
E01000887,527493.6,185571.8
E01000888,527783.9,185545.5
E01000889,528287.9,185411.5
E01000890,527920.4,185318.4
E01000891,528239.9,185216.1
E01000892,527620.2,185213.9
E01000893,527444.3,185864.5
E01000894,526665.6,185819.4
E01000895,526478.8,185778.3
E01000896,526891.5,185728.7
E01000897,526817.6,185317.0
E01000898,527347.3,185292.0
E01000899,526424.5,186182.8
E01000900,528154.9,184851.0
E01000901,528413.3,184936.9
E01000902,527924.9,184846.1
E01000903,527803.5,184971.9
E01000904,528471.1,184450.0
E01000905,528211.5,184662.3
E01000906,527939.6,184491.5
E01000907,528876.8,186677.2
E01000908,528589.3,186646.4
E01000909,528429.6,186367.9
E01000910,528663.9,186059.4
E01000911,528872.2,185995.2
E01000912,528468.1,185796.4
E01000913,528170.4,187056.6
E01000914,530703.1,181753.7
E01000915,530547.0,181915.6
E01000916,531260.0,181930.1
E01000917,531124.9,181938.1
E01000918,530251.6,181516.4
E01000919,530075.1,181228.5
E01000920,530756.1,182117.6
E01000921,529065.8,185615.2
E01000922,528795.0,184993.6
E01000923,529166.9,185401.4
E01000924,529415.7,185322.1
E01000925,529331.7,185116.7
E01000926,529654.8,185060.4
E01000927,528801.6,184709.9
E01000928,528852.8,185640.9
E01000929,525818.5,183688.6
E01000930,525597.5,183587.8
E01000931,525072.4,184211.7
E01000932,525292.3,184219.9
E01000933,525459.0,183910.7
E01000934,526190.6,183937.3
E01000935,525932.2,183908.8
E01000937,530367.4,182440.9
E01000938,530684.0,182817.6
E01000939,530440.1,182742.3
E01000941,530294.0,182646.5
E01000942,530126.5,182697.2
E01000943,530094.0,182545.8
E01000944,528929.9,182559.3
E01000946,528853.9,182593.6
E01000947,529142.3,183410.4
E01000948,528915.7,183466.0
E01000949,528917.5,182952.5
E01000951,529058.1,182747.9
E01000952,529454.2,183323.7
E01000954,529338.1,183117.1
E01000955,529586.0,182967.1
E01000956,529822.4,182827.5
E01000957,529519.7,184098.9
E01000958,529536.1,183746.6
E01000959,529287.3,183610.7
E01000960,526293.0,184521.9
E01000961,526496.0,184109.7
E01000962,526148.4,184293.4
E01000963,526739.5,184084.2
E01000964,525948.5,184553.8
E01000965,525569.6,184201.4
E01000966,525877.0,184190.6
E01000967,527332.8,183812.6
E01000968,525398.1,184433.1
E01000969,525589.6,185136.6
E01000970,525363.8,185025.0
E01000971,525133.2,185073.3
E01000972,525957.6,184957.4
E01000973,525374.2,184675.4
E01000974,524909.9,184671.0
E01000975,533074.6,166016.8
E01000976,533127.1,166379.5
E01000977,533976.1,166112.6
E01000978,533701.8,165987.9
E01000979,533424.3,165957.9
E01000980,533552.8,166996.4
E01000981,534035.6,166844.8
E01000982,533627.1,166731.7
E01000983,533980.9,166451.5
E01000984,533472.6,166472.6
E01000985,534937.1,166223.6
E01000986,534363.0,166122.3
E01000987,534680.9,166427.4
E01000989,535976.3,167384.1
E01000990,535126.0,167272.0
E01000991,535952.2,166915.4
E01000992,535100.2,166928.2
E01000993,534439.0,166627.1
E01000994,531499.0,168729.4
E01000995,531168.6,168496.4
E01000996,531586.3,168437.1
E01000997,531750.4,168219.4
E01000998,531977.3,168363.6
E01000999,531405.9,168175.3
E01001000,532164.6,168110.5
E01001001,532527.0,167888.0
E01001002,531768.9,167828.3
E01001003,532172.5,167791.1
E01001004,531979.3,167502.6
E01001005,531523.7,166673.3
E01001006,530444.4,166656.6
E01001007,530384.7,166988.2
E01001008,531088.2,166564.7
E01001009,531344.8,166794.2
E01001010,531266.7,166215.6
E01001011,531712.1,166494.8
E01001012,532090.4,166506.4
E01001013,531823.5,166184.5
E01001015,530395.5,158872.9
E01001016,530408.2,159488.2
E01001017,529616.7,158193.1
E01001018,531582.3,158008.7
E01001019,530587.1,158416.4
E01001020,531206.8,157678.1
E01001021,530979.4,157286.5
E01001022,531859.2,157497.2
E01001023,529961.9,159681.2
E01001024,529307.1,159572.6
E01001025,528624.1,159501.9
E01001026,528610.1,159158.5
E01001027,529071.3,158815.7
E01001028,529766.5,160899.3
E01001029,530765.6,161258.4
E01001030,530261.6,160548.6
E01001031,529669.8,160007.6
E01001032,533485.0,162705.2
E01001033,532301.9,162981.1
E01001034,532871.7,162908.2
E01001035,533100.9,164503.6
E01001036,533572.6,164181.2
E01001037,532662.0,164105.5
E01001038,533082.7,164074.9
E01001039,533161.0,163471.5
E01001040,532679.9,163651.2
E01001041,532427.0,163354.0
E01001042,532126.5,165269.2
E01001044,533306.8,164936.3
E01001046,533519.7,165396.7
E01001047,532684.7,164673.6
E01001049,534132.7,165409.7
E01001050,533367.7,165628.1
E01001051,537852.7,163716.3
E01001052,538097.3,163940.3
E01001053,538496.2,163107.6
E01001054,537751.5,163420.1
E01001055,538373.1,163568.9
E01001056,538273.9,163188.4
E01001057,537948.0,162968.5
E01001058,536701.7,162696.0
E01001059,536292.2,162569.5
E01001060,536845.6,162214.1
E01001061,536119.8,162930.0
E01001062,535452.1,165728.6
E01001063,535952.8,165558.8
E01001064,536266.7,163759.6
E01001065,536789.5,163070.1
E01001066,535703.7,162980.0
E01001067,531122.4,160068.4
E01001068,532690.8,159777.7
E01001069,531891.9,160090.6
E01001070,531559.5,159371.7
E01001071,533457.0,159157.0
E01001072,532207.4,158930.8
E01001073,531192.5,160991.4
E01001074,530890.4,160632.3
E01001075,532002.3,160462.9
E01001076,538714.6,162026.7
E01001077,538329.4,162511.9
E01001078,538047.8,162213.6
E01001079,539176.8,161867.9
E01001080,538411.1,161762.3
E01001081,538894.5,161436.4
E01001082,538760.8,162596.9
E01001083,531085.8,170150.6
E01001084,531419.6,170502.7
E01001085,530479.5,169746.0
E01001086,531211.1,168961.4
E01001087,530895.0,169405.9
E01001088,530143.6,169141.9
E01001089,530385.8,169325.3
E01001090,530691.7,169126.6
E01001091,530636.5,168719.3
E01001092,530894.1,162022.3
E01001093,531783.6,162320.5
E01001094,530027.1,161978.9
E01001095,532057.7,162327.8
E01001096,532205.5,161893.5
E01001097,531456.4,161653.9
E01001098,532033.5,161248.8
E01001099,531786.1,160852.8
E01001100,532590.4,162539.6
E01001101,533278.4,161175.4
E01001102,534018.0,161306.9
E01001103,534345.0,160669.9
E01001104,532800.4,160638.5
E01001105,534676.7,160134.3
E01001106,534914.0,159762.6
E01001107,533007.9,162185.9
E01001108,533754.2,161851.3
E01001109,532996.2,167038.5
E01001110,532468.0,166659.8
E01001111,533020.5,168186.4
E01001112,533418.8,167977.0
E01001113,533019.6,167781.6
E01001114,532712.3,167640.3
E01001115,532193.6,167006.9
E01001116,532674.0,167303.9
E01001118,532599.6,166887.2
E01001119,535867.5,162105.9
E01001120,535363.4,162333.3
E01001121,535558.3,161473.8
E01001122,534635.2,163481.3
E01001123,535038.5,163201.1
E01001124,534267.0,162368.7
E01001125,534975.2,162336.8
E01001126,535808.5,162466.6
E01001127,536940.8,165197.4
E01001128,537463.8,165229.3
E01001129,536589.1,165480.8
E01001130,537382.9,164903.4
E01001131,536470.2,167173.9
E01001132,536289.3,166489.0
E01001133,536469.3,165969.0
E01001134,535758.7,166215.1
E01001135,537222.7,165844.2
E01001136,533794.0,168307.1
E01001137,533297.8,170010.1
E01001138,533741.6,169934.6
E01001139,533440.4,168808.5
E01001140,533546.3,169413.1
E01001141,534082.0,169066.8
E01001142,533863.2,168826.9
E01001143,534485.2,168717.6
E01001144,533531.4,168482.9
E01001145,534253.0,168465.7
E01001146,532618.6,169121.8
E01001147,532074.1,169184.2
E01001148,532513.7,169376.1
E01001149,532878.5,169200.9
E01001150,533165.1,168908.6
E01001151,532030.3,168846.0
E01001152,532313.1,168740.6
E01001153,532639.4,168699.5
E01001154,532756.5,168391.8
E01001155,532499.6,168244.3
E01001156,532896.5,170183.8
E01001157,531828.4,169983.2
E01001158,532945.8,169604.3
E01001159,532322.1,170208.0
E01001160,532053.8,169628.6
E01001161,531471.9,169440.1
E01001162,532718.3,170692.2
E01001163,531986.0,170775.1
E01001164,533299.7,170580.1
E01001165,531339.8,165298.1
E01001166,531861.8,165229.4
E01001167,531144.0,164690.3
E01001168,531460.8,165068.6
E01001169,531647.5,164216.4
E01001170,532263.2,164521.3
E01001171,531932.1,164515.7
E01001172,531292.2,164187.9
E01001173,531981.6,163352.0
E01001174,530944.3,167809.6
E01001175,531549.3,167638.7
E01001176,531067.0,167538.4
E01001177,530535.4,167158.9
E01001178,531550.7,167371.7
E01001179,531074.9,167241.2
E01001180,530940.7,166979.9
E01001181,531471.7,167109.7
E01001182,530879.2,168430.7
E01001183,531215.6,167983.0
E01001184,530798.0,168142.0
E01001185,534453.8,167126.3
E01001186,534505.5,167536.5
E01001187,533927.2,167192.5
E01001188,534202.4,167808.1
E01001189,534892.1,167474.5
E01001190,534791.6,168434.2
E01001191,534277.8,168092.0
E01001192,534557.5,168214.6
E01001193,533957.6,167469.4
E01001194,534772.2,167788.8
E01001195,519811.3,181529.5
E01001196,520540.0,181181.0
E01001197,519752.4,180904.0
E01001198,520442.1,180969.2
E01001199,520115.9,180839.3
E01001200,520567.4,180474.7
E01001201,520355.2,180636.7
E01001202,520072.2,180315.3
E01001203,520431.8,180204.6
E01001204,516305.1,181485.7
E01001205,516105.5,181068.1
E01001206,515912.8,181525.2
E01001207,516439.7,180907.5
E01001208,516451.7,182056.5
E01001209,517033.1,182221.4
E01001210,515869.5,182275.6
E01001211,517247.2,181920.7
E01001212,516817.4,181816.0
E01001213,512669.3,180766.5
E01001214,513362.5,180874.2
E01001215,512872.8,180580.9
E01001216,513418.8,180541.8
E01001217,513666.1,181566.2
E01001218,514105.2,181247.9
E01001219,513773.3,181159.3
E01001220,514045.3,181060.9
E01001223,518014.4,181568.7
E01001224,516694.9,181377.0
E01001225,517834.6,181254.2
E01001226,517394.6,181483.7
E01001227,516969.3,181177.8
E01001228,517198.1,180924.3
E01001229,518115.4,179463.7
E01001230,517933.1,179963.7
E01001231,519022.1,179656.1
E01001232,518467.9,179751.0
E01001233,517806.1,179292.7
E01001234,518777.1,180646.1
E01001235,518404.7,180833.5
E01001236,518009.9,180401.7
E01001237,518221.5,180211.2
E01001239,521148.9,181837.1
E01001240,521370.8,181216.8
E01001241,521179.8,180951.9
E01001242,520902.0,180663.1
E01001243,521588.5,180454.3
E01001244,521335.7,180180.2
E01001245,521670.8,180007.0
E01001246,521043.4,182734.5
E01001247,520310.1,181839.5
E01001248,515827.6,179451.6
E01001249,516401.4,180478.1
E01001250,516026.3,180363.4
E01001251,515370.6,180308.0
E01001252,515583.8,180037.5
E01001253,515530.8,179606.8
E01001254,515234.4,179801.9
E01001255,516066.5,179715.0
E01001257,512636.9,182898.0
E01001258,513523.5,182818.5
E01001259,513718.2,182414.5
E01001260,514672.6,182584.4
E01001261,514351.7,182210.7
E01001262,513292.0,183165.2
E01001263,512945.3,183260.7
E01001264,513804.0,183119.1
E01001265,514121.6,183777.7
E01001266,515031.2,183464.9
E01001267,514610.6,183014.0
E01001268,514180.5,183004.9
E01001269,514996.2,184917.2
E01001270,514148.9,184606.1
E01001271,514502.1,184846.0
E01001272,514613.4,183797.3
E01001273,518903.4,181498.6
E01001274,519243.2,181510.2
E01001275,518427.7,181228.7
E01001276,519107.4,183062.3
E01001277,518334.0,182703.9
E01001278,518780.4,182367.4
E01001279,517889.8,182337.1
E01001280,518343.3,182066.4
E01001281,517535.9,182122.2
E01001282,515640.1,181906.5
E01001283,515246.4,181917.4
E01001284,514936.9,181772.2
E01001285,515365.9,181548.4
E01001286,515748.4,181277.6
E01001287,514986.5,181424.3
E01001288,515448.7,181057.3
E01001289,515750.7,180786.5
E01001290,515342.2,180688.3
E01001291,513432.1,182252.8
E01001292,513856.0,182009.8
E01001293,513369.2,182002.0
E01001294,512964.9,181918.6
E01001295,513132.5,181782.7
E01001296,513197.1,181418.8
E01001297,512723.8,181274.4
E01001298,513040.9,181090.1
E01001299,516398.7,179162.6
E01001300,517396.7,179072.1
E01001301,517733.1,178979.8
E01001302,517187.2,178793.9
E01001303,517307.1,179354.9
E01001304,517470.8,178613.7
E01001305,516278.2,179534.7
E01001306,516652.6,179396.7
E01001307,515470.4,184813.7
E01001308,516664.3,184782.8
E01001309,514430.8,185412.2
E01001310,514010.4,185381.3
E01001311,514787.3,185297.0
E01001312,515542.6,185270.4
E01001313,516257.1,185096.8
E01001314,515910.5,185017.4
E01001315,513998.3,184951.9
E01001316,513547.2,185202.7
E01001317,512704.0,184937.3
E01001318,513315.1,184934.2
E01001319,513785.2,184651.7
E01001320,512205.0,184597.0
E01001321,512529.5,184311.3
E01001322,513370.0,184349.8
E01001323,512955.7,184173.7
E01001324,512358.6,183589.2
E01001325,510622.7,183017.8
E01001326,512128.0,183745.5
E01001327,511474.6,183362.9
E01001328,511893.2,183249.8
E01001329,511160.5,183030.1
E01001330,511952.4,182703.0
E01001331,511516.3,182780.2
E01001332,512247.4,182659.5
E01001333,512677.1,179462.7
E01001334,513122.9,179172.3
E01001335,513326.5,178822.1
E01001336,513034.6,178561.0
E01001337,514654.1,180085.3
E01001338,513599.0,180176.7
E01001339,513519.8,179393.0
E01001340,514389.3,179931.6
E01001341,517106.1,183692.3
E01001342,517310.7,183889.0
E01001343,516785.1,183909.9
E01001344,516258.1,183546.9
E01001345,517474.2,183287.9
E01001346,515624.5,183306.9
E01001347,516896.6,183029.8
E01001348,515887.0,183062.2
E01001349,515190.3,182971.9
E01001350,519218.5,180754.8
E01001351,519898.7,180162.3
E01001352,519067.6,180416.0
E01001353,519653.8,179761.0
E01001354,519481.9,180120.6
E01001355,520363.3,179799.9
E01001356,519994.5,179849.5
E01001357,520082.1,179533.8
E01001358,519784.3,179465.8
E01001359,512209.2,180439.8
E01001360,512457.4,180236.5
E01001361,512845.5,180167.7
E01001362,512252.6,179988.3
E01001363,512044.8,180659.5
E01001364,512356.7,180836.9
E01001365,511965.4,180207.9
E01001366,511611.4,179336.4
E01001367,512232.1,179189.0
E01001368,511687.0,179167.4
E01001369,512576.9,179056.7
E01001370,511523.8,178914.7
E01001371,512044.8,178828.4
E01001372,512386.3,178807.2
E01001373,512049.2,179429.6
E01001374,520368.1,179267.5
E01001375,521030.1,179525.3
E01001376,520621.0,179584.6
E01001377,521000.7,179099.3
E01001379,520773.8,179287.9
E01001380,520185.6,178922.9
E01001381,521207.3,179912.2
E01001382,517027.3,179834.9
E01001383,516385.0,179933.2
E01001384,516697.4,179823.1
E01001385,516890.6,179472.7
E01001386,517575.3,179892.4
E01001387,517110.8,180215.3
E01001388,516806.9,180319.6
E01001389,516398.3,180200.5
E01001390,530009.3,191914.4
E01001391,530748.4,191925.5
E01001392,529617.0,191910.2
E01001393,530349.4,191890.0
E01001394,531287.7,191969.8
E01001395,531764.1,191904.3
E01001396,531056.0,191748.5
E01001397,531740.6,192287.4
E01001398,533484.5,195119.8
E01001399,533488.5,194664.0
E01001400,533096.8,194921.3
E01001401,533951.2,195283.2
E01001402,532431.0,194570.8
E01001403,532874.3,194299.9
E01001404,532553.8,193810.1
E01001405,533321.3,195655.5
E01001406,533772.6,195531.7
E01001407,534138.9,198296.8
E01001408,532531.0,197977.5
E01001409,534216.2,197726.4
E01001410,534162.8,197984.8
E01001411,532833.1,197866.1
E01001412,534004.3,199379.8
E01001413,532721.6,198365.7
E01001414,532137.7,198066.4
E01001415,528218.7,195840.3
E01001416,529930.2,195676.9
E01001417,527152.6,198193.7
E01001418,528833.2,195847.3
E01001419,529361.7,195704.6
E01001420,528890.3,195310.8
E01001421,529005.2,195018.9
E01001422,526302.8,197823.2
E01001423,533860.3,193539.4
E01001424,534138.3,193418.1
E01001425,534067.0,192856.4
E01001426,534641.5,192985.2
E01001427,534860.2,192485.0
E01001428,533850.6,193202.8
E01001429,534495.6,193484.4
E01001430,534335.3,192931.0
E01001431,534793.8,192729.9
E01001432,534371.6,192508.2
E01001433,536207.9,197847.8
E01001434,535969.8,197659.7
E01001435,535577.3,197780.2
E01001436,535623.6,197310.6
E01001437,536045.9,196761.5
E01001438,536082.9,197165.7
E01001439,535282.6,197416.7
E01001440,535053.3,196834.7
E01001441,535621.5,198166.3
E01001442,535723.5,198653.6
E01001444,536213.2,199470.3
E01001445,536871.5,198818.0
E01001446,535961.0,199082.7
E01001447,536306.7,198978.7
E01001448,536057.8,198640.2
E01001449,536516.5,198515.5
E01001450,532947.1,196157.3
E01001451,532685.7,195917.2
E01001452,532278.8,195195.0
E01001453,531190.3,195558.4
E01001454,531645.9,195419.0
E01001455,532768.9,195098.0
E01001456,531923.2,194902.4
E01001457,531970.0,196518.1
E01001458,533373.8,192497.5
E01001459,533922.3,194304.8
E01001460,534100.2,193858.9
E01001461,533519.1,193883.4
E01001462,533794.6,193962.1
E01001463,533070.8,193265.5
E01001464,533433.7,193302.3
E01001465,532861.2,192991.1
E01001466,533434.1,192842.3
E01001467,533169.4,192815.5
E01001468,531083.8,197967.8
E01001469,531723.2,197630.0
E01001470,530979.0,196807.8
E01001471,531427.2,197401.5
E01001472,531987.1,197015.8
E01001473,530702.1,196232.8
E01001474,531604.3,196866.0
E01001475,530050.3,196075.8
E01001476,535180.3,195154.6
E01001477,535585.4,194968.3
E01001478,534267.3,195122.6
E01001479,534732.4,194660.9
E01001480,534035.6,194599.5
E01001481,535514.8,194651.6
E01001482,535085.8,194592.1
E01001483,535608.8,194235.9
E01001484,534684.0,195244.0
E01001485,534681.4,193799.3
E01001486,535061.9,193411.8
E01001487,534847.0,194277.1
E01001488,534300.1,194269.8
E01001489,535085.3,194149.1
E01001491,534428.1,194058.5
E01001492,535043.2,193790.7
E01001493,531787.3,193409.7
E01001494,532212.1,193160.4
E01001495,531422.6,193120.8
E01001496,531840.2,192980.7
E01001497,532533.0,193123.5
E01001498,531214.9,192803.6
E01001499,532117.2,192672.2
E01001500,531376.3,192454.9
E01001501,530871.5,192383.1
E01001502,535461.2,195501.2
E01001503,534895.4,195520.2
E01001504,535648.4,196286.8
E01001505,535214.5,196380.7
E01001507,535356.3,196022.5
E01001508,534987.3,195815.3
E01001509,535747.7,195902.6
E01001511,534113.7,196083.9
E01001512,533344.0,196304.5
E01001513,534723.7,197019.5
E01001514,533747.9,195870.4
E01001515,534134.0,195722.4
E01001516,534600.2,197698.9
E01001517,535064.2,197638.7
E01001518,533621.0,196486.4
E01001520,529914.7,194564.9
E01001521,529781.2,193809.1
E01001522,530587.3,195813.8
E01001523,530680.4,195285.8
E01001524,529680.9,195085.3
E01001525,529393.1,194877.7
E01001526,530345.2,194926.0
E01001527,530428.3,192356.9
E01001528,529050.9,192147.1
E01001529,528883.2,192402.8
E01001530,529658.2,192211.2
E01001531,530510.5,193595.3
E01001532,530301.5,193359.8
E01001533,529706.9,193127.8
E01001534,529182.2,192707.5
E01001535,529988.3,192527.8
E01001536,532496.1,196986.3
E01001537,533647.8,198068.9
E01001538,533685.5,197561.7
E01001539,533328.4,197751.9
E01001540,532247.2,197606.3
E01001541,532638.2,197462.5
E01001542,533031.2,197346.2
E01001543,533510.6,197182.4
E01001544,533236.5,196877.8
E01001545,535085.0,199256.0
E01001546,535646.5,199322.1
E01001547,535421.5,198750.9
E01001548,535003.5,198791.4
E01001549,535232.2,198210.1
E01001550,534902.2,197994.8
E01001551,535121.6,199794.4
E01001552,535830.7,199734.2
E01001553,532909.7,191827.7
E01001554,533908.3,191991.1
E01001555,534197.6,192013.6
E01001556,532225.4,192117.8
E01001557,534525.6,191915.5
E01001558,534189.8,192249.4
E01001559,534795.5,192092.5
E01001560,532638.3,192283.0
E01001562,533085.0,192248.7
E01001563,531376.2,193555.5
E01001564,531535.1,194043.8
E01001565,530963.4,193427.1
E01001566,530804.0,193071.5
E01001567,531326.2,194901.8
E01001568,531052.1,194060.1
E01001569,531694.9,194446.3
E01001570,532033.9,193980.9
E01001571,546719.0,178698.1
E01001572,547086.2,178653.4
E01001573,546402.9,178496.3
E01001574,546797.7,178383.7
E01001575,547122.7,179785.4
E01001576,546506.7,179504.7
E01001577,546881.8,179335.2
E01001578,547037.8,179040.2
E01001579,546292.9,179024.2
E01001580,540098.4,177133.9
E01001581,540397.0,177447.5
E01001582,540768.5,176421.7
E01001583,540486.3,176841.3
E01001584,540094.2,176171.5
E01001585,539968.9,177878.1
E01001586,539939.3,177536.6
E01001587,539469.2,177696.1
E01001588,541959.6,178005.8
E01001589,541612.2,178408.0
E01001590,541066.7,178165.8
E01001591,541383.1,177992.9
E01001592,540734.6,177898.0
E01001593,540719.9,177488.8
E01001594,541084.8,177697.1
E01001595,541209.9,177367.9
E01001596,543704.8,171966.0
E01001597,542349.8,173021.9
E01001598,542774.9,172852.3
E01001599,543474.3,172423.8
E01001600,543804.2,172729.6
E01001601,544165.9,172523.0
E01001602,542925.6,172285.3
E01001603,543251.7,171860.8
E01001604,542747.6,175134.1
E01001605,543551.0,175675.2
E01001606,543263.2,175456.2
E01001607,542768.5,175431.8
E01001608,543413.4,174833.0
E01001609,542944.9,174699.3
E01001610,542908.2,176019.1
E01001611,542681.8,175853.8
E01001613,543499.2,174278.8
E01001614,544720.6,174799.2
E01001615,542694.4,174166.6
E01001617,543648.0,173407.1
E01001618,544793.3,173564.9
E01001619,544227.7,173214.7
E01001620,541927.3,174791.8
E01001621,542350.3,174731.8
E01001623,541441.5,175654.8
E01001624,542190.5,175721.3
E01001625,541956.3,175409.5
E01001629,544243.3,178792.0
E01001631,544679.7,178724.8
E01001632,544844.0,178409.5
E01001633,544230.0,178196.4
E01001634,544466.0,178501.1
E01001635,545162.7,178104.4
E01001636,544904.4,178172.2
E01001637,544535.1,178147.1
E01001638,537873.6,176422.9
E01001641,538198.8,177464.3
E01001642,538402.5,177036.2
E01001644,537816.9,176817.5
E01001645,541564.1,176521.4
E01001646,542257.4,176822.1
E01001647,541155.9,176478.5
E01001648,542281.6,176387.7
E01001649,541849.1,175959.8
E01001650,541625.1,177310.3
E01001651,541905.7,177105.4
E01001652,541163.0,177021.6
E01001653,541664.4,173868.2
E01001654,540886.1,173719.3
E01001655,541976.1,173653.1
E01001656,540342.6,175719.0
E01001657,539968.6,175233.1
E01001658,540563.0,174878.1
E01001659,540874.1,174523.2
E01001660,540906.9,174062.2
E01001661,541833.2,174193.5
E01001664,539177.6,177991.2
E01001665,539857.7,178288.1
E01001666,540852.7,178361.6
E01001669,546050.8,177827.2
E01001671,545392.5,177658.1
E01001672,545411.3,178761.3
E01001673,545254.2,178647.7
E01001674,545889.6,178681.6
E01001675,545219.6,178428.2
E01001676,546055.2,178343.3
E01001677,545666.3,178302.0
E01001678,545272.9,177181.6
E01001679,543468.8,176930.0
E01001680,543969.2,177006.5
E01001681,544080.0,177469.1
E01001682,543549.7,176645.7
E01001683,544757.6,177636.6
E01001684,544861.3,177190.0
E01001685,545190.1,177450.0
E01001686,543681.9,177291.9
E01001687,544917.1,179428.4
E01001688,546915.5,181017.0
E01001690,547095.1,180687.2
E01001692,546825.3,180626.7
E01001693,547062.1,180367.7
E01001694,546721.7,180217.4
E01001695,543942.2,178528.5
E01001696,543582.9,178549.4
E01001697,543651.3,178138.1
E01001698,543529.3,177738.2
E01001699,543358.8,178145.9
E01001700,543925.7,178074.6
E01001701,543198.0,177281.3
E01001702,543318.7,177643.0
E01001703,543870.7,177725.1
E01001704,544255.5,177700.1
E01001705,542890.4,178693.6
E01001708,542346.7,178381.7
E01001710,542631.0,178645.2
E01001712,542857.3,179107.9
E01001714,532113.4,187243.9
E01001715,531984.4,187078.3
E01001716,531779.3,186987.9
E01001717,532107.2,186837.7
E01001718,531753.6,186675.5
E01001719,532249.3,186575.6
E01001720,532065.2,186553.2
E01001722,534458.5,186748.3
E01001723,534000.6,186810.8
E01001724,533767.2,186893.4
E01001725,533948.3,187324.3
E01001726,533755.0,187296.4
E01001727,534225.7,187195.7
E01001728,534415.7,186986.3
E01001729,535794.7,185022.3
E01001730,535627.0,184876.8
E01001731,535162.5,184757.1
E01001732,535413.9,184658.7
E01001733,535820.2,185421.4
E01001734,535151.9,185426.7
E01001735,535325.6,185241.7
E01001736,533164.3,185922.8
E01001737,532725.5,186018.8
E01001738,532625.8,185769.6
E01001739,532885.2,185678.0
E01001740,533081.8,185556.4
E01001741,533192.0,186353.7
E01001742,532978.7,186222.7
E01001744,533912.5,184559.3
E01001745,533918.6,185569.9
E01001746,534171.5,185568.6
E01001747,533510.5,185352.5
E01001749,534172.4,184774.6
E01001750,533353.6,184079.1
E01001751,533051.6,184397.3
E01001753,533079.1,183898.5
E01001755,533234.8,183465.4
E01001756,533334.2,184610.2
E01001757,534779.7,185459.2
E01001758,534654.4,185265.7
E01001759,534255.5,185280.6
E01001760,534854.1,185102.9
E01001761,534363.8,185044.9
E01001762,534655.0,184791.5
E01001763,534514.9,184634.0
E01001764,534188.0,186213.5
E01001765,534326.5,186010.0
E01001767,534606.4,186429.6
E01001768,534376.2,186523.0
E01001769,534042.4,186418.2
E01001770,534688.2,186158.1
E01001772,533805.8,183858.6
E01001773,533656.3,183673.2
E01001774,533896.2,183395.1
E01001775,534330.9,183518.4
E01001776,533655.7,183427.4
E01001777,533474.2,183118.0
E01001780,532976.7,182748.7
E01001781,532893.7,183246.0
E01001783,532656.1,183147.3
E01001784,533171.6,183075.2
E01001785,536120.5,185340.5
E01001786,536502.1,185429.1
E01001787,535837.2,186076.1
E01001788,536103.1,185874.4
E01001789,535751.7,185818.1
E01001790,536424.3,185601.5
E01001791,536037.8,185654.0
E01001792,535020.9,186291.1
E01001793,535396.6,185994.8
E01001794,535099.0,185970.0
E01001795,535293.2,185672.8
E01001796,535536.1,185639.4
E01001798,534909.6,186640.1
E01001799,533313.7,187395.6
E01001800,533555.4,187274.7
E01001801,532902.4,186995.2
E01001802,533141.2,187166.4
E01001803,532573.8,186819.1
E01001804,532763.3,187198.0
E01001805,533509.7,186891.5
E01001806,533022.9,186637.3
E01001807,533134.3,187847.6
E01001808,533667.9,187663.5
E01001809,533442.5,187745.9
E01001811,532777.3,187830.5
E01001812,533087.9,187570.6
E01001813,532164.3,187697.4
E01001814,533804.5,188007.1
E01001815,534351.7,184039.2
E01001816,534334.2,184326.2
E01001819,533986.6,184241.1
E01001820,534074.8,183826.4
E01001821,534306.0,183723.3
E01001822,534723.0,186927.9
E01001823,534386.2,188115.3
E01001824,534360.3,187487.8
E01001825,534159.0,188012.6
E01001826,534039.1,187583.4
E01001827,534704.9,187224.9
E01001828,534960.7,187131.2
E01001829,533412.0,186381.8
E01001830,533494.6,186023.1
E01001831,533684.4,186485.5
E01001832,533785.3,186118.0
E01001833,533857.9,185814.4
E01001834,533520.3,185742.9
E01001835,533396.0,185596.4
E01001836,535633.8,183847.5
E01001837,535066.2,183720.0
E01001838,535240.0,184437.8
E01001839,535044.0,184118.6
E01001840,535343.5,184228.1
E01001841,535807.3,184108.5
E01001842,535118.2,183921.8
E01001843,535412.3,183984.6
E01001844,535661.8,184511.1
E01001845,536039.4,184463.7
E01001846,536861.9,184971.5
E01001847,536256.4,185011.6
E01001848,536196.4,184797.0
E01001849,536783.0,184735.3
E01001850,535937.9,184713.2
E01001851,523744.5,179274.9
E01001852,523873.5,179603.7
E01001853,523341.8,179414.8
E01001854,523610.5,179555.6
E01001855,524086.4,179340.1
E01001856,523503.2,179213.5
E01001857,523593.8,179777.2
E01001858,522467.8,179518.3
E01001859,521394.4,179665.8
E01001860,522186.7,179974.2
E01001861,521951.2,179955.8
E01001862,522645.6,179744.9
E01001863,522337.6,179671.0
E01001864,522175.8,179761.5
E01001865,521795.0,179711.6
E01001866,524379.0,178799.1
E01001867,523761.3,178703.3
E01001868,524544.6,178688.7
E01001869,523802.9,178967.2
E01001870,524674.0,178556.9
E01001871,524151.3,178653.0
E01001872,524331.8,178504.5
E01001873,524064.4,179142.0
E01001875,521821.6,181117.2
E01001876,522478.5,181134.5
E01001877,522577.7,182839.3
E01001878,521694.5,181392.6
E01001879,524551.4,177455.1
E01001880,525401.6,177443.7
E01001881,525069.3,177430.4
E01001882,524819.5,177304.6
E01001883,525311.2,177789.1
E01001884,525038.9,177718.1
E01001885,524773.0,177612.0
E01001886,524196.8,177589.9
E01001887,523880.4,177642.2
E01001888,523542.8,177521.6
E01001889,523825.9,178148.5
E01001890,523873.8,177840.8
E01001891,523469.6,177867.2
E01001892,524161.1,177908.6
E01001893,523190.7,178215.0
E01001894,522830.2,178480.9
E01001895,522852.3,179318.7
E01001896,523105.3,179426.9
E01001897,522989.7,179164.7
E01001898,523170.9,178864.9
E01001899,522998.0,178623.0
E01001900,523478.3,178251.2
E01001901,524616.2,177086.9
E01001902,524381.1,177128.4
E01001903,524275.1,177334.3
E01001904,524116.5,177108.2
E01001905,524204.1,176798.2
E01001906,524321.6,176659.4
E01001907,524369.3,176469.5
E01001908,524535.3,178136.5
E01001909,524618.4,177936.8
E01001910,524281.1,178241.3
E01001911,524793.6,178116.7
E01001912,524932.4,177979.2
E01001913,524403.2,177867.1
E01001914,524550.4,178271.5
E01001915,524033.3,176463.2
E01001916,524627.4,175846.9
E01001917,523572.6,177251.8
E01001918,523807.3,176989.7
E01001919,523650.2,176816.1
E01001920,525685.3,177229.3
E01001921,525658.7,177064.5
E01001922,525257.7,176644.7
E01001923,525751.7,176826.3
E01001924,525553.8,176594.1
E01001925,525384.6,176331.8
E01001926,524859.3,176227.7
E01001927,521782.5,179359.6
E01001928,522575.9,179126.0
E01001929,522732.9,178967.3
E01001930,522056.6,179166.3
E01001931,522125.2,178768.1
E01001932,522421.9,178526.5
E01001933,522095.7,178482.3
E01001934,525298.7,175904.5
E01001935,525901.6,176265.0
E01001937,525695.5,176104.1
E01001938,525831.5,175828.1
E01001940,522927.9,179698.8
E01001941,523180.0,179806.3
E01001942,522802.6,179967.8
E01001943,523423.6,180062.7
E01001944,523843.7,180293.8
E01001945,522816.0,180229.7
E01001946,523030.0,180358.3
E01001947,525124.5,176990.9
E01001948,524858.1,176653.7
E01001949,524612.5,176808.7
E01001950,524891.9,176924.5
E01001951,524724.4,176450.6
E01001952,524490.1,176230.2
E01001953,525151.0,177144.4
E01001954,522293.0,180271.6
E01001955,522467.0,180642.1
E01001956,522039.4,180376.8
E01001957,522883.6,180846.3
E01001958,522653.6,180894.0
E01001959,521895.0,180769.8
E01001960,522505.1,180296.3
E01001961,522747.5,180691.8
E01001962,529546.6,190938.3
E01001963,528826.6,190546.3
E01001964,529952.7,190555.9
E01001965,529723.4,190715.6
E01001966,529315.9,190388.4
E01001967,529070.8,190082.1
E01001968,528748.7,190190.7
E01001969,530628.6,191248.8
E01001970,530019.6,191167.0
E01001971,530687.6,190970.8
E01001972,530362.8,190836.0
E01001973,529596.2,191575.3
E01001974,530255.1,191473.7
E01001975,530697.8,191531.3
E01001976,533424.8,190247.6
E01001977,533244.5,190364.4
E01001978,533693.5,190463.0
E01001979,533651.4,189979.5
E01001980,533045.8,189879.8
E01001981,533490.8,189795.3
E01001982,533223.9,189751.5
E01001983,532864.7,189657.2
E01001984,529704.0,187905.0
E01001985,529731.3,188255.6
E01001986,530543.9,188194.0
E01001987,529043.7,188111.8
E01001988,530254.3,188134.9
E01001989,529728.9,188527.2
E01001990,530181.6,188484.3
E01001991,528401.1,189731.5
E01001992,527757.1,189625.7
E01001993,528074.6,189448.4
E01001994,527661.4,188741.8
E01001995,527870.4,190659.7
E01001996,528354.7,190265.9
E01001997,528630.1,189958.3
E01001998,531299.1,189308.4
E01001999,531669.2,188774.0
E01002000,531424.0,188673.7
E01002001,531613.0,188336.8
E01002002,531672.0,188076.3
E01002003,531243.6,189475.5
E01002004,531500.9,189078.1
E01002005,529045.2,187732.4
E01002006,529205.0,187599.2
E01002007,528603.4,187919.3
E01002008,528040.8,187732.4
E01002009,528833.0,187480.2
E01002010,527968.2,188228.8
E01002011,528333.8,188223.1
E01002013,529993.3,189411.0
E01002014,530610.8,189171.0
E01002015,530245.1,189062.9
E01002016,530711.5,188842.2
E01002017,530372.7,188761.4
E01002018,530081.8,189626.9
E01002019,529445.8,189091.4
E01002020,529050.8,189459.4
E01002021,529714.8,189323.1
E01002022,528519.4,189387.3
E01002023,528766.7,189255.0
E01002024,529880.0,188829.0
E01002025,528782.2,188917.7
E01002026,531292.3,190063.8
E01002027,531668.4,190105.6
E01002028,531939.1,190351.5
E01002029,530910.7,190287.5
E01002030,530994.8,189763.4
E01002031,531316.4,189728.0
E01002032,531676.7,190499.5
E01002033,531449.2,190350.5
E01002034,533898.6,191553.9
E01002036,534239.3,191502.8
E01002037,534702.3,191349.5
E01002038,534005.1,190943.0
E01002039,534642.4,191184.3
E01002040,534455.5,190910.2
E01002041,533660.4,190924.8
E01002042,532109.7,188761.3
E01002043,532307.1,189006.5
E01002044,531887.6,188628.7
E01002045,532786.7,188810.4
E01002046,533008.1,188635.1
E01002047,532005.4,188386.5
E01002048,531976.2,189079.1
E01002049,532615.0,189051.6
E01002050,533934.2,188424.5
E01002051,533686.8,188438.0
E01002052,534197.3,188391.2
E01002053,533346.0,188213.9
E01002054,532991.2,188335.6
E01002055,533746.0,188214.7
E01002056,532843.8,188127.8
E01002057,532462.1,188242.1
E01002058,532100.0,187972.0
E01002059,531018.6,188420.7
E01002060,530764.3,188318.0
E01002061,531217.2,188038.6
E01002062,530797.5,187822.4
E01002063,531179.3,187711.7
E01002064,530968.0,187452.4
E01002065,531200.9,187276.0
E01002066,533879.9,189425.5
E01002067,532948.7,189368.0
E01002068,534118.3,189248.6
E01002069,533429.5,189170.1
E01002070,533082.8,189155.3
E01002071,534006.6,189068.9
E01002072,533687.1,188770.8
E01002073,533285.4,188834.5
E01002074,534143.7,190718.5
E01002075,534653.8,190691.5
E01002076,534453.7,190420.4
E01002077,533971.9,190216.7
E01002078,534708.0,189216.9
E01002079,534217.6,190296.2
E01002081,533966.5,189752.6
E01002082,532938.8,190368.5
E01002083,531934.5,189920.8
E01002084,532209.1,189649.2
E01002085,531733.7,189584.4
E01002086,532673.0,189614.9
E01002087,532043.4,189373.5
E01002088,532183.7,190257.0
E01002089,532988.5,190174.9
E01002090,532208.8,191602.9
E01002091,532836.9,191449.1
E01002092,533310.3,191433.7
E01002093,532415.5,191288.3
E01002094,532899.8,190856.9
E01002095,532996.9,190635.2
E01002096,532486.7,190950.5
E01002097,532429.6,190661.4
E01002098,530675.5,190525.4
E01002099,531292.9,190762.0
E01002100,532091.5,190724.8
E01002101,531240.6,191509.5
E01002102,531048.1,191329.1
E01002103,531604.3,190828.9
E01002104,531933.8,190961.5
E01002105,531060.3,190653.8
E01002106,516314.5,190677.9
E01002107,517740.4,190517.7
E01002108,517080.5,190591.4
E01002109,517174.0,191448.7
E01002110,517432.4,190804.1
E01002111,516782.8,190635.6
E01002112,517957.6,192740.8
E01002113,518246.6,192307.7
E01002114,517297.6,192455.7
E01002115,517683.5,192044.8
E01002116,518776.5,191890.5
E01002118,518950.1,191518.6
E01002119,519291.9,191242.4
E01002120,518676.0,191133.7
E01002121,518912.8,190711.3
E01002122,519477.0,190779.4
E01002123,519745.7,190621.3
E01002124,519128.1,190416.0
E01002125,519533.5,190252.8
E01002127,516306.3,188328.4
E01002128,515160.1,188483.1
E01002129,515150.9,188097.6
E01002130,515681.6,188793.8
E01002131,516129.1,188718.8
E01002132,514902.2,186857.0
E01002133,514489.7,186640.1
E01002134,515305.3,186359.6
E01002135,515431.1,185768.8
E01002136,514258.3,187216.9
E01002137,515293.0,187240.8
E01002138,514049.0,187018.7
E01002139,514250.8,191011.0
E01002140,514668.6,190998.2
E01002141,515610.0,190963.3
E01002142,515157.9,191063.2
E01002143,514465.8,190609.2
E01002144,514619.2,191573.9
E01002145,515553.2,191473.7
E01002146,512595.5,191617.3
E01002147,513246.2,191759.3
E01002148,513633.8,191402.9
E01002149,512083.1,191174.6
E01002150,512950.0,191174.7
E01002151,514011.1,190716.6
E01002152,512374.0,190844.0
E01002153,513101.7,188287.8
E01002155,513195.8,189607.1
E01002156,513592.2,189458.9
E01002157,513433.1,188749.8
E01002158,512943.3,188873.7
E01002159,514213.1,188657.7
E01002160,514496.7,188326.1
E01002161,513769.8,188808.7
E01002162,514515.7,189472.1
E01002163,514205.7,189189.2
E01002164,514673.5,188901.7
E01002165,518794.7,189008.3
E01002166,518360.2,189270.3
E01002167,518018.1,189443.4
E01002168,517859.4,189655.5
E01002169,518731.0,189377.1
E01002170,517445.6,189469.1
E01002171,518036.8,189100.9
E01002172,516330.1,189391.6
E01002173,516765.8,189270.6
E01002174,517080.6,189403.3
E01002175,517433.0,189060.1
E01002176,516795.7,188719.1
E01002177,516634.0,190225.1
E01002178,516604.1,189830.0
E01002179,515360.1,189608.5
E01002181,514893.4,189170.9
E01002182,515335.1,188932.5
E01002183,515769.6,190002.5
E01002184,516000.7,189902.7
E01002185,511028.5,190316.9
E01002186,511311.6,190041.7
E01002187,511649.5,190453.9
E01002188,512250.1,190148.2
E01002189,512517.4,189544.6
E01002190,511243.1,190879.0
E01002191,512079.7,187881.8
E01002192,511546.1,189551.0
E01002193,512311.9,189024.2
E01002194,511809.7,188919.4
E01002195,512403.5,188508.0
E01002196,511881.0,188387.8
E01002197,517299.0,190075.5
E01002198,518976.2,190099.4
E01002199,517301.3,189794.6
E01002200,518569.4,190210.9
E01002201,517836.5,190006.3
E01002202,518367.9,189904.8
E01002203,518157.3,190388.4
E01002204,512883.0,187083.7
E01002206,513219.0,187133.6
E01002207,512368.5,186510.9
E01002208,512599.7,188059.8
E01002209,512903.0,187757.5
E01002210,512522.6,187284.4
E01002211,513498.8,186651.5
E01002212,513263.2,186397.5
E01002214,512505.0,186069.6
E01002215,512815.5,186118.1
E01002216,512685.3,186572.0
E01002217,513578.0,186998.4
E01002218,513744.2,186144.7
E01002219,514188.0,186159.5
E01002220,513170.2,185920.6
E01002221,513888.5,185752.3
E01002222,513293.7,185547.3
E01002223,512663.1,185617.1
E01002224,512834.9,185280.2
E01002225,516193.0,192975.0
E01002226,516877.7,192357.7
E01002227,515762.8,192076.7
E01002228,516409.1,191932.6
E01002229,517093.9,191852.8
E01002230,515962.1,191423.3
E01002231,515899.6,190491.6
E01002232,514926.5,190544.0
E01002233,515349.4,190204.0
E01002234,514703.9,190251.8
E01002235,515592.0,190328.3
E01002236,515154.7,189972.9
E01002237,514669.3,187939.3
E01002238,514188.2,188023.9
E01002239,513389.2,187713.0
E01002240,514575.9,187722.6
E01002241,513607.6,187347.3
E01002242,513638.1,188242.8
E01002243,550716.2,189170.9
E01002244,550365.4,188814.0
E01002245,550467.8,189146.4
E01002246,549915.1,188303.0
E01002247,550372.7,188307.7
E01002248,550741.3,187545.4
E01002250,549363.7,187816.6
E01002251,550207.2,187282.0
E01002252,557823.2,187882.8
E01002253,556673.9,188193.9
E01002254,556993.3,187455.0
E01002255,555281.2,187165.5
E01002256,557563.8,187400.2
E01002257,556261.7,187153.1
E01002258,557400.0,187941.3
E01002259,557215.1,188295.9
E01002260,551998.2,185648.7
E01002261,552337.2,185776.2
E01002262,552259.2,185365.3
E01002263,552873.4,184615.8
E01002264,552576.8,185016.2
E01002265,553131.0,184994.1
E01002266,552067.9,184842.4
E01002267,552409.1,184602.2
E01002268,554669.8,189697.3
E01002269,555132.4,188969.4
E01002270,554129.8,188607.7
E01002271,554758.4,188623.1
E01002272,553084.2,188482.8
E01002273,555158.1,187910.3
E01002274,553544.7,188255.5
E01002275,554604.1,187681.4
E01002276,553905.4,192895.9
E01002277,555382.3,191990.8
E01002278,554206.3,192569.3
E01002279,554979.2,192391.1
E01002280,553567.0,192350.5
E01002281,554654.1,192082.0
E01002282,553843.6,192058.0
E01002283,555147.6,191678.9
E01002284,553846.3,191797.6
E01002285,553876.5,185725.7
E01002286,553225.7,185583.4
E01002287,552878.0,185572.1
E01002288,553481.1,185274.9
E01002289,554860.6,186465.8
E01002290,554206.7,186073.1
E01002291,553747.1,186210.7
E01002292,554745.4,186082.0
E01002294,554998.5,190379.7
E01002295,554307.7,190209.9
E01002296,555816.2,191536.7
E01002297,554229.4,191458.5
E01002298,555101.4,191142.2
E01002299,554591.2,191454.2
E01002300,554673.8,190901.6
E01002301,550260.7,191666.9
E01002302,549783.1,191552.6
E01002303,550853.2,191508.1
E01002304,550908.1,192179.2
E01002305,549623.1,192154.1
E01002306,550485.3,191945.2
E01002307,550167.4,192124.6
E01002308,549448.7,191674.2
E01002309,552968.3,191161.9
E01002310,553487.4,190828.8
E01002311,552887.7,190908.3
E01002312,553524.7,192730.4
E01002313,553138.9,192347.8
E01002314,553372.7,191754.4
E01002315,553069.8,191451.9
E01002316,553484.3,191362.3
E01002317,552814.5,188040.3
E01002318,553270.4,187673.9
E01002319,552090.7,187517.2
E01002320,552547.6,187647.2
E01002321,552733.6,187307.6
E01002322,551970.9,186664.2
E01002323,551823.1,187075.0
E01002324,552462.6,186871.6
E01002325,549565.4,190437.9
E01002326,549765.5,190903.7
E01002327,550030.1,190580.5
E01002328,550108.9,190048.2
E01002329,549902.8,189630.3
E01002330,549648.3,189496.1
E01002331,549392.7,191231.3
E01002332,550407.5,191082.3
E01002333,551060.5,190987.0
E01002334,551531.2,190492.0
E01002335,550451.5,190432.9
E01002336,550907.1,190523.2
E01002337,552402.3,190051.3
E01002338,550591.6,190129.2
E01002339,551325.7,189881.3
E01002340,550883.2,189707.9
E01002341,551233.5,191382.6
E01002342,552859.8,182393.8
E01002343,553265.8,182827.5
E01002344,553299.3,182310.3
E01002345,552349.0,182147.7
E01002346,552616.6,182025.3
E01002347,552861.5,181646.5
E01002348,553927.2,183007.3
E01002349,553590.1,183231.4
E01002350,551627.4,188043.1
E01002351,552062.8,187962.0
E01002352,552293.4,188492.1
E01002353,551266.7,189296.1
E01002354,552248.2,189475.0
E01002355,552368.3,189167.4
E01002356,551134.9,188457.7
E01002358,551851.9,188407.3
E01002359,554258.2,187456.3
E01002360,554342.2,186797.8
E01002361,553770.0,187041.2
E01002362,554841.1,186940.8
E01002363,553279.5,186665.9
E01002364,553708.5,186599.1
E01002365,552677.3,186032.5
E01002366,553026.0,186157.5
E01002367,553752.3,187685.0
E01002368,550610.7,183239.7
E01002369,551181.9,183083.2
E01002370,551840.4,182864.1
E01002371,551637.3,183269.3
E01002372,552344.8,184172.3
E01002373,551821.0,183853.8
E01002374,552203.0,183756.7
E01002375,551511.7,183964.3
E01002376,553087.8,189738.6
E01002377,553818.3,189731.3
E01002378,554301.3,189536.8
E01002379,552960.9,189238.0
E01002380,553425.9,189439.4
E01002381,553482.8,188778.7
E01002382,552656.2,188772.8
E01002383,553448.8,190179.2
E01002384,556574.5,186681.4
E01002385,556347.5,185272.6
E01002386,555669.1,186599.3
E01002387,556382.7,186210.1
E01002388,556120.8,185684.8
E01002389,555530.7,185597.5
E01002390,555633.8,185965.5
E01002391,557596.3,186879.5
E01002392,510551.4,182597.5
E01002393,510946.1,182332.5
E01002394,510396.2,181750.7
E01002395,510865.2,181739.9
E01002396,510928.4,181237.1
E01002397,509831.1,181682.0
E01002398,510144.9,181579.2
E01002399,510626.3,181456.0
E01002400,508176.3,181408.8
E01002401,508888.5,181563.6
E01002402,508463.7,181417.5
E01002403,508698.7,181176.4
E01002404,509067.6,180932.4
E01002405,509080.4,180671.9
E01002408,507663.3,182005.5
E01002409,508038.0,181850.1
E01002410,507447.5,182427.3
E01002411,505816.4,181819.2
E01002412,506873.8,182063.2
E01002413,505707.7,181346.5
E01002414,506203.1,182660.8
E01002415,511029.5,186221.9
E01002416,511361.4,186248.2
E01002417,510826.0,187527.5
E01002418,511703.6,187327.0
E01002419,511305.5,187290.5
E01002420,510815.0,187002.5
E01002421,511466.3,186706.2
E01002422,509491.7,182496.3
E01002423,508696.6,182128.7
E01002424,509890.1,182427.5
E01002425,509277.5,182844.8
E01002426,509651.8,181994.7
E01002427,509301.5,182021.3
E01002428,509462.3,183114.6
E01002429,508529.6,183135.3
E01002430,509599.3,188210.2
E01002431,511436.4,188006.1
E01002432,510949.8,187993.2
E01002433,510582.6,188303.5
E01002434,509004.1,188069.0
E01002435,509835.8,187741.2
E01002436,510241.4,188627.5
E01002437,511215.4,188607.1
E01002438,504343.2,191176.4
E01002439,505286.2,190729.4
E01002440,505840.6,190611.3
E01002441,505180.4,190130.1
E01002442,505106.8,189143.7
E01002443,509673.7,177109.1
E01002444,505688.1,177308.5
E01002445,506559.2,178769.8
E01002446,507038.4,178085.1
E01002447,507742.6,177215.0
E01002448,508737.0,177737.3
E01002449,508609.1,177232.8
E01002450,508343.2,184229.3
E01002451,507811.5,184220.0
E01002452,507924.6,184518.6
E01002453,507896.0,183734.5
E01002454,508276.1,183863.3
E01002455,508048.0,182442.1
E01002456,507601.0,183198.9
E01002457,507780.8,182742.3
E01002458,507223.6,186371.7
E01002459,507492.5,186724.1
E01002460,507857.1,185996.2
E01002461,506400.0,185859.3
E01002462,506879.5,186037.9
E01002463,507503.7,185370.6
E01002464,508350.5,185692.0
E01002465,509849.0,186351.9
E01002466,510612.4,186316.1
E01002467,509511.1,186594.2
E01002468,510455.1,186633.7
E01002469,510099.1,186669.0
E01002470,509936.9,187247.3
E01002471,510377.6,187173.4
E01002472,508949.3,191268.8
E01002473,507997.9,190863.8
E01002474,509594.6,190822.9
E01002475,508199.0,191770.7
E01002476,508790.3,191896.0
E01002477,509602.9,191828.7
E01002478,509523.6,191280.9
E01002479,509864.1,189607.6
E01002480,510867.0,189642.4
E01002481,510340.3,189268.0
E01002482,510204.7,191333.3
E01002483,510518.8,190368.2
E01002484,509985.2,190892.4
E01002485,510102.5,190313.4
E01002486,508252.4,179267.4
E01002487,508662.5,179353.6
E01002488,508842.1,179075.0
E01002489,509572.9,178943.9
E01002490,509044.1,178749.8
E01002491,509829.5,178624.6
E01002492,510146.3,178641.2
E01002493,509471.9,178557.7
E01002494,509811.3,185804.1
E01002495,510616.8,185688.7
E01002496,512130.8,185742.4
E01002497,511110.5,185336.9
E01002498,511510.7,185869.3
E01002499,510952.1,184857.8
E01002501,510462.1,180622.0
E01002502,509956.1,180703.8
E01002503,510166.6,180311.2
E01002505,510710.9,180398.7
E01002506,509994.5,179853.8
E01002507,510440.1,179981.4
E01002508,510179.3,181103.6
E01002509,507078.7,183372.7
E01002511,507218.2,183100.9
E01002512,505929.3,184857.0
E01002513,507321.7,184637.2
E01002514,505496.2,184662.0
E01002516,507268.7,184115.9
E01002518,505601.4,182185.8
E01002519,505326.1,181596.6
E01002520,504925.7,183486.4
E01002521,505306.8,184024.7
E01002523,505231.6,183458.2
E01002525,506057.4,179409.9
E01002526,506896.2,179505.1
E01002527,505581.0,179157.1
E01002528,506955.0,179068.4
E01002529,506292.1,179873.7
E01002530,506106.8,178636.0
E01002531,505718.8,179894.0
E01002533,508021.0,188005.9
E01002534,508538.2,187463.5
E01002535,509336.9,187198.2
E01002536,508776.2,186786.8
E01002537,508318.3,186609.7
E01002538,508323.6,188559.5
E01002539,508566.1,187962.0
E01002540,511643.5,182418.2
E01002541,512196.6,182257.9
E01002542,511317.5,182224.9
E01002543,511571.0,182026.7
E01002544,512044.5,181411.0
E01002545,511713.9,181489.3
E01002546,511326.3,181094.8
E01002547,511773.6,180850.8
E01002548,506591.4,180432.2
E01002549,507707.9,181277.2
E01002550,506337.8,181245.5
E01002551,506880.7,181465.1
E01002552,506405.8,180792.4
E01002553,506681.2,181049.5
E01002555,508963.7,174469.0
E01002556,509449.2,174129.3
E01002557,508534.0,173930.0
E01002558,508942.8,173928.0
E01002559,508369.7,173344.0
E01002560,509353.1,173587.4
E01002561,509100.3,173313.0
E01002562,518243.9,178807.3
E01002563,516928.7,178439.0
E01002564,517813.2,178552.3
E01002565,517565.5,178214.3
E01002567,517877.2,177838.8
E01002569,521364.3,178061.1
E01002570,521365.7,178476.5
E01002571,521437.7,177519.9
E01002572,521105.2,177105.4
E01002573,521433.0,178997.2
E01002574,521788.2,178860.2
E01002575,521741.9,178483.0
E01002576,520133.5,177651.8
E01002577,520354.9,177851.4
E01002578,520454.0,177335.7
E01002579,520143.3,177020.6
E01002580,519289.9,178120.4
E01002581,519475.6,177954.0
E01002582,519807.4,177741.8
E01002583,510610.5,176905.0
E01002584,510308.6,176773.6
E01002585,510945.4,176479.1
E01002586,510593.6,176393.9
E01002587,511470.5,176201.4
E01002588,511298.1,175995.2
E01002589,511271.6,175691.7
E01002590,509994.2,173668.2
E01002591,511473.6,173825.1
E01002592,510825.7,174368.9
E01002593,510652.9,173882.9
E01002594,511047.3,174004.4
E01002595,510203.1,174146.7
E01002596,509553.2,172749.2
E01002598,510146.3,172612.1
E01002599,510030.1,172967.4
E01002600,509780.2,172599.2
E01002601,509473.0,171999.2
E01002602,509717.5,171657.9
E01002603,509837.4,173355.4
E01002604,512982.9,172618.3
E01002605,512787.8,172323.1
E01002606,512128.2,171990.2
E01002607,512340.4,172633.5
E01002608,511950.0,171633.2
E01002609,512329.7,171637.4
E01002610,511849.4,171147.4
E01002611,511398.8,173169.2
E01002612,510888.7,173120.0
E01002613,511950.8,172881.5
E01002614,510455.0,172230.3
E01002615,511184.3,172199.7
E01002616,510038.4,172095.6
E01002617,511056.7,171865.0
E01002618,512735.1,177003.1
E01002619,512286.4,177059.1
E01002620,512703.4,177521.0
E01002621,512905.7,176552.0
E01002622,511974.6,176554.6
E01002623,512354.9,176576.4
E01002624,512449.7,176214.2
E01002625,512690.0,178275.1
E01002626,512965.4,177955.5
E01002627,513348.8,177800.9
E01002628,513261.5,177094.8
E01002629,513590.7,176707.0
E01002630,514034.4,176746.4
E01002631,512370.2,178478.5
E01002632,512264.5,177478.4
E01002633,511026.6,177476.9
E01002634,511578.0,177354.5
E01002635,511614.5,176799.0
E01002636,511880.4,177090.7
E01002637,511532.6,178627.6
E01002638,512014.4,178219.6
E01002639,514267.9,176441.5
E01002640,514009.4,176249.0
E01002641,513661.5,176065.0
E01002643,514816.2,176151.4
E01002645,514177.5,175496.4
E01002646,513008.0,175207.3
E01002647,512675.7,174919.7
E01002649,513668.0,175019.4
E01002650,512455.9,174798.1
E01002651,513211.2,174850.9
E01002652,513135.9,174619.2
E01002653,514656.9,175282.2
E01002654,514706.4,174924.0
E01002655,514234.6,174945.8
E01002656,514838.8,174557.9
E01002657,513876.9,174648.4
E01002658,515315.4,175950.9
E01002659,515009.8,175591.3
E01002660,512309.4,175767.2
E01002661,511834.5,176017.4
E01002662,513164.0,175847.1
E01002663,512578.9,175628.5
E01002665,512221.0,175210.0
E01002666,511928.2,175294.1
E01002667,516523.4,175739.5
E01002668,515999.3,175853.5
E01002669,515562.7,175721.1
E01002670,515991.0,175109.5
E01002671,516248.0,175059.0
E01002672,515911.5,174553.9
E01002673,515783.6,174602.8
E01002674,514827.2,176818.0
E01002675,515610.2,176976.8
E01002676,514357.0,177148.5
E01002677,515188.0,176387.6
E01002678,515736.2,177516.2
E01002679,516025.8,177168.6
E01002680,515164.4,176881.2
E01002681,516230.1,176377.1
E01002682,516440.6,176769.6
E01002686,516881.7,177282.8
E01002687,520116.1,178196.0
E01002689,521145.2,178179.0
E01002690,520695.8,178135.3
E01002691,519392.4,179248.1
E01002692,519785.4,178404.7
E01002693,520931.7,178500.7
E01002694,530959.3,183579.8
E01002695,531007.7,183355.8
E01002696,531273.9,183593.5
E01002697,530806.0,183240.5
E01002698,531165.8,184452.9
E01002699,531301.5,184163.0
E01002700,531060.0,183973.1
E01002701,532539.8,182571.5
E01002702,532206.7,182735.7
E01002703,531940.1,182514.7
E01002704,532575.9,182254.3
E01002706,532348.6,182317.9
E01002707,531800.8,182906.8
E01002708,530445.9,184236.2
E01002709,530489.3,183777.4
E01002710,530587.7,183621.9
E01002711,530512.4,183209.6
E01002712,530775.2,184414.9
E01002713,530712.8,184683.6
E01002714,530800.2,184103.9
E01002715,530575.6,184053.3
E01002716,532764.1,184681.6
E01002717,532329.7,184740.0
E01002718,532768.3,184415.7
E01002719,532059.0,184474.3
E01002720,532389.7,184483.0
E01002721,532711.1,184150.2
E01002722,532475.5,184140.2
E01002723,531709.5,182659.4
E01002724,531540.8,182139.8
E01002725,531500.3,182533.3
E01002726,531163.3,182589.2
E01002727,531388.6,182884.4
E01002728,530885.2,182999.8
E01002729,531053.8,182805.8
E01002730,530811.7,186151.2
E01002732,531117.2,186357.9
E01002733,530395.5,186416.7
E01002734,531116.2,186674.6
E01002735,531106.5,186939.2
E01002736,530865.1,186678.6
E01002737,530672.2,186603.2
E01002738,532062.6,185345.2
E01002739,531431.0,185276.0
E01002740,531701.1,184962.8
E01002741,532272.8,186142.1
E01002742,532040.0,186209.4
E01002743,532318.1,185881.4
E01002744,532132.0,185693.3
E01002745,531679.3,185604.1
E01002747,531707.4,186428.5
E01002748,531442.7,186455.3
E01002749,531786.8,186118.2
E01002751,531022.5,185918.1
E01002752,531789.2,185820.4
E01002753,529864.3,187008.8
E01002754,529347.7,187253.3
E01002755,530080.9,187659.0
E01002756,530319.5,187677.0
E01002757,529623.1,187605.5
E01002758,529865.3,187525.1
E01002759,529561.2,187278.5
E01002760,529933.3,187213.2
E01002762,530451.9,185323.0
E01002763,530391.9,185737.4
E01002764,530105.6,185194.0
E01002765,530544.2,184920.9
E01002766,530113.4,184856.7
E01002767,530702.2,185562.6
E01002768,529222.7,186053.5
E01002769,529491.3,186181.7
E01002770,529201.2,187000.0
E01002771,529164.0,186409.6
E01002772,529630.1,186871.2
E01002773,529133.2,186710.5
E01002774,529607.8,186571.4
E01002775,532248.9,184978.2
E01002776,532813.1,184961.0
E01002777,533086.5,185131.5
E01002778,533314.0,184954.6
E01002779,532620.7,185431.5
E01002780,532624.3,185197.2
E01002781,532319.8,185256.9
E01002782,533104.9,185332.7
E01002783,529859.7,185243.5
E01002784,529615.4,185503.1
E01002785,529987.9,186220.3
E01002786,530195.1,185967.9
E01002787,530059.6,185671.4
E01002788,529817.2,185870.5
E01002789,529451.5,185765.8
E01002790,531486.2,184415.7
E01002791,531783.9,184442.7
E01002792,531549.6,184095.6
E01002793,531889.0,184057.9
E01002794,531582.7,183776.6
E01002795,531349.4,184829.1
E01002796,531120.7,184730.7
E01002797,532249.3,184012.4
E01002798,532446.0,183708.5
E01002799,532093.4,183834.2
E01002800,532207.1,183500.1
E01002801,531796.6,183522.7
E01002802,532005.6,183398.0
E01002804,530375.3,187233.2
E01002805,530846.0,187244.8
E01002806,530578.3,187156.6
E01002807,530213.6,186866.0
E01002808,530498.9,186788.1
E01002809,529988.8,186720.1
E01002810,530176.3,186531.4
E01002811,530496.7,187580.3
E01002812,525667.6,179031.6
E01002813,525394.8,179085.1
E01002814,524868.7,178786.0
E01002815,525264.5,178881.4
E01002816,525477.4,179355.9
E01002817,525122.4,179125.1
E01002818,527780.8,179348.0
E01002819,527329.6,179194.4
E01002821,527080.0,178894.8
E01002823,527131.0,178583.0
E01002824,525424.1,179969.7
E01002825,525175.4,179906.9
E01002826,525533.5,179839.5
E01002827,525373.2,180273.1
E01002828,525060.4,180257.8
E01002829,524873.3,181351.3
E01002830,524678.4,181434.6
E01002831,524457.3,181228.3
E01002832,524851.1,181101.7
E01002833,524626.7,181026.2
E01002834,525795.3,178561.8
E01002835,526409.5,178733.1
E01002836,526175.1,178542.0
E01002837,526405.7,178365.3
E01002839,525861.2,178777.2
E01002840,526661.3,177467.5
E01002841,526374.3,177177.7
E01002842,526548.7,177349.1
E01002843,526363.5,177354.3
E01002844,527161.3,177761.6
E01002845,526885.3,177630.2
E01002846,525423.3,178215.6
E01002847,525321.8,178448.1
E01002848,525133.8,178504.6
E01002849,525610.4,178323.6
E01002850,525568.1,178735.3
E01002851,525347.6,178673.2
E01002852,524098.1,182228.6
E01002853,524261.4,181905.1
E01002854,524584.0,182035.8
E01002855,524481.9,181741.7
E01002856,524257.5,181623.0
E01002857,524474.0,182160.5
E01002858,527496.5,178644.3
E01002859,527830.0,178748.6
E01002860,527525.4,178884.9
E01002861,527574.0,178477.1
E01002862,527302.2,178581.9
E01002863,527884.7,179044.6
E01002864,524638.1,179376.6
E01002865,525210.1,179503.4
E01002866,524197.1,179516.7
E01002867,524471.3,179205.4
E01002868,524456.3,179897.6
E01002869,524051.0,179855.7
E01002870,523916.5,180584.6
E01002871,524409.6,180288.6
E01002872,524174.4,180469.7
E01002873,524002.8,180151.8
E01002874,524328.8,181013.8
E01002875,524443.6,180653.0
E01002876,523484.1,181456.6
E01002877,523662.2,180990.3
E01002878,524009.1,181306.0
E01002879,524174.0,181089.0
E01002880,523812.8,180991.7
E01002881,524044.7,180815.0
E01002882,524771.6,180801.0
E01002883,524971.5,180528.5
E01002884,525217.8,180646.7
E01002885,525434.2,180622.2
E01002886,525132.8,180927.0
E01002887,526178.4,179061.5
E01002888,525968.9,179000.2
E01002889,525776.8,179537.2
E01002890,525925.8,179316.4
E01002891,526221.7,179493.4
E01002892,526348.2,179193.2
E01002893,525845.2,177927.7
E01002894,525737.4,178178.0
E01002896,526026.5,177987.3
E01002897,525991.8,177629.2
E01002898,525927.7,178349.3
E01002899,527374.4,177962.5
E01002900,527777.5,177811.7
E01002901,527800.9,178025.2
E01002902,528035.3,178466.6
E01002903,527598.4,178147.4
E01002904,523346.9,182057.0
E01002905,523956.2,181910.7
E01002906,523592.1,181895.8
E01002907,523198.8,181981.5
E01002908,523259.6,181716.2
E01002909,523994.4,181551.1
E01002910,526771.6,178095.7
E01002911,526629.5,177860.3
E01002912,526385.1,177744.3
E01002913,526222.6,177460.1
E01002914,527245.7,178309.0
E01002915,520272.9,166514.0
E01002916,519643.9,166595.9
E01002917,519963.5,166807.9
E01002918,520332.2,166128.8
E01002919,519894.3,165963.1
E01002920,519958.2,167317.4
E01002921,518597.4,167446.7
E01002922,519009.2,167463.1
E01002923,518679.8,167152.7
E01002924,519350.6,167139.2
E01002925,518858.6,166869.2
E01002926,519639.6,167818.6
E01002927,520473.9,168122.6
E01002928,520866.3,168175.1
E01002929,521537.7,168840.4
E01002930,521266.8,168330.5
E01002931,521796.5,168369.7
E01002932,520159.7,168382.9
E01002933,518726.2,169987.4
E01002934,518527.4,170341.0
E01002935,519248.5,169845.1
E01002937,518839.7,169802.3
E01002938,518955.4,170299.7
E01002939,518528.3,164541.5
E01002940,517996.9,164222.3
E01002941,517757.3,164660.8
E01002942,518277.0,164506.2
E01002943,517517.0,164309.5
E01002944,519194.4,164386.9
E01002945,518935.3,163999.3
E01002946,519137.1,163720.1
E01002947,518519.2,163905.2
E01002948,517512.0,163384.7
E01002949,517742.0,163836.5
E01002950,518231.6,163402.9
E01002951,519542.7,170265.1
E01002952,520412.2,170246.4
E01002953,521505.6,169968.5
E01002954,519637.4,169780.8
E01002955,521183.1,171927.5
E01002956,520927.1,171383.4
E01002957,519792.9,170542.4
E01002958,520725.6,168684.1
E01002959,520582.0,169582.3
E01002960,519947.1,169359.0
E01002961,520841.5,169207.4
E01002962,520350.1,169033.6
E01002963,521124.2,168784.5
E01002964,518490.1,168808.7
E01002965,517997.7,168396.9
E01002966,518603.6,168439.2
E01002967,517838.4,167896.4
E01002968,518162.1,169168.2
E01002969,519191.3,169096.9
E01002970,519609.1,169046.0
E01002971,518919.9,168986.2
E01002972,518913.6,169358.0
E01002973,519916.1,168853.7
E01002974,519280.2,169354.9
E01002975,520895.6,166855.4
E01002976,522369.9,166666.1
E01002977,521295.7,166576.1
E01002978,521905.0,166295.9
E01002979,521359.9,166163.6
E01002980,521357.0,166979.0
E01002981,521125.9,167368.8
E01002982,521648.3,167362.9
E01002983,522049.3,167103.2
E01002984,521238.1,167887.0
E01002985,521785.3,167952.5
E01002986,520626.7,167722.3
E01002987,518109.2,167520.9
E01002988,517474.1,167284.5
E01002989,517711.8,167452.8
E01002990,518218.9,167854.6
E01002991,518569.8,168059.9
E01002992,518937.3,167980.1
E01002993,517759.9,166890.8
E01002994,518179.7,166040.6
E01002995,518184.7,166697.9
E01002996,518875.2,166257.3
E01002997,518557.2,166277.3
E01002998,518898.6,165934.5
E01002999,518347.8,167032.9
E01003000,518984.6,165492.9
E01003001,519392.3,165628.0
E01003002,518280.8,165603.0
E01003003,519312.4,166037.8
E01003004,518484.5,165285.1
E01003005,518593.8,164963.3
E01003006,517682.5,171367.3
E01003007,518224.0,171346.9
E01003008,518370.9,170963.0
E01003009,518899.0,170954.4
E01003010,518236.0,170600.1
E01003011,518149.4,170243.6
E01003013,530861.5,179623.8
E01003014,531107.3,179261.8
E01003015,531073.0,178996.0
E01003016,531151.5,180239.0
E01003017,531366.2,180144.4
E01003018,530586.8,174674.9
E01003019,530269.5,174819.8
E01003020,530703.5,174974.9
E01003021,530360.0,174410.7
E01003022,530138.1,174213.5
E01003023,530338.1,173800.2
E01003024,530552.4,173930.1
E01003025,530686.0,173577.0
E01003026,529187.3,174561.8
E01003027,529708.5,174718.6
E01003028,529524.9,174316.6
E01003029,529923.1,174826.3
E01003030,529016.7,174327.1
E01003031,529320.7,174161.9
E01003032,529440.9,175044.2
E01003033,529463.8,174681.8
E01003034,529276.5,176146.0
E01003035,529697.9,175615.2
E01003036,529465.4,175854.8
E01003037,528781.8,175959.8
E01003038,528977.2,175806.3
E01003039,529289.3,175541.5
E01003040,528807.4,175572.0
E01003041,529694.0,175264.9
E01003042,528668.1,175434.5
E01003043,531359.4,174941.5
E01003044,531705.0,175035.9
E01003045,531355.2,176150.1
E01003046,531676.1,176174.4
E01003047,531268.9,175618.8
E01003048,531730.3,175898.3
E01003049,531506.2,175795.4
E01003050,531174.3,175125.1
E01003051,531664.0,175464.6
E01003052,531489.1,175238.1
E01003053,530737.6,175700.1
E01003054,529911.2,175421.5
E01003055,530808.8,175331.0
E01003056,530349.8,175388.0
E01003057,530008.4,175207.2
E01003058,530374.6,175193.7
E01003059,531031.6,176188.2
E01003060,530943.0,176020.2
E01003061,530954.2,175786.1
E01003062,533459.1,170886.6
E01003063,533074.4,170877.8
E01003064,532665.1,172261.5
E01003065,532685.7,171817.6
E01003066,532272.3,171834.7
E01003067,532974.6,171709.6
E01003068,532653.1,171573.5
E01003069,532834.4,171140.7
E01003070,533135.6,171227.5
E01003071,531697.5,174776.0
E01003072,532215.7,174978.7
E01003073,532077.9,175355.3
E01003074,531626.0,174570.1
E01003075,532101.5,176296.6
E01003076,532223.7,176117.1
E01003077,532049.7,175936.7
E01003078,532386.3,175426.7
E01003079,531484.5,172389.9
E01003080,531382.4,172204.4
E01003081,531708.7,171967.6
E01003082,531973.8,171424.0
E01003083,531339.7,171916.0
E01003084,531629.9,171751.7
E01003085,531499.5,171420.5
E01003086,532184.5,171207.8
E01003087,531615.7,171136.3
E01003088,530253.0,175643.7
E01003089,529660.9,176510.1
E01003090,530140.1,175913.7
E01003091,529571.7,176217.3
E01003092,529853.2,176362.7
E01003093,530543.6,176206.4
E01003094,530388.1,176059.8
E01003095,529852.6,175962.1
E01003096,530552.5,175867.3
E01003097,530206.7,177294.5
E01003098,530792.6,177332.9
E01003099,531183.4,177688.7
E01003100,531111.5,177290.8
E01003101,531135.7,177886.1
E01003102,530608.3,177813.3
E01003104,530517.0,177386.1
E01003105,530898.5,178428.6
E01003106,531376.2,178435.1
E01003107,531181.6,178214.0
E01003108,531568.2,178528.6
E01003110,531486.7,178805.1
E01003111,531111.6,178590.8
E01003112,530806.4,178736.2
E01003113,529745.7,171291.0
E01003114,529845.2,170997.5
E01003115,529941.7,170746.6
E01003116,529775.6,172462.0
E01003117,530044.1,172464.7
E01003118,529947.7,172039.7
E01003119,529763.5,171599.6
E01003120,530144.4,171598.5
E01003121,530045.0,176958.7
E01003122,529865.2,177025.6
E01003123,530140.5,176793.1
E01003124,530421.0,176875.4
E01003125,530677.5,176929.2
E01003126,530398.0,176595.7
E01003127,530654.8,176404.7
E01003128,530272.1,176376.9
E01003129,530550.1,177184.0
E01003130,530539.2,172998.5
E01003131,530192.6,172900.1
E01003132,530973.7,173078.3
E01003133,531449.6,172837.2
E01003134,530937.0,172754.2
E01003135,530686.6,172638.4
E01003136,530184.4,173399.4
E01003137,530472.7,173296.4
E01003138,529814.0,173026.2
E01003139,529654.6,170169.1
E01003140,530008.2,169921.4
E01003141,530457.7,170097.6
E01003142,529574.1,169901.3
E01003143,529228.1,170090.8
E01003144,530644.8,170574.3
E01003145,530028.9,170494.3
E01003146,529512.9,170453.2
E01003147,530244.1,170281.1
E01003148,530556.3,171515.0
E01003149,530931.1,171278.2
E01003150,530305.8,171204.4
E01003151,530557.4,172407.7
E01003152,530876.4,172311.4
E01003153,530279.8,172347.9
E01003154,530981.5,171825.2
E01003155,530432.8,171862.8
E01003156,529460.9,173506.3
E01003157,529196.0,173331.4
E01003158,529454.7,173195.0
E01003159,529933.4,174108.9
E01003160,529700.2,173960.4
E01003161,529235.3,173856.2
E01003162,530046.2,173709.3
E01003163,529766.5,173550.6
E01003164,531812.9,173060.6
E01003165,532610.7,172677.9
E01003166,531848.1,172645.6
E01003167,532248.1,172546.3
E01003168,532028.2,173599.1
E01003169,531680.8,173448.9
E01003170,532323.1,173505.6
E01003171,530871.5,174078.4
E01003172,531246.0,173833.1
E01003173,530898.0,173821.3
E01003174,531335.5,173223.9
E01003175,531055.6,173504.3
E01003176,530974.1,174746.5
E01003177,531176.9,174467.3
E01003178,530893.8,174346.0
E01003179,531148.6,174182.3
E01003180,531819.7,176954.0
E01003181,531165.3,177125.5
E01003182,531822.7,176484.5
E01003183,531500.1,177166.2
E01003184,531275.9,176887.3
E01003185,531050.3,176914.5
E01003186,530959.7,176711.4
E01003187,531490.3,176731.7
E01003188,531419.4,176429.3
E01003189,537604.8,171770.3
E01003190,536645.9,171611.8
E01003191,537223.9,171596.1
E01003192,537713.9,171429.7
E01003193,536474.0,172095.2
E01003194,537134.2,172934.7
E01003195,536853.3,172543.5
E01003196,537558.4,172388.2
E01003197,537257.1,172081.7
E01003198,539321.6,175770.0
E01003199,538833.8,175757.9
E01003200,539648.0,176171.7
E01003201,538408.0,175924.0
E01003202,539609.4,175432.5
E01003203,539178.3,175313.6
E01003204,538228.3,176614.0
E01003205,538056.0,176548.2
E01003206,538614.0,176093.6
E01003207,537198.9,176811.3
E01003209,536642.9,176575.9
E01003210,536918.0,176388.5
E01003211,537184.0,176070.2
E01003212,536584.0,176200.5
E01003213,536921.7,175791.2
E01003214,536608.0,175573.5
E01003215,536688.7,176916.5
E01003216,538194.1,173194.7
E01003217,538600.4,173244.1
E01003218,538958.3,172979.9
E01003219,538649.3,172802.0
E01003220,539174.6,173515.6
E01003221,537837.6,172971.9
E01003222,539234.1,173080.5
E01003223,538204.4,172582.7
E01003224,538743.4,173503.9
E01003225,536898.1,174196.8
E01003226,536142.4,174109.3
E01003227,536428.7,173944.4
E01003228,535956.8,173786.4
E01003229,535966.4,173449.8
E01003230,536523.1,173490.5
E01003231,536492.6,174937.1
E01003232,536315.4,174474.4
E01003233,536714.2,174504.7
E01003235,539066.2,170913.8
E01003236,540417.9,172041.2
E01003237,540128.4,171778.0
E01003238,539865.0,171913.0
E01003239,539394.8,171817.1
E01003240,539176.6,171465.1
E01003241,538300.9,171458.7
E01003243,538765.7,171323.6
E01003244,536557.9,178514.2
E01003245,535582.0,178497.9
E01003246,536510.5,177777.2
E01003247,535953.8,178365.5
E01003248,536597.6,178175.1
E01003249,536712.6,178684.0
E01003251,536944.6,177855.3
E01003252,536691.2,177804.4
E01003253,537105.6,177606.0
E01003254,535043.9,173414.8
E01003255,535213.2,173024.0
E01003256,535243.9,172516.8
E01003257,534883.9,172771.7
E01003258,534495.7,172138.0
E01003259,534812.5,172215.8
E01003260,535005.8,173884.6
E01003261,535604.7,173923.7
E01003262,535436.1,173520.6
E01003263,540614.2,172564.0
E01003264,540995.3,172468.9
E01003265,540886.3,172064.4
E01003266,541572.9,172110.4
E01003267,541541.0,171765.0
E01003268,540008.1,173625.6
E01003269,540412.0,173615.1
E01003270,540253.5,173212.0
E01003271,540761.6,173113.7
E01003272,536631.3,175284.0
E01003273,537620.5,175558.1
E01003274,537462.1,174898.5
E01003275,537294.9,174521.6
E01003276,537074.4,174796.3
E01003277,537315.5,175742.6
E01003278,537642.8,175913.5
E01003279,537718.4,175260.0
E01003280,540035.6,173981.0
E01003281,539618.9,173997.3
E01003282,538794.7,175007.0
E01003283,539439.9,174945.5
E01003284,539055.9,174794.8
E01003285,539999.4,174470.4
E01003286,540009.0,174775.6
E01003287,539415.8,174485.8
E01003288,538727.2,175406.1
E01003290,538571.4,174696.2
E01003291,538146.2,174650.4
E01003292,538652.7,174345.8
E01003293,538283.9,174347.6
E01003295,539130.7,174026.5
E01003297,535622.9,177766.2
E01003298,536186.4,177613.2
E01003299,535859.7,177063.6
E01003300,536368.7,177439.0
E01003301,536012.8,177342.5
E01003302,535399.3,177483.1
E01003303,536699.5,177157.5
E01003304,537049.4,177249.0
E01003305,535601.2,177300.5
E01003307,536047.1,172737.4
E01003308,536598.8,173086.2
E01003309,535694.6,172435.3
E01003310,535599.6,172803.2
E01003311,536480.3,172569.4
E01003312,536136.5,172181.5
E01003313,535676.9,172127.5
E01003314,536397.8,172937.0
E01003315,535698.8,173113.7
E01003316,536057.2,173090.3
E01003318,537588.8,173413.2
E01003319,538007.4,173565.5
E01003320,538341.1,173576.8
E01003321,536916.2,173274.0
E01003322,537695.6,174207.3
E01003323,538226.6,174131.6
E01003324,537623.4,173920.8
E01003325,538053.9,173902.1
E01003326,536082.4,171373.1
E01003327,535671.9,171350.7
E01003328,535222.2,171341.1
E01003329,535231.4,171964.6
E01003330,534132.2,171690.3
E01003331,534806.6,171761.2
E01003332,534553.2,171552.1
E01003333,536230.2,171673.0
E01003334,535329.3,171634.3
E01003335,535930.9,171642.0
E01003336,536050.4,175285.6
E01003337,536057.5,174992.5
E01003338,535492.8,176987.6
E01003339,535603.3,176647.5
E01003340,536054.4,176657.8
E01003341,535789.9,176352.4
E01003342,535963.6,175712.3
E01003343,535569.1,176149.7
E01003344,536207.2,176145.2
E01003345,536242.0,175707.2
E01003346,539545.2,172411.5
E01003347,539298.0,172496.1
E01003348,538366.0,172048.2
E01003349,540170.9,172334.6
E01003350,538970.5,172405.9
E01003351,539776.7,172230.5
E01003352,538027.4,172058.7
E01003353,538779.5,171774.0
E01003354,539608.6,173248.2
E01003355,525660.1,170084.2
E01003356,525438.6,169831.2
E01003357,526010.2,169952.8
E01003358,525413.7,170279.4
E01003359,526330.3,170223.4
E01003360,525981.5,170243.8
E01003361,524616.2,168751.8
E01003362,524312.6,168433.4
E01003363,524385.1,168068.4
E01003364,524076.5,167828.4
E01003365,524853.6,168312.4
E01003366,524139.6,169004.0
E01003368,527574.4,170230.6
E01003369,526823.2,170795.4
E01003370,527021.8,170700.0
E01003371,527224.8,170561.2
E01003372,527637.0,170477.5
E01003373,526833.3,168729.6
E01003374,527398.2,168342.8
E01003375,527853.0,167960.9
E01003376,526604.0,169189.5
E01003377,526588.3,168936.7
E01003378,527178.0,168868.0
E01003379,527551.2,168887.7
E01003380,524137.7,169466.5
E01003381,523471.5,169212.9
E01003382,523873.0,169353.7
E01003383,524847.1,170302.5
E01003384,525080.1,170082.4
E01003385,524493.0,169948.9
E01003386,528345.4,169496.2
E01003387,528460.0,168953.0
E01003388,528045.3,169188.6
E01003389,527968.8,168820.4
E01003390,527748.6,169192.7
E01003391,528779.3,169159.2
E01003392,528270.1,169823.5
E01003393,528042.8,170450.7
E01003394,528294.9,170218.4
E01003395,528710.2,169979.8
E01003396,528164.3,170661.8
E01003397,528471.3,170528.7
E01003398,528794.3,170281.0
E01003399,523837.5,169806.6
E01003400,525009.6,171145.2
E01003401,524736.8,171046.4
E01003402,524449.0,170671.0
E01003403,524105.8,170454.3
E01003404,524016.5,170157.9
E01003405,527358.9,169303.8
E01003406,527345.1,169925.4
E01003407,527121.5,169687.3
E01003408,526622.0,169585.0
E01003409,527721.3,169683.4
E01003410,526998.2,169356.4
E01003411,529186.6,169642.3
E01003412,528850.7,169612.7
E01003413,529568.2,169526.0
E01003414,529834.2,169175.1
E01003415,529516.8,169038.7
E01003416,529199.1,168664.7
E01003417,524386.6,166806.9
E01003418,523936.1,166710.6
E01003419,523634.0,166904.4
E01003420,523950.3,166325.6
E01003421,523731.6,167578.7
E01003422,524023.6,167183.2
E01003423,524452.2,169430.8
E01003424,525350.7,169307.1
E01003425,524991.4,168932.6
E01003426,525612.5,168854.8
E01003427,525383.0,168277.7
E01003428,524847.3,169634.4
E01003429,529769.9,168177.3
E01003430,530298.0,168471.1
E01003431,530334.2,168098.7
E01003432,530071.6,168011.5
E01003433,529840.1,168554.4
E01003434,529481.1,168438.5
E01003435,528986.9,168427.0
E01003436,526357.3,167475.1
E01003437,526730.2,167694.0
E01003438,526311.4,167048.4
E01003439,525976.8,168357.5
E01003440,526621.9,168233.5
E01003441,527226.9,167966.2
E01003442,523472.7,170105.8
E01003443,523206.2,169627.3
E01003444,522821.3,169676.5
E01003445,522439.5,169569.2
E01003446,523170.4,169347.5
E01003447,522594.6,168980.2
E01003448,526059.8,167739.1
E01003449,525633.0,167707.8
E01003450,525876.0,167089.7
E01003451,525106.1,167069.9
E01003452,525449.9,167131.2
E01003453,525810.6,168121.8
E01003454,525529.7,171023.1
E01003455,526392.8,170905.0
E01003456,525275.3,170595.0
E01003457,525674.1,170810.8
E01003458,525934.6,170772.7
E01003459,526257.9,170604.6
E01003460,523668.7,170810.4
E01003461,524141.1,171022.6
E01003462,522989.4,170351.7
E01003463,522172.8,170074.4
E01003464,523809.6,172240.5
E01003465,524115.5,171544.6
E01003466,523059.5,168222.5
E01003467,523423.0,168192.8
E01003468,522802.7,167854.3
E01003469,522262.3,167918.7
E01003470,522513.8,167996.5
E01003471,523055.2,168678.6
E01003472,525137.2,172555.1
E01003473,525293.4,172298.2
E01003474,525107.2,171807.7
E01003476,525317.9,171439.2
E01003477,525727.0,171287.3
E01003478,525473.1,172695.7
E01003479,542575.0,181216.1
E01003480,543485.5,181019.7
E01003481,542992.0,181118.3
E01003483,542254.6,181948.4
E01003484,542586.0,181853.8
E01003485,542331.1,181568.9
E01003486,543029.3,181585.2
E01003487,543457.7,181430.0
E01003488,541703.0,183546.3
E01003489,541481.4,183671.0
E01003490,541884.7,183751.3
E01003491,541277.9,183479.2
E01003492,541690.0,183109.1
E01003494,541676.5,182829.8
E01003495,542019.8,182869.2
E01003496,539286.0,182852.2
E01003497,539439.2,182081.1
E01003498,539972.9,182622.1
E01003499,540356.2,182485.7
E01003500,539460.6,182448.0
E01003501,539957.7,182252.4
E01003502,539724.9,181943.4
E01003503,539632.8,181703.4
E01003506,540319.4,181013.9
E01003507,540529.5,182158.4
E01003508,540198.8,181823.3
E01003509,540366.6,181903.6
E01003511,540261.3,181491.3
E01003512,540997.7,181335.4
E01003513,542066.5,181354.3
E01003514,541476.4,181238.4
E01003515,540853.7,181136.4
E01003516,541328.0,181692.5
E01003517,540561.8,181346.5
E01003518,541656.3,181625.5
E01003519,541278.1,181495.8
E01003520,542229.3,184049.1
E01003521,542591.8,183804.4
E01003522,542180.2,183826.5
E01003523,542784.6,183335.3
E01003524,542045.3,183579.3
E01003525,542200.8,183389.1
E01003526,542383.9,183352.6
E01003527,542383.3,182945.7
E01003528,542934.6,184906.7
E01003529,542362.6,184732.5
E01003530,542766.2,184744.8
E01003531,542139.0,184371.0
E01003532,542502.3,184460.6
E01003533,541776.4,184221.8
E01003534,542351.7,185022.2
E01003535,543389.4,182876.3
E01003536,543173.8,182726.6
E01003537,542563.4,182757.4
E01003538,542807.3,182561.1
E01003539,541836.4,182533.0
E01003540,542798.3,182317.0
E01003541,542330.8,182238.0
E01003542,543058.1,182995.4
E01003543,540633.3,185664.6
E01003544,540091.7,185521.1
E01003545,539853.8,185370.1
E01003546,540284.1,185612.2
E01003547,541036.2,185706.5
E01003548,539390.3,185392.6
E01003549,539477.4,185176.2
E01003550,540312.0,185869.7
E01003551,540026.6,184735.8
E01003552,540222.0,184587.9
E01003553,539675.4,184800.0
E01003554,539739.4,184493.7
E01003555,541008.0,185278.1
E01003556,540632.5,185132.0
E01003557,539996.8,185037.1
E01003558,540439.9,184841.7
E01003559,539405.5,184794.8
E01003560,541504.0,184831.6
E01003561,541269.8,184864.8
E01003562,541234.7,184567.8
E01003563,541558.2,184610.8
E01003564,541309.2,184335.6
E01003565,541611.6,184049.9
E01003566,541315.2,184048.1
E01003567,541107.0,184988.1
E01003568,540866.2,183832.8
E01003569,541098.3,183955.3
E01003570,540766.5,184843.3
E01003571,540869.0,184665.4
E01003572,540534.7,184503.1
E01003573,540921.5,184346.7
E01003574,540640.9,184119.2
E01003575,542921.1,185114.3
E01003576,542972.4,185960.0
E01003577,543213.8,185858.4
E01003578,542552.0,185866.1
E01003579,542629.4,185437.4
E01003580,543250.5,185136.4
E01003581,542756.3,185707.3
E01003582,543121.2,185591.1
E01003583,542960.0,185403.6
E01003584,541528.2,185486.2
E01003585,542415.5,185382.3
E01003586,541530.1,185154.2
E01003587,541992.9,185231.6
E01003588,541874.6,184965.2
E01003589,541846.6,184752.0
E01003590,541905.8,185765.0
E01003591,542175.6,185575.2
E01003592,540630.1,183342.8
E01003593,539965.7,183134.6
E01003594,540267.4,182903.0
E01003595,540359.5,183103.8
E01003596,540329.3,183851.3
E01003597,540550.4,183714.1
E01003598,540249.7,183595.9
E01003599,541014.3,183495.2
E01003600,540315.2,183339.9
E01003601,541014.7,182322.1
E01003602,540772.1,182542.3
E01003603,541444.7,182726.6
E01003604,540886.9,181922.9
E01003605,541308.4,183043.2
E01003607,540722.2,182974.1
E01003608,541189.9,182730.8
E01003611,543293.7,180000.9
E01003615,539000.6,185390.9
E01003616,538995.1,185103.6
E01003618,539307.7,184393.4
E01003619,539005.0,184157.0
E01003621,543053.8,183799.8
E01003622,543233.1,183795.7
E01003623,543293.4,183525.0
E01003624,543039.6,183372.3
E01003625,543085.0,184385.6
E01003626,542902.7,184414.9
E01003627,542880.5,184145.7
E01003628,543049.7,184018.6
E01003629,542663.8,184048.6
E01003630,539789.1,183570.9
E01003631,539286.0,183252.8
E01003632,539640.3,183365.6
E01003633,539353.8,183606.7
E01003634,539086.8,183830.6
E01003635,539681.8,184084.6
E01003636,539433.0,183915.7
E01003637,539829.4,183785.9
E01003638,544236.8,189208.1
E01003639,544595.6,189266.2
E01003640,545901.9,189123.3
E01003641,545498.1,188835.6
E01003642,545132.3,188804.3
E01003643,544424.4,188807.6
E01003644,544093.0,188418.8
E01003645,544584.9,188457.8
E01003646,542770.3,188626.1
E01003647,543714.3,188514.0
E01003648,543733.9,189471.0
E01003649,543347.7,189374.1
E01003650,543936.9,189035.5
E01003651,542987.7,188882.0
E01003652,543454.4,188998.3
E01003653,543458.5,188685.1
E01003654,541222.7,191453.0
E01003655,541331.3,192072.3
E01003656,542411.1,191919.4
E01003657,542378.2,191443.0
E01003658,541467.0,191774.7
E01003659,541854.8,191304.7
E01003660,541537.6,192600.8
E01003661,547373.3,188057.6
E01003662,547478.4,187747.9
E01003663,547233.3,188935.2
E01003664,547631.1,188784.8
E01003665,547382.9,188493.4
E01003666,547058.9,188053.1
E01003668,540342.4,189889.3
E01003669,539778.2,190841.5
E01003670,540075.1,191155.3
E01003671,540525.0,191109.6
E01003672,540122.6,190705.6
E01003673,539688.1,190517.0
E01003674,540420.7,190615.7
E01003675,541972.9,188578.6
E01003676,542367.4,188623.5
E01003677,541814.3,189034.6
E01003678,542547.6,189716.5
E01003679,542724.0,189949.3
E01003680,543183.7,189703.7
E01003681,542528.9,189270.4
E01003682,542217.3,189063.1
E01003683,544530.4,185914.0
E01003684,544665.2,185699.4
E01003685,544208.1,185899.5
E01003686,544476.1,186311.1
E01003688,544220.0,186285.0
E01003689,543839.0,186137.7
E01003690,543224.2,188218.3
E01003691,542648.5,187175.8
E01003692,543040.5,187753.1
E01003693,542371.1,187776.0
E01003694,542752.5,187662.1
E01003695,542901.0,187305.4
E01003696,542624.4,188252.7
E01003697,542039.9,188170.6
E01003698,544192.9,191316.5
E01003699,545417.4,191523.5
E01003700,544303.4,190818.3
E01003701,544534.0,189940.9
E01003702,544725.7,191550.1
E01003703,543793.3,191534.8
E01003704,544615.4,191266.3
E01003705,544202.4,190398.1
E01003706,543669.6,190620.1
E01003707,542661.4,190407.0
E01003708,543026.9,190728.6
E01003709,543277.2,190370.1
E01003710,542284.5,190291.9
E01003711,543811.0,190114.7
E01003712,543425.3,189945.9
E01003713,546006.7,186807.8
E01003714,545368.0,186871.3
E01003715,545731.3,186894.3
E01003716,546441.2,186644.6
E01003718,546658.7,187229.5
E01003719,546382.6,187013.3
E01003720,545979.9,191886.9
E01003721,545347.8,191859.0
E01003722,546641.1,192594.2
E01003723,546297.4,192380.7
E01003724,545387.6,192502.9
E01003725,545353.8,192211.8
E01003726,547024.7,192346.4
E01003727,545914.2,192274.6
E01003729,543777.9,185706.3
E01003730,544095.3,185682.2
E01003731,544232.3,185488.0
E01003732,543649.9,185141.1
E01003733,543799.0,185417.5
E01003734,544063.4,185161.8
E01003735,544536.6,185174.7
E01003736,543924.0,184963.7
E01003737,546121.3,186318.1
E01003738,545944.9,185780.5
E01003739,545141.8,185724.9
E01003740,545328.4,186104.4
E01003741,545562.9,185495.6
E01003742,545425.7,186533.1
E01003743,544833.2,186124.9
E01003744,540244.9,193539.3
E01003745,540762.0,192861.1
E01003746,540144.0,192755.3
E01003747,541006.0,192447.4
E01003748,540638.6,192062.6
E01003749,540632.5,191665.6
E01003750,540259.8,191624.8
E01003751,545455.9,188418.7
E01003752,543811.0,188154.4
E01003753,544783.9,188022.2
E01003754,545201.2,187965.6
E01003755,544382.6,187930.5
E01003756,544547.4,187494.7
E01003757,545145.9,187471.1
E01003759,540793.6,189523.8
E01003760,541128.0,190973.0
E01003761,541342.7,191052.1
E01003762,540895.2,190708.2
E01003763,541788.9,190315.5
E01003764,540793.3,189883.6
E01003765,540835.4,190198.7
E01003766,545705.6,187655.5
E01003767,545730.4,187351.8
E01003768,545380.9,187422.2
E01003769,546190.2,187472.7
E01003770,546646.6,188188.3
E01003771,546194.2,187820.3
E01003772,545646.3,187902.4
E01003773,546694.1,187759.6
E01003774,540502.5,189233.2
E01003775,539997.6,189508.8
E01003776,539933.8,189130.3
E01003777,540580.0,188782.4
E01003778,540229.1,188450.2
E01003779,540098.0,188134.2
E01003780,539742.3,190028.6
E01003781,543686.1,187100.1
E01003782,544155.0,186992.5
E01003783,543731.8,186742.1
E01003784,542912.6,186834.2
E01003785,543181.9,186692.1
E01003786,544096.2,187607.6
E01003787,544020.0,187276.1
E01003788,543149.2,187096.8
E01003789,540488.9,187926.2
E01003790,541618.5,186929.5
E01003791,540343.0,187097.3
E01003792,541416.6,186768.3
E01003793,540763.6,186962.4
E01003794,540995.3,189077.6
E01003795,541118.8,188489.0
E01003796,540929.6,188215.8
E01003797,522185.8,176904.5
E01003798,521799.6,176620.9
E01003799,522343.5,176437.3
E01003800,522404.8,177355.1
E01003801,522757.3,177848.2
E01003802,522990.0,177581.6
E01003803,522289.1,177630.5
E01003804,519975.8,175208.7
E01003805,520165.4,174941.5
E01003806,520597.0,174940.4
E01003807,520370.5,175567.2
E01003808,520796.3,175582.2
E01003809,520892.8,175269.0
E01003810,514773.6,171484.9
E01003811,515369.3,171486.8
E01003812,515007.0,171658.8
E01003813,514022.4,171409.7
E01003814,514958.8,171167.6
E01003815,514267.3,170979.0
E01003816,517853.7,172760.5
E01003817,517891.9,171737.1
E01003818,516965.1,172137.9
E01003819,517105.4,172428.4
E01003820,517243.1,171770.7
E01003821,518164.7,174275.6
E01003822,513822.5,170127.2
E01003823,514216.0,169625.8
E01003824,513337.3,170220.8
E01003825,512848.2,170311.7
E01003826,512995.0,169846.1
E01003827,513515.9,169684.8
E01003828,513005.7,170677.3
E01003829,513085.0,171558.3
E01003830,513737.0,170965.0
E01003831,512790.5,171545.2
E01003832,512411.1,170987.8
E01003833,512723.1,170872.2
E01003834,517527.8,169709.0
E01003835,517073.4,170802.4
E01003836,516704.2,170782.2
E01003837,517460.7,170530.5
E01003838,516875.9,170405.2
E01003839,517152.9,169955.0
E01003840,513209.6,174183.3
E01003841,512878.2,173792.7
E01003842,513575.8,173353.1
E01003843,512512.8,173350.4
E01003844,514073.1,173358.0
E01003845,513179.4,173067.7
E01003846,519355.0,176823.7
E01003847,519001.8,176936.5
E01003848,519107.9,175933.3
E01003849,518999.1,176413.3
E01003851,519251.4,177426.7
E01003852,522546.7,175536.0
E01003853,521866.5,176084.2
E01003854,521576.0,176246.7
E01003855,520336.9,175901.2
E01003856,521015.9,175891.0
E01003857,521502.0,175774.6
E01003858,521274.1,175783.3
E01003859,519894.2,175475.0
E01003860,518272.8,175520.9
E01003861,518599.6,175440.1
E01003862,519319.6,175516.3
E01003863,518925.3,175209.6
E01003864,518749.5,175850.1
E01003865,519813.7,175742.4
E01003866,516509.6,174441.4
E01003867,515621.3,174079.4
E01003868,516795.9,174108.2
E01003869,516214.8,174125.7
E01003870,515723.7,173803.6
E01003871,516543.3,175063.8
E01003872,516799.9,174538.8
E01003873,518301.5,175022.2
E01003874,518557.0,174874.6
E01003875,519132.4,174959.1
E01003876,517873.3,174812.2
E01003877,518332.3,174584.5
E01003878,518775.8,174281.0
E01003879,518457.0,174304.7
E01003880,515843.8,172598.0
E01003881,516001.8,172048.5
E01003882,515780.8,173107.3
E01003883,515311.1,173229.9
E01003884,515486.1,172696.0
E01003885,515061.7,172419.6
E01003886,515927.7,171256.1
E01003887,516148.8,170958.3
E01003888,515577.1,170956.6
E01003889,516083.8,170516.3
E01003890,515762.0,171617.2
E01003891,516391.1,171472.9
E01003892,517668.5,174132.3
E01003893,517329.6,174442.4
E01003894,517181.5,174120.6
E01003895,516675.1,173778.1
E01003896,516413.7,173425.9
E01003897,516049.1,173393.0
E01003898,514974.3,172830.4
E01003899,514610.5,172716.8
E01003900,514479.6,172307.5
E01003901,514294.1,173057.9
E01003902,514121.1,172595.6
E01003903,513450.8,172383.8
E01003904,514746.1,173105.9
E01003905,514541.8,174144.1
E01003906,514132.5,174271.3
E01003907,513418.2,173877.3
E01003908,513745.8,174184.8
E01003909,514276.0,173733.0
E01003910,514802.0,173814.5
E01003911,533072.1,176739.6
E01003912,533387.6,176918.5
E01003913,532779.2,176515.9
E01003914,533429.8,176465.9
E01003915,533159.2,176391.0
E01003916,533198.3,177240.2
E01003917,533056.9,177001.3
E01003918,532784.5,177073.7
E01003919,532150.4,176922.4
E01003920,532393.9,177151.2
E01003921,532494.7,176828.8
E01003922,532330.5,176492.8
E01003923,532199.1,177581.5
E01003924,532229.7,177302.4
E01003925,532714.7,177309.6
E01003926,531874.1,177321.5
E01003929,532313.9,179886.5
E01003930,531686.1,179549.7
E01003932,531786.1,179184.9
E01003933,531769.4,178852.8
E01003934,531715.7,180344.3
E01003935,532197.0,180301.9
E01003936,532562.0,179419.3
E01003937,532172.1,179273.1
E01003938,532721.3,179639.5
E01003939,532597.5,179708.2
E01003940,532920.7,179378.6
E01003941,533114.3,179265.1
E01003942,532717.8,179206.1
E01003943,532270.9,179191.2
E01003945,534216.3,172401.7
E01003946,533383.1,171677.3
E01003947,533434.6,171933.0
E01003948,533693.3,171321.1
E01003949,534520.0,173567.3
E01003950,534273.9,173625.2
E01003951,532929.5,172673.2
E01003952,533761.7,174969.1
E01003953,533771.7,175219.4
E01003954,533936.0,174719.2
E01003955,534227.2,174704.1
E01003956,533853.3,174425.1
E01003957,534310.6,174306.6
E01003958,534060.6,174049.0
E01003960,532838.1,178843.5
E01003961,533004.1,178659.6
E01003963,532566.0,178446.7
E01003966,533374.0,178426.1
E01003969,532483.1,177803.5
E01003971,533089.4,178320.3
E01003972,532835.3,178312.4
E01003973,532591.9,178255.5
E01003975,533822.1,179349.8
E01003976,533525.7,179470.9
E01003977,534117.7,179028.8
E01003979,533231.7,179039.2
E01003980,533439.2,178717.2
E01003981,532926.4,179787.5
E01003983,534380.6,177385.2
E01003984,534892.4,177099.7
E01003986,535307.9,178574.1
E01003987,534949.2,178140.1
E01003988,535004.4,177535.4
E01003989,534445.7,177684.3
E01003990,534094.6,177491.3
E01003991,532110.9,177756.7
E01003992,531699.8,177791.3
E01003993,531752.2,177543.6
E01003994,532120.2,178228.5
E01003995,531857.7,178415.4
E01003997,532130.3,177964.7
E01003998,531630.7,178185.9
E01003999,531793.5,177990.1
E01004000,535329.2,176070.2
E01004001,535075.1,175705.0
E01004002,535742.2,175318.9
E01004003,535157.2,177090.4
E01004004,535195.2,176661.0
E01004005,534777.2,176642.2
E01004006,534986.9,176326.8
E01004007,533860.0,177275.5
E01004008,534319.2,177004.2
E01004010,534081.9,176932.6
E01004011,533538.3,177188.2
E01004012,533366.9,177476.3
E01004013,533769.4,176932.4
E01004014,533746.2,177487.4
E01004015,534502.0,174696.8
E01004016,535621.0,174903.6
E01004017,535145.1,174370.1
E01004018,534691.1,174333.2
E01004019,534813.4,175469.8
E01004020,535140.0,175218.1
E01004021,534240.2,175208.9
E01004023,534558.4,179567.9
E01004024,534756.1,179107.5
E01004028,534037.4,179541.0
E01004029,535583.8,179769.1
E01004030,535227.1,179827.9
E01004031,535404.0,179343.1
E01004032,535800.3,179790.0
E01004033,535429.1,179595.1
E01004034,534781.7,179480.5
E01004035,535104.0,178773.2
E01004036,535654.5,178744.0
E01004037,534834.3,178514.4
E01004038,534450.6,178314.0
E01004039,533894.7,178457.7
E01004040,533958.8,178229.3
E01004041,534142.1,178283.0
E01004042,534516.1,178807.1
E01004043,534233.1,178698.2
E01004044,533873.6,178703.5
E01004045,533439.6,175612.1
E01004046,533861.4,175590.0
E01004047,532759.0,175364.0
E01004048,533050.4,175236.9
E01004049,533191.1,175614.2
E01004050,533271.5,176079.5
E01004051,532922.2,175840.1
E01004052,533563.6,175713.5
E01004053,535766.1,180265.5
E01004054,536351.5,180409.5
E01004055,536122.2,180227.4
E01004056,536572.7,179870.2
E01004057,536311.3,179583.7
E01004058,536526.4,179138.1
E01004059,536103.4,179258.6
E01004060,536021.6,178833.0
E01004061,533849.7,176162.7
E01004062,534424.2,175942.0
E01004063,534086.8,176009.0
E01004064,534644.8,175753.5
E01004065,534109.0,175672.5
E01004066,533681.3,176616.3
E01004067,534420.8,176627.8
E01004068,534723.7,176051.9
E01004069,532781.6,173746.9
E01004070,532704.9,174669.1
E01004071,533438.3,174880.3
E01004072,533601.8,174328.9
E01004073,532466.9,174617.6
E01004074,532279.5,174298.3
E01004075,533394.9,174039.6
E01004076,529650.0,165316.6
E01004077,530079.3,164969.3
E01004078,530274.3,165233.2
E01004079,529677.6,164675.8
E01004080,530484.8,164787.7
E01004081,530024.3,164260.3
E01004082,530614.9,164340.8
E01004083,530225.4,163122.4
E01004084,529446.2,162464.1
E01004085,530151.9,162674.0
E01004086,530170.6,163863.8
E01004087,529614.1,163220.7
E01004088,530460.1,163414.2
E01004089,530089.2,163400.1
E01004090,525741.1,162568.8
E01004091,526455.1,162044.7
E01004092,526414.8,162809.3
E01004093,525411.8,162556.4
E01004094,525490.7,162077.5
E01004095,525186.5,163129.7
E01004096,525871.2,162881.6
E01004097,527271.5,163998.3
E01004098,527648.3,163899.6
E01004099,527925.5,164799.2
E01004100,527314.5,164514.3
E01004101,526962.1,164821.5
E01004102,527974.1,164275.7
E01004103,526871.4,164398.9
E01004104,527955.8,163600.3
E01004105,527418.4,163194.8
E01004106,527146.4,162553.2
E01004107,528050.5,163148.0
E01004108,528044.8,162682.5
E01004109,528590.1,160060.0
E01004110,524376.9,163659.9
E01004111,524047.8,164228.4
E01004112,524195.2,163026.8
E01004114,524438.6,161385.8
E01004115,524372.7,164742.9
E01004116,523033.8,164765.2
E01004117,522408.2,164845.3
E01004118,523677.1,164826.9
E01004119,523944.4,165148.7
E01004120,523560.4,164466.6
E01004121,522453.0,165604.2
E01004122,522758.3,165296.3
E01004123,526300.7,166474.9
E01004124,525601.9,166537.6
E01004125,527128.0,166350.9
E01004126,526918.9,166207.3
E01004127,527206.9,165950.6
E01004128,526689.7,165920.8
E01004129,526295.8,166740.1
E01004130,525047.9,165998.9
E01004131,524220.7,165720.0
E01004132,524101.7,165313.1
E01004133,524450.6,165246.8
E01004134,524620.2,166589.7
E01004135,525018.2,166423.6
E01004136,524511.4,166183.6
E01004137,526225.7,164250.0
E01004138,526494.2,164600.4
E01004139,526578.7,164212.4
E01004140,525949.4,164800.9
E01004141,526265.3,164764.1
E01004143,525376.4,164546.1
E01004144,526001.4,165714.1
E01004145,525418.3,165746.9
E01004146,525585.0,165189.4
E01004147,526405.0,165462.5
E01004148,525285.2,165067.8
E01004149,526136.8,165143.9
E01004150,526256.5,163622.4
E01004151,526560.3,163714.7
E01004152,525860.9,163458.9
E01004153,526221.9,163262.9
E01004154,526898.8,163434.4
E01004155,525603.6,163208.0
E01004156,525662.8,163743.8
E01004157,524745.4,163713.1
E01004158,525194.1,163546.8
E01004159,524787.7,164766.0
E01004160,525148.2,164331.4
E01004161,524687.0,164390.9
E01004162,525446.8,164067.9
E01004163,527604.5,165825.4
E01004164,527938.0,165561.5
E01004165,527457.5,165325.7
E01004166,528015.7,165261.8
E01004167,527050.7,165580.0
E01004168,526866.6,165229.0
E01004169,527825.3,166100.3
E01004170,528708.0,164179.4
E01004171,528579.9,165022.3
E01004172,528836.0,164597.9
E01004173,529258.9,164606.0
E01004174,529114.9,164241.2
E01004175,528582.5,165442.6
E01004176,528413.4,164744.3
E01004177,528848.2,163552.2
E01004178,529134.1,163853.0
E01004179,529272.8,163428.6
E01004180,528517.9,163213.5
E01004181,529052.0,162982.2
E01004182,529516.6,164022.7
E01004183,527141.3,166774.8
E01004184,527495.3,166749.2
E01004185,527997.9,166762.4
E01004186,528140.0,166454.8
E01004187,527545.5,166354.6
E01004189,527015.9,167216.9
E01004190,523060.9,165734.5
E01004191,523313.8,165269.3
E01004192,522666.8,166367.9
E01004193,523160.3,166281.2
E01004194,523635.0,166177.9
E01004195,522621.8,165969.9
E01004196,523620.7,165804.0
E01004198,535017.2,183112.7
E01004199,534744.1,183109.6
E01004200,534534.4,183105.6
E01004201,535462.4,183312.3
E01004202,534392.0,183295.3
E01004203,534645.9,182791.7
E01004204,534411.5,182909.7
E01004205,534547.9,182097.6
E01004206,534905.6,182162.9
E01004207,535477.0,182259.6
E01004208,534982.8,182014.4
E01004209,535121.6,182354.5
E01004211,534656.7,182531.6
E01004212,534912.3,182450.4
E01004214,538385.3,179418.7
E01004216,538507.4,179017.3
E01004217,538341.7,178539.1
E01004218,538567.2,178723.0
E01004219,538215.8,180749.9
E01004221,538284.0,179751.5
E01004222,536643.0,183577.1
E01004223,536776.5,183875.8
E01004226,536777.8,183296.2
E01004228,536509.8,183098.7
E01004229,536828.4,182935.8
E01004230,536226.8,183060.4
E01004231,537096.2,182926.6
E01004232,536494.7,182698.6
E01004233,536356.7,183481.7
E01004234,536159.6,183339.5
E01004235,537775.0,182947.1
E01004236,537797.8,182708.8
E01004237,537520.6,182685.2
E01004239,537637.9,182509.2
E01004240,537381.5,182299.1
E01004241,537319.8,182042.9
E01004243,538556.0,181275.3
E01004244,537633.6,181151.8
E01004245,538795.2,181332.5
E01004247,538064.6,181166.4
E01004248,538073.4,181967.0
E01004249,538231.0,181577.1
E01004251,536687.3,181334.1
E01004255,536895.3,180876.3
E01004256,537459.1,180816.0
E01004257,537837.8,180856.1
E01004258,536698.4,180772.9
E01004259,535280.4,182828.4
E01004260,535593.0,182797.6
E01004263,535586.3,182466.8
E01004264,536118.4,182107.0
E01004266,535334.2,183029.2
E01004267,537342.7,182619.1
E01004268,537014.2,182567.6
E01004270,536645.2,182103.6
E01004271,536864.0,181936.7
E01004272,537091.1,181707.8
E01004274,537455.8,178650.3
E01004275,537796.3,178488.6
E01004276,537793.6,178302.4
E01004277,537099.4,180494.2
E01004280,537180.8,179359.5
E01004281,537604.3,178869.5
E01004283,535510.3,181774.9
E01004286,536298.7,181372.5
E01004287,535338.3,181443.3
E01004288,535877.9,181354.1
E01004289,535574.4,181360.6
E01004290,535611.6,181991.3
E01004291,534827.5,180155.2
E01004292,534498.0,180373.4
E01004293,534170.7,180311.5
E01004295,534479.5,180846.3
E01004296,534877.1,180453.5
E01004297,535159.1,180438.8
E01004298,535083.4,181130.7
E01004300,535440.7,180863.1
E01004301,534925.8,180857.8
E01004302,535044.5,180973.4
E01004303,535606.9,180906.5
E01004304,534767.6,181083.7
E01004305,535551.5,181074.9
E01004306,533955.2,181810.7
E01004307,533593.6,181845.2
E01004308,534231.1,181913.9
E01004309,534171.8,181730.2
E01004310,533742.1,181518.3
E01004311,533679.5,182780.9
E01004312,534076.0,182671.5
E01004313,534268.1,182621.7
E01004315,533799.1,182609.3
E01004316,533659.4,182432.6
E01004319,534436.8,181051.7
E01004321,534554.4,181385.7
E01004322,535045.6,181815.8
E01004323,535052.0,181557.1
E01004324,535257.8,181702.3
E01004326,534935.6,181382.1
E01004327,539765.0,186347.3
E01004328,539236.6,185987.0
E01004329,539778.0,186024.0
E01004330,539457.5,186095.9
E01004331,540001.1,185933.3
E01004332,539327.5,185674.3
E01004333,539595.3,186758.0
E01004334,539451.3,186514.4
E01004335,538965.3,185786.4
E01004336,538339.2,185834.0
E01004337,538637.2,185630.0
E01004338,538570.9,185919.7
E01004339,539178.5,186779.4
E01004340,538918.5,186217.4
E01004341,539156.5,186383.0
E01004342,537825.0,190301.5
E01004343,538296.8,191036.3
E01004344,537636.3,190848.7
E01004345,538097.4,190568.4
E01004346,537167.1,190710.6
E01004347,537401.9,190443.8
E01004348,538210.4,190195.5
E01004349,537844.2,195660.8
E01004350,537748.9,194825.2
E01004351,538049.3,195020.5
E01004352,538831.9,194732.2
E01004353,539438.8,194230.6
E01004354,538951.7,194336.9
E01004355,537978.4,193567.2
E01004356,537386.5,193808.0
E01004357,537877.5,194355.6
E01004358,538223.3,194085.0
E01004359,538568.9,193959.5
E01004360,538432.9,193494.8
E01004361,537153.9,193538.4
E01004362,539337.9,188160.4
E01004363,538524.8,188522.4
E01004364,538281.4,188239.8
E01004365,537937.3,188211.9
E01004366,538697.2,188058.7
E01004367,538289.1,187872.3
E01004368,538461.6,187725.3
E01004369,538252.8,187058.8
E01004370,538309.6,187253.7
E01004371,538817.9,187027.3
E01004372,538536.7,186959.6
E01004373,538110.9,186823.1
E01004374,538691.4,186684.4
E01004375,538298.5,186621.9
E01004376,538385.2,186390.0
E01004377,538749.2,190700.3
E01004378,538694.3,190308.3
E01004379,538448.6,191978.4
E01004380,539181.0,191648.2
E01004381,538579.6,191513.4
E01004382,538148.6,191677.3
E01004383,538733.8,191199.2
E01004384,538839.3,193258.3
E01004385,539829.1,192150.9
E01004386,539028.2,192762.3
E01004387,538908.5,192358.1
E01004388,538859.9,192022.7
E01004389,539295.7,193706.2
E01004390,539256.1,193318.1
E01004391,536089.3,188954.7
E01004392,536526.1,189093.6
E01004393,535961.8,189215.6
E01004394,536213.6,188816.7
E01004395,535917.6,188509.0
E01004396,536387.0,189420.6
E01004397,537025.1,189211.5
E01004398,535883.9,190720.6
E01004399,536283.1,190947.9
E01004400,536307.3,190536.2
E01004401,535961.3,190167.8
E01004402,536405.7,190302.5
E01004403,536752.7,190738.6
E01004404,536172.0,189948.1
E01004405,537904.3,188488.6
E01004406,537536.7,188506.9
E01004407,537922.7,189629.0
E01004408,537498.7,189621.7
E01004409,537464.7,189333.5
E01004410,537882.4,189345.8
E01004411,537475.4,189026.7
E01004412,537783.1,188771.9
E01004413,538392.6,193010.8
E01004414,537551.1,192969.6
E01004415,537961.1,192997.2
E01004416,538131.6,192227.7
E01004417,537567.5,192378.8
E01004418,537556.3,191974.2
E01004419,537644.5,191480.0
E01004420,537605.5,188021.4
E01004421,537075.0,187824.9
E01004422,536323.4,187351.1
E01004423,537498.3,187773.3
E01004424,537024.8,187428.5
E01004425,536684.4,187618.7
E01004426,537255.1,187425.1
E01004427,536648.0,187223.0
E01004428,537475.2,186851.4
E01004429,537781.8,186623.8
E01004430,538035.8,186242.9
E01004432,537886.5,187437.4
E01004434,537426.9,187188.4
E01004435,537785.8,186960.6
E01004436,539431.6,187901.6
E01004437,538835.5,187571.8
E01004438,539653.9,187490.9
E01004439,538895.3,187335.8
E01004440,539371.6,187075.2
E01004441,539744.3,187254.9
E01004442,539194.3,187857.2
E01004443,537221.4,188785.9
E01004444,536658.6,188582.5
E01004445,536985.5,188458.8
E01004446,536287.1,188416.9
E01004447,537299.1,188290.1
E01004448,536478.9,188118.2
E01004449,536917.9,188036.9
E01004450,536787.9,192848.3
E01004451,537119.0,193164.2
E01004452,537131.1,192688.0
E01004453,536586.2,192345.6
E01004454,537116.5,192245.7
E01004455,537189.2,191899.4
E01004456,536721.0,191822.8
E01004457,536901.5,189785.2
E01004458,536535.7,189675.4
E01004459,536710.4,190081.2
E01004460,537302.8,189883.0
E01004462,536912.0,189458.5
E01004463,536976.6,190195.8
E01004464,538315.9,189403.8
E01004465,538389.4,189076.9
E01004466,538141.6,188821.4
E01004467,538558.1,188865.5
E01004468,538913.7,189345.3
E01004469,538708.7,189950.7
E01004470,538259.5,189707.2
E01004471,538546.6,189655.6
E01004472,528531.2,173906.1
E01004473,528868.8,173608.5
E01004474,528627.5,173519.9
E01004475,528885.2,173216.4
E01004476,528698.2,174114.5
E01004477,528283.3,174363.8
E01004478,528042.1,174385.1
E01004479,527973.9,173982.7
E01004480,528981.8,174017.1
E01004481,528100.4,172216.5
E01004482,528337.2,172033.0
E01004483,528554.2,171736.9
E01004484,528948.5,172859.3
E01004485,528507.4,172845.9
E01004486,528986.6,172509.1
E01004487,528743.2,172599.2
E01004488,528419.7,172561.4
E01004489,528452.8,172304.9
E01004490,526292.0,172426.2
E01004491,526799.5,172256.4
E01004492,526358.7,172124.2
E01004493,526002.3,173532.7
E01004494,525896.3,173869.8
E01004495,525809.9,173315.3
E01004496,526062.2,173039.0
E01004497,526464.9,172855.1
E01004498,526179.2,172697.0
E01004499,524856.1,174646.6
E01004500,523938.6,174578.5
E01004501,523560.2,174656.8
E01004502,525084.9,174394.2
E01004503,524366.5,174425.0
E01004504,524809.3,174100.2
E01004505,523875.8,174107.5
E01004506,523935.7,174926.5
E01004507,524444.8,174840.1
E01004508,526828.1,175107.9
E01004510,526359.1,174896.3
E01004511,525034.1,174837.3
E01004512,526149.4,174423.4
E01004513,525902.3,174281.3
E01004514,525981.2,174818.5
E01004515,526551.8,175167.6
E01004516,528767.1,171168.4
E01004517,529316.9,171067.1
E01004518,529017.1,170974.2
E01004519,528278.7,170989.9
E01004520,528582.2,170841.4
E01004521,529298.2,170692.9
E01004522,529038.0,170596.8
E01004523,529087.5,171512.0
E01004524,529368.5,171498.8
E01004525,527593.1,171289.0
E01004526,527410.5,171105.2
E01004527,527868.1,171301.9
E01004528,528129.1,171130.4
E01004529,527856.7,170806.3
E01004530,527485.0,170841.1
E01004531,527912.5,171642.4
E01004532,528314.8,171556.5
E01004533,528115.9,171435.9
E01004534,527323.1,176116.4
E01004535,526872.1,175787.9
E01004536,527149.3,175778.9
E01004537,526771.8,175588.5
E01004538,526481.0,175416.9
E01004539,528108.9,176438.2
E01004540,527738.9,176401.2
E01004541,526983.3,176008.9
E01004542,527948.3,173525.4
E01004543,527746.8,173225.6
E01004544,528238.0,173509.2
E01004545,528337.4,173089.9
E01004546,528015.3,172951.7
E01004547,527763.1,172967.7
E01004548,528100.8,172692.0
E01004549,527661.2,172648.5
E01004550,528154.2,173809.5
E01004551,527211.9,175275.5
E01004552,527497.5,175153.4
E01004553,527290.6,174950.1
E01004554,527792.9,174983.1
E01004555,528076.8,174737.0
E01004556,527739.5,174773.9
E01004557,527461.6,174600.3
E01004558,527739.0,174488.6
E01004559,527752.3,174194.7
E01004560,528080.4,176671.8
E01004563,528439.3,176598.1
E01004564,528711.2,176331.1
E01004565,528607.6,176120.6
E01004566,528491.1,176887.9
E01004567,529279.0,176929.5
E01004568,522038.3,174086.5
E01004569,522147.2,173830.7
E01004570,522205.6,173449.0
E01004571,522458.3,173370.5
E01004572,522681.2,173432.3
E01004573,522083.9,172458.7
E01004574,521739.3,174208.9
E01004575,521613.1,175349.1
E01004576,521410.3,174588.4
E01004577,527485.2,176689.9
E01004579,527289.0,176491.1
E01004580,527077.3,176396.0
E01004581,526885.6,176680.7
E01004582,527411.0,177066.8
E01004583,527035.8,177028.6
E01004584,527180.4,176795.8
E01004585,527790.3,175734.5
E01004586,527934.7,175393.6
E01004587,528404.4,175400.5
E01004588,527668.9,175361.2
E01004589,528138.9,175407.4
E01004590,528362.8,176005.8
E01004591,528315.3,175707.6
E01004592,528074.0,175925.7
E01004593,525169.7,173724.3
E01004594,524839.3,173624.5
E01004595,525145.4,173363.0
E01004596,524918.0,173149.7
E01004597,525292.2,173019.1
E01004598,525625.2,173005.0
E01004599,525012.8,172833.6
E01004601,525334.5,174075.3
E01004602,524353.0,175207.1
E01004604,523273.6,175602.2
E01004605,523344.1,175999.6
E01004606,523620.0,175803.1
E01004607,523622.3,175449.6
E01004608,523928.7,175650.4
E01004609,523975.0,175235.3
E01004610,527244.6,171816.1
E01004611,528015.4,171972.0
E01004612,527601.3,171968.4
E01004613,527723.9,171774.7
E01004614,526878.7,171651.9
E01004615,526572.8,171782.6
E01004616,527276.8,171485.5
E01004617,527105.3,171151.1
E01004618,527672.7,172327.4
E01004619,527124.5,173778.9
E01004620,526205.6,174115.0
E01004621,526528.9,174081.8
E01004622,526778.0,173936.4
E01004623,526243.5,173744.6
E01004624,526727.7,173194.5
E01004625,526909.9,173305.2
E01004626,527326.8,172778.7
E01004627,526372.2,174578.3
E01004628,524288.3,173970.3
E01004629,524517.6,173489.0
E01004630,524012.3,173640.1
E01004631,523846.6,173410.0
E01004632,524519.8,173018.4
E01004633,524253.0,173430.7
E01004634,523733.8,173058.7
E01004635,524126.8,173083.0
E01004636,523746.2,172751.5
E01004637,524103.3,172676.5
E01004638,523047.2,174808.2
E01004639,522828.3,175287.6
E01004640,523260.3,175206.3
E01004641,522323.0,175202.6
E01004642,522391.6,174833.7
E01004643,523415.0,174306.5
E01004644,522484.8,174364.5
E01004645,523011.2,174308.1
E01004646,526269.5,183631.1
E01004647,527040.3,183413.5
E01004648,526047.4,183320.9
E01004649,526652.2,183476.0
E01004650,526344.9,182935.7
E01004651,526496.3,183114.4
E01004652,525800.7,181320.3
E01004653,525189.6,181235.6
E01004654,525501.0,181146.8
E01004656,525906.1,181446.1
E01004657,527819.3,181356.8
E01004658,527577.7,181298.0
E01004659,527541.4,182192.7
E01004660,527826.1,181992.2
E01004661,527456.4,181694.1
E01004662,527729.0,181800.6
E01004663,527502.3,181523.8
E01004665,529131.6,178012.8
E01004668,528934.9,178100.8
E01004669,529303.7,178030.6
E01004670,527282.0,182402.3
E01004674,524922.6,182367.6
E01004675,525161.5,182278.9
E01004676,525315.6,182189.5
E01004677,524925.2,182843.2
E01004678,524965.3,182576.1
E01004679,524712.2,182189.4
E01004680,527397.1,181000.5
E01004681,526395.3,181231.4
E01004682,526648.4,181046.6
E01004683,526943.3,180986.4
E01004684,527140.2,181343.5
E01004686,527423.7,181242.5
E01004687,528312.4,178810.1
E01004690,528509.3,179290.8
E01004691,528106.6,179552.4
E01004692,527030.3,179564.5
E01004693,525585.7,180726.4
E01004694,526436.6,180847.9
E01004695,525871.2,180695.6
E01004696,526065.1,181265.9
E01004697,526259.7,181141.1
E01004698,525991.7,180883.6
E01004699,525722.4,181015.0
E01004700,526255.5,180958.9
E01004701,526206.0,182457.6
E01004702,526667.6,181916.4
E01004703,526392.5,182111.5
E01004705,526254.2,182306.3
E01004706,525503.0,182547.9
E01004707,525772.5,182523.5
E01004708,525370.1,182547.6
E01004709,525999.8,182726.0
E01004710,525617.1,183209.9
E01004711,525843.3,183003.6
E01004712,528041.6,181831.3
E01004713,528601.0,181739.9
E01004714,528277.9,181432.4
E01004715,528967.8,181991.3
E01004716,528518.6,182019.2
E01004717,528283.8,181735.7
E01004718,524660.2,182542.2
E01004719,524268.3,182766.9
E01004720,523985.1,182702.8
E01004721,524261.0,182469.1
E01004722,524530.7,182765.1
E01004723,524618.3,182952.4
E01004724,527118.5,183185.1
E01004725,527125.8,182685.5
E01004726,526642.6,182832.5
E01004727,527561.3,182381.6
E01004728,526724.0,182453.6
E01004729,526572.9,182562.8
E01004730,527363.5,183378.6
E01004731,529386.2,179343.2
E01004732,529761.4,179240.5
E01004733,529876.3,179100.5
E01004734,530024.1,180802.0
E01004735,530504.8,181097.4
E01004736,529487.5,180102.6
E01004737,529793.5,178138.9
E01004740,529454.7,178560.3
E01004741,529627.7,178379.6
E01004742,529386.9,178348.2
E01004743,529897.8,178913.5
E01004744,529363.5,178926.3
E01004746,529814.9,178805.1
E01004747,529678.0,178602.2
E01004748,529206.3,178999.1
E01004749,529165.2,178661.4
E01004750,528754.0,178509.7
E01004751,528924.5,178438.9
E01004752,529223.4,178362.2
E01004753,529030.7,178254.9
E01004754,525632.5,181938.9
E01004755,525186.3,181945.7
E01004756,525532.7,182115.2
E01004757,525932.0,181781.1
E01004760,525002.3,181437.5
E01004761,528645.8,180409.2
E01004762,528207.5,180855.5
E01004763,529441.2,181468.4
E01004765,529047.8,181664.9
E01004766,371179.3,411529.1
E01004767,371766.2,411507.0
E01004768,370941.0,413030.9
E01004769,371907.9,412832.0
E01004770,372074.7,412207.6
E01004771,371341.8,412690.0
E01004772,370741.6,412250.5
E01004773,371570.0,412127.6
E01004774,371158.9,412013.8
E01004775,365596.5,409325.1
E01004776,365256.6,407128.9
E01004777,363556.2,411327.4
E01004778,361271.7,411152.4
E01004779,363182.0,411219.0
E01004780,362210.8,410756.5
E01004781,364776.7,410227.9
E01004782,361462.2,410835.8
E01004783,362161.2,410046.4
E01004784,374484.6,411221.1
E01004785,374347.6,410881.3
E01004786,374080.3,411492.0
E01004787,374558.4,410387.6
E01004788,373768.5,412589.9
E01004789,374169.7,412598.5
E01004790,373358.9,412189.1
E01004791,374322.6,411900.4
E01004792,374997.6,411441.2
E01004793,374260.3,410076.8
E01004794,373870.2,410542.2
E01004795,374807.6,409854.6
E01004796,374203.6,409370.7
E01004797,374010.9,409792.5
E01004798,374621.3,409080.8
E01004799,374998.9,408999.0
E01004800,375089.5,408546.4
E01004801,374136.1,408773.9
E01004802,372699.7,411538.1
E01004803,370856.3,414985.4
E01004804,371226.9,414561.6
E01004805,372606.1,413780.5
E01004806,372772.1,413165.6
E01004807,371927.3,413807.9
E01004808,371564.5,413802.6
E01004809,372130.9,413398.2
E01004810,373013.9,412263.6
E01004811,372052.3,407582.4
E01004812,372526.4,407462.0
E01004813,371733.7,407199.3
E01004814,373322.6,406895.9
E01004815,372052.9,407307.3
E01004816,372407.3,407011.5
E01004817,372328.3,408637.1
E01004818,372515.5,409113.8
E01004819,372890.8,408578.6
E01004820,371292.9,410497.2
E01004822,371539.7,410506.8
E01004823,371181.0,409770.3
E01004824,371688.6,410969.2
E01004825,371331.6,410891.5
E01004826,370945.4,410758.0
E01004827,370046.5,408061.4
E01004828,370167.5,407857.3
E01004829,370402.2,407713.8
E01004830,369944.8,407242.1
E01004831,369523.0,406935.1
E01004832,370215.8,407091.5
E01004833,369748.6,406695.6
E01004834,369709.2,408005.1
E01004835,368394.6,407972.9
E01004836,368782.1,408109.4
E01004837,368527.6,409098.3
E01004838,369401.6,407896.5
E01004839,369240.9,407526.6
E01004840,368274.7,410561.5
E01004841,368557.2,410971.2
E01004842,369017.6,410031.0
E01004843,369231.3,409822.4
E01004844,367325.5,409083.7
E01004845,369570.8,409284.6
E01004846,371469.2,407259.1
E01004847,371087.6,407419.0
E01004848,371473.9,408123.5
E01004849,370778.6,408664.1
E01004850,370324.6,408364.3
E01004851,370793.4,408271.4
E01004852,371083.0,407938.6
E01004853,370523.2,408033.0
E01004854,370776.7,407776.3
E01004855,374115.7,406137.4
E01004856,372941.5,406570.3
E01004857,373612.8,406469.2
E01004858,373113.3,405898.5
E01004859,374048.3,405849.3
E01004860,373420.9,405473.5
E01004861,372611.4,405279.6
E01004862,372995.1,405370.9
E01004863,373213.4,404953.5
E01004864,370303.8,411023.7
E01004865,370670.9,410968.3
E01004866,370807.7,410244.2
E01004867,370532.9,410668.8
E01004868,370110.4,409669.0
E01004869,370389.0,410020.4
E01004870,370498.0,409587.7
E01004871,370447.4,409006.6
E01004872,372551.9,405854.7
E01004873,372398.2,406203.6
E01004874,371329.3,405554.5
E01004875,371818.8,405858.2
E01004876,371791.5,405451.6
E01004877,370891.1,406922.1
E01004878,370630.6,407054.3
E01004879,371382.9,406937.4
E01004880,372149.9,406464.7
E01004881,363659.9,411787.2
E01004882,364169.5,411188.7
E01004883,364434.9,410856.8
E01004884,365162.8,411603.4
E01004885,365939.4,410049.7
E01004886,365037.8,410420.1
E01004887,365330.3,410530.8
E01004888,364256.3,412182.2
E01004889,363856.7,412194.0
E01004890,364103.9,411739.4
E01004891,366652.6,406160.1
E01004892,368817.4,405565.5
E01004893,366266.5,405837.8
E01004894,365726.3,406203.3
E01004895,365825.6,405269.4
E01004896,368878.6,404551.2
E01004897,367696.2,408580.4
E01004899,368172.1,406976.5
E01004900,369095.9,407075.7
E01004901,366007.4,406571.5
E01004902,373918.8,405332.3
E01004903,375737.2,405172.5
E01004904,376099.6,405072.0
E01004905,374870.3,405253.5
E01004906,374359.6,405497.5
E01004907,374727.3,404524.9
E01004908,375910.7,404274.4
E01004909,375079.9,404672.6
E01004910,375531.0,405723.1
E01004911,375330.5,407617.4
E01004912,374919.3,407261.3
E01004913,375754.1,407558.2
E01004914,376264.8,407213.9
E01004915,375319.0,406831.8
E01004916,375856.8,406986.9
E01004917,374151.2,408153.5
E01004918,375471.2,408031.7
E01004919,369152.1,410475.8
E01004920,368696.6,410531.9
E01004921,369634.7,410467.4
E01004922,369816.3,410180.3
E01004923,369808.8,409638.6
E01004924,369728.0,411435.2
E01004925,370054.9,410769.2
E01004926,373025.0,410618.5
E01004927,372645.1,410226.8
E01004928,373012.4,410255.1
E01004929,372708.4,410923.6
E01004930,373325.1,409997.3
E01004931,373203.6,409638.5
E01004932,373215.2,409356.4
E01004933,365333.5,404171.0
E01004934,364779.8,404448.8
E01004935,365644.7,404532.8
E01004936,365263.1,406197.2
E01004937,364539.2,404930.0
E01004938,365369.2,405390.6
E01004939,364937.1,405337.4
E01004940,365370.6,404819.6
E01004941,381960.0,405875.1
E01004942,381067.8,405777.3
E01004943,381254.7,405356.2
E01004944,381613.6,405707.1
E01004945,381602.3,406583.8
E01004946,381932.0,406342.2
E01004947,379147.0,410681.8
E01004948,379005.5,410357.8
E01004949,378152.1,410557.6
E01004950,377685.8,410828.1
E01004951,378491.0,410036.7
E01004952,377948.3,410055.0
E01004953,378785.3,410803.4
E01004954,382987.1,411678.8
E01004955,382486.8,411473.3
E01004956,381335.5,411857.1
E01004957,382059.1,411076.2
E01004958,381505.0,411156.5
E01004959,381609.3,410877.5
E01004960,381940.1,411776.4
E01004961,379813.0,411710.2
E01004962,379053.8,411571.5
E01004963,378668.9,411474.4
E01004964,379418.2,411326.7
E01004965,379239.1,413011.1
E01004966,379090.8,412571.5
E01004967,379776.4,412283.0
E01004968,378958.4,412091.8
E01004969,383586.4,405821.0
E01004970,382132.6,405143.8
E01004971,381642.0,405033.9
E01004972,381844.7,404724.8
E01004973,382142.6,404378.3
E01004974,381698.4,404288.5
E01004975,382148.1,403977.3
E01004976,380540.7,412652.6
E01004977,380854.8,412707.7
E01004978,380696.7,412111.5
E01004979,380766.5,411686.2
E01004980,380973.7,411678.8
E01004981,380577.1,413878.8
E01004982,380716.1,413564.7
E01004983,380824.9,404949.5
E01004984,379781.5,405230.1
E01004985,379414.5,405113.6
E01004986,380702.4,405423.8
E01004987,380820.8,406719.5
E01004988,380874.2,406297.9
E01004989,380199.9,406034.8
E01004990,377233.7,407428.7
E01004991,379275.9,408272.7
E01004992,379375.1,407965.3
E01004993,380009.8,408140.1
E01004994,378984.4,407561.0
E01004995,377015.0,407306.2
E01004996,377786.1,407492.6
E01004997,378076.6,407787.5
E01004998,377443.7,408532.0
E01004999,377900.8,408498.5
E01005000,376348.8,408312.8
E01005001,375937.5,408214.7
E01005002,377001.1,408155.3
E01005003,377743.2,408125.6
E01005004,377194.9,407954.3
E01005005,376271.2,410080.3
E01005006,377431.9,409800.6
E01005007,380451.6,406849.4
E01005008,378217.0,407226.0
E01005009,378756.0,406999.2
E01005010,378067.5,405918.5
E01005011,379966.0,406445.5
E01005012,379220.0,406255.0
E01005013,378717.5,406352.8
E01005014,379097.0,417063.2
E01005015,379761.8,417131.9
E01005016,378830.4,416729.8
E01005017,379034.2,416079.6
E01005018,378552.2,416243.0
E01005019,378296.7,415283.6
E01005020,379104.1,415662.3
E01005021,378077.5,415736.5
E01005022,379362.6,415039.7
E01005023,378537.4,414530.1
E01005024,380975.8,410506.3
E01005025,380082.2,409486.2
E01005026,381193.7,410344.9
E01005027,380254.8,410131.1
E01005028,381087.6,409808.2
E01005029,380679.2,409772.3
E01005030,379998.9,409141.9
E01005031,380741.8,402814.3
E01005032,381045.1,402205.5
E01005033,381810.7,402663.9
E01005034,381145.0,404472.2
E01005035,380838.4,403822.3
E01005036,381332.4,403851.4
E01005037,380916.4,403223.7
E01005038,381150.9,402805.5
E01005039,382179.0,403485.9
E01005040,383325.7,403314.2
E01005041,383050.5,402963.2
E01005042,382231.8,402942.0
E01005043,382667.4,402701.8
E01005044,382345.0,402502.7
E01005045,381878.9,403632.5
E01005046,378078.9,414488.7
E01005047,376389.2,414041.3
E01005048,377708.0,414775.3
E01005049,377664.4,413442.6
E01005050,378145.9,412371.0
E01005051,377683.4,412840.6
E01005052,377536.4,412490.2
E01005053,377655.5,411922.8
E01005054,381121.7,408183.0
E01005055,380986.3,407262.6
E01005056,381674.0,407093.1
E01005057,381926.7,407782.6
E01005058,381224.5,406863.7
E01005059,380847.7,409183.5
E01005060,380597.4,408396.5
E01005061,386339.0,396899.1
E01005063,385823.8,396386.5
E01005065,385132.1,397001.3
E01005066,384743.5,397262.7
E01005067,387037.9,396757.9
E01005068,381139.9,386998.3
E01005069,379938.8,388923.5
E01005070,381083.8,388059.3
E01005071,381023.6,388846.7
E01005072,381506.4,388605.7
E01005073,381810.1,388612.3
E01005074,381418.7,387809.0
E01005075,381032.8,387426.7
E01005076,384133.9,392089.3
E01005077,382615.5,391672.8
E01005078,383711.6,391495.0
E01005079,383018.6,391757.3
E01005081,382830.3,393077.2
E01005082,382111.9,392595.2
E01005083,383846.0,391883.9
E01005084,382529.6,392289.4
E01005085,382561.7,388786.7
E01005086,382836.5,388440.2
E01005087,382396.7,388233.2
E01005088,382134.8,387860.8
E01005089,382762.0,387845.2
E01005090,382076.2,387431.0
E01005091,382647.1,387462.4
E01005092,387947.6,398748.9
E01005093,388447.1,398758.5
E01005094,388638.3,398464.5
E01005097,388275.6,399024.6
E01005098,384588.3,404419.0
E01005099,385919.1,404332.8
E01005100,385326.6,404267.4
E01005101,385656.5,403870.4
E01005102,384408.5,404215.7
E01005103,384929.9,403772.0
E01005104,384525.7,403315.7
E01005105,386569.4,397779.6
E01005106,387488.0,397715.9
E01005107,388346.1,397817.6
E01005111,379794.7,390063.5
E01005112,381523.0,389208.1
E01005113,379911.7,389462.3
E01005114,379367.7,389941.3
E01005115,380884.7,390230.1
E01005116,380228.7,389891.9
E01005117,380871.4,389287.4
E01005118,386518.6,393071.4
E01005119,386579.4,392122.7
E01005120,386864.7,393000.8
E01005121,386289.4,392551.4
E01005122,387004.3,392600.0
E01005123,385865.8,392270.6
E01005124,386284.0,391834.7
E01005125,385833.4,391750.6
E01005126,385754.9,391283.6
E01005128,384345.5,397444.3
E01005129,385767.5,399430.6
E01005130,385311.6,399285.2
E01005132,386019.6,399049.4
E01005135,386375.8,403775.1
E01005136,385956.8,403502.3
E01005138,386469.7,403277.1
E01005139,386928.3,403613.0
E01005141,387221.8,402950.0
E01005142,383841.4,401307.1
E01005143,384360.9,400744.6
E01005145,384269.9,401222.1
E01005147,384032.5,400599.3
E01005149,384243.5,401528.6
E01005150,381556.8,393995.3
E01005151,380929.5,394112.9
E01005152,381272.7,394310.5
E01005153,381482.5,393577.8
E01005154,381871.5,393758.8
E01005155,381069.7,393652.0
E01005156,382177.7,393536.2
E01005157,381559.0,393148.4
E01005158,381855.3,393103.9
E01005159,381540.2,394563.8
E01005160,383765.9,403106.4
E01005161,384399.0,402773.6
E01005162,383403.4,402683.4
E01005163,384052.9,402613.4
E01005164,384713.5,402410.8
E01005165,383823.7,402282.5
E01005166,384340.0,402093.0
E01005167,384690.1,401896.8
E01005168,385488.4,390731.1
E01005169,385022.1,390191.2
E01005170,384756.3,389617.1
E01005171,385336.0,389836.8
E01005172,384370.0,391557.1
E01005173,384145.7,391243.6
E01005174,385026.4,391468.5
E01005175,385315.5,391223.3
E01005176,384849.1,391117.6
E01005177,384447.2,390907.1
E01005178,384212.4,394520.8
E01005179,383290.2,394461.5
E01005180,384637.9,394359.0
E01005181,383316.6,393975.9
E01005182,383963.6,394625.2
E01005183,384137.6,394076.7
E01005184,385106.7,394073.1
E01005185,385655.5,394056.8
E01005186,387789.6,396648.6
E01005187,389492.6,396822.9
E01005188,389515.6,396650.3
E01005189,388523.0,396432.3
E01005190,388952.6,396692.1
E01005191,388978.8,396322.0
E01005192,389503.6,395745.6
E01005193,389569.3,395532.0
E01005195,388318.5,395401.5
E01005197,388738.6,395793.0
E01005198,387776.3,395414.6
E01005199,387673.8,394626.9
E01005200,388225.4,394373.4
E01005201,388285.1,395933.7
E01005202,386259.0,401390.5
E01005203,385710.0,401155.3
E01005205,385947.6,401773.0
E01005206,385628.3,402231.5
E01005207,386363.5,402134.9
E01005208,383523.6,396323.3
E01005210,384143.9,396790.1
E01005212,383952.5,396914.2
E01005213,382993.0,396850.8
E01005214,383160.4,396567.7
E01005215,387997.8,393327.5
E01005216,387414.6,393622.8
E01005217,386731.5,393494.6
E01005218,386779.9,393912.2
E01005219,387116.9,394300.2
E01005220,387723.3,394313.1
E01005221,387481.7,394040.9
E01005222,387872.1,393830.5
E01005223,386831.2,402099.4
E01005224,386820.6,401576.6
E01005225,387409.3,401445.0
E01005226,387204.7,401742.4
E01005227,386570.6,401399.9
E01005228,387354.3,401117.6
E01005229,387350.1,402275.1
E01005230,386235.0,395729.3
E01005231,385827.1,395719.4
E01005232,387107.2,395935.1
E01005233,387318.7,395402.4
E01005234,386956.0,395273.4
E01005235,387390.9,395699.5
E01005236,386255.5,395464.5
E01005237,386681.5,395206.2
E01005238,386895.1,394864.0
E01005239,386387.4,396297.9
E01005243,383212.3,395687.4
E01005244,384692.7,395541.0
E01005245,383754.6,395588.2
E01005246,384066.1,395411.8
E01005247,389267.8,402074.8
E01005248,388509.8,401803.6
E01005249,388169.2,401785.3
E01005250,388519.6,402520.9
E01005251,388610.6,402995.4
E01005252,388116.7,402829.6
E01005253,388962.7,402503.8
E01005254,389532.0,402438.0
E01005255,388304.4,399749.0
E01005256,387827.2,400630.7
E01005257,387519.7,399872.5
E01005258,388591.6,400404.7
E01005259,388347.7,400191.4
E01005260,388939.7,399827.7
E01005261,387989.8,399974.8
E01005262,380575.2,390500.3
E01005263,383371.1,389669.9
E01005264,381898.9,390591.9
E01005265,381556.1,390339.6
E01005266,381186.5,390748.6
E01005267,382726.6,390394.7
E01005268,383043.0,390061.9
E01005269,382587.5,389621.8
E01005270,384381.0,393415.2
E01005271,385254.9,393635.4
E01005272,383954.5,393052.4
E01005273,384915.7,393294.7
E01005274,384509.6,393037.6
E01005275,384295.9,392562.3
E01005276,384599.3,392703.0
E01005277,384634.7,392197.6
E01005278,384713.8,393685.9
E01005279,383927.0,393605.2
E01005280,386444.5,394641.4
E01005281,385838.9,394457.5
E01005284,385255.3,395650.2
E01005285,384929.4,395312.6
E01005286,385676.5,395207.7
E01005287,386386.5,395095.7
E01005288,385063.3,395029.2
E01005289,383262.9,387813.2
E01005290,383539.3,387602.9
E01005291,383104.2,387193.2
E01005292,383645.9,387090.5
E01005293,383193.5,386785.4
E01005294,383653.7,386534.2
E01005295,383272.0,388444.6
E01005296,381918.3,394627.7
E01005297,382792.4,394613.1
E01005298,382252.7,394725.6
E01005299,382294.7,394433.0
E01005300,382723.4,393834.5
E01005301,382296.1,393976.8
E01005302,382639.1,395292.4
E01005304,385212.1,393055.2
E01005305,385657.8,392846.7
E01005306,384927.4,391945.0
E01005307,385194.3,392640.8
E01005308,385498.5,392275.5
E01005309,385505.0,393452.0
E01005310,386047.6,393681.5
E01005311,386081.4,393268.0
E01005312,385769.3,393375.1
E01005313,382452.6,386715.6
E01005314,382556.4,386318.5
E01005315,382163.5,386201.8
E01005316,381837.5,386557.1
E01005317,383240.1,385789.8
E01005318,382849.8,385828.5
E01005319,381694.3,386852.4
E01005320,392935.6,403704.4
E01005321,393795.5,404021.9
E01005322,392864.6,403350.8
E01005323,392978.2,402565.3
E01005324,393281.6,402683.1
E01005325,393392.9,403222.8
E01005326,393312.4,404371.6
E01005327,390270.9,405310.4
E01005328,390763.9,404819.7
E01005329,389029.3,405348.7
E01005330,389577.9,404876.8
E01005331,390567.5,404561.0
E01005332,390298.2,404102.4
E01005333,389192.9,405830.5
E01005334,389957.3,405960.4
E01005335,389308.5,406088.5
E01005336,389739.2,406188.5
E01005337,391172.9,406104.8
E01005338,390893.2,405692.8
E01005339,390351.2,406603.4
E01005340,390597.9,406275.8
E01005341,389909.2,403616.4
E01005342,390926.2,403451.2
E01005343,390228.0,403559.7
E01005344,390408.9,403399.0
E01005345,389017.0,403205.2
E01005346,389362.0,402928.6
E01005347,389952.2,403088.1
E01005348,392436.9,405923.3
E01005349,391933.7,405577.7
E01005350,392311.9,405503.7
E01005351,391384.1,405777.2
E01005352,391298.7,405331.9
E01005353,391672.7,405106.0
E01005354,391810.7,406042.1
E01005355,393420.2,408447.0
E01005356,393123.5,408102.2
E01005357,393143.0,410020.0
E01005358,393472.5,409602.4
E01005359,392673.4,409695.5
E01005360,392632.9,409358.3
E01005361,393244.1,409006.3
E01005362,390605.9,401843.7
E01005363,389945.2,401513.8
E01005364,390432.8,401575.4
E01005365,390903.6,401096.6
E01005366,390155.9,401061.8
E01005367,390202.1,400587.2
E01005368,390083.0,402041.9
E01005369,389044.1,401399.1
E01005370,388927.4,400816.5
E01005371,389388.7,401488.9
E01005372,389622.2,400981.0
E01005373,389641.0,400557.6
E01005374,389151.3,400518.2
E01005375,389625.1,400117.0
E01005376,390861.1,402715.3
E01005377,391830.6,402243.4
E01005378,391089.7,402562.5
E01005379,391499.4,402443.0
E01005380,391340.8,401665.8
E01005381,391377.2,403244.2
E01005382,391577.9,402774.8
E01005383,394290.8,403690.3
E01005386,394419.4,403308.9
E01005387,395496.5,405644.9
E01005388,395529.0,405146.9
E01005389,395542.6,404118.0
E01005390,391442.3,408159.0
E01005391,391150.1,407522.6
E01005392,391696.1,407807.9
E01005393,391310.1,407192.0
E01005394,391231.9,409429.3
E01005395,391641.2,408732.6
E01005396,391164.8,408595.4
E01005397,393246.9,407460.1
E01005398,392188.0,407051.5
E01005399,392816.5,407699.0
E01005400,392283.5,407529.0
E01005401,391574.9,406780.0
E01005402,392256.0,406633.3
E01005403,392044.6,408207.0
E01005406,397619.8,404553.4
E01005407,398391.0,404416.3
E01005408,399506.9,404219.4
E01005409,399982.5,404270.8
E01005410,400316.4,407950.7
E01005411,399728.5,406741.7
E01005412,399006.0,406459.1
E01005413,396625.8,404305.1
E01005414,397488.5,410306.0
E01005415,398512.5,408208.8
E01005416,398606.1,407543.0
E01005417,396141.2,405520.9
E01005418,395884.0,405123.4
E01005419,395807.6,404630.4
E01005420,396229.0,404863.1
E01005421,394281.3,406212.1
E01005422,393957.6,406445.3
E01005427,393375.2,404581.8
E01005428,394190.4,404927.6
E01005429,393662.2,404493.2
E01005430,394080.8,404484.6
E01005431,394409.0,404484.4
E01005432,393096.8,405980.6
E01005433,392791.6,405455.5
E01005434,392577.9,404038.3
E01005435,392178.3,403789.1
E01005436,392010.7,403396.0
E01005437,392333.4,403589.4
E01005438,392527.1,403187.6
E01005439,392079.8,402856.0
E01005440,393104.6,401942.6
E01005441,394161.2,409963.1
E01005442,394523.6,409778.5
E01005443,394850.3,409500.0
E01005444,393907.3,409421.7
E01005445,393937.5,409184.4
E01005446,394541.6,409040.0
E01005447,393763.8,408633.3
E01005448,394444.6,405507.4
E01005449,394929.1,405635.7
E01005450,394339.8,405158.3
E01005451,394575.4,404823.2
E01005452,395670.8,407733.7
E01005453,395084.4,407099.3
E01005454,394987.5,406265.6
E01005455,394661.5,406376.1
E01005456,394572.2,405851.8
E01005459,392126.5,404375.0
E01005460,390943.5,404137.2
E01005461,391957.5,404158.3
E01005462,391527.9,403630.6
E01005463,391137.1,403958.3
E01005464,389767.3,411409.9
E01005465,390549.0,411213.6
E01005466,389786.9,410835.3
E01005467,390163.8,410650.0
E01005468,391063.6,410724.9
E01005469,390652.0,411707.2
E01005470,389828.9,412261.8
E01005471,389351.6,412010.7
E01005472,388621.9,412162.0
E01005473,389050.1,412069.5
E01005474,388116.8,411984.7
E01005475,389794.6,411979.0
E01005476,387874.8,410646.5
E01005477,388245.3,410590.9
E01005478,388743.8,410422.5
E01005479,388624.8,409570.4
E01005480,388152.0,411551.5
E01005481,387728.8,411379.5
E01005482,389488.0,413577.6
E01005483,389192.0,413696.4
E01005484,389283.0,412666.8
E01005485,389583.2,412613.5
E01005486,389623.1,414244.5
E01005487,388981.7,413885.7
E01005488,387538.9,414867.4
E01005489,389458.7,415326.4
E01005490,389829.3,415278.6
E01005491,388898.7,415417.7
E01005492,388344.1,415507.1
E01005493,388587.5,414959.5
E01005494,389239.8,414769.1
E01005495,389710.2,414780.4
E01005496,387931.5,414818.7
E01005497,385066.1,411331.0
E01005498,385903.7,411041.5
E01005499,385028.4,411769.1
E01005500,386464.8,410982.9
E01005501,385829.4,410743.4
E01005502,385793.3,410284.2
E01005503,385501.9,409733.8
E01005504,385330.4,410336.0
E01005505,384737.1,410307.3
E01005506,385994.2,409876.0
E01005507,386388.7,409887.2
E01005508,386241.8,409244.7
E01005509,384983.4,410618.7
E01005510,384444.0,411185.6
E01005511,384186.0,411013.0
E01005512,384253.8,410674.5
E01005513,383888.6,410452.5
E01005514,383329.3,410211.1
E01005515,384265.5,410095.1
E01005516,392938.6,415258.3
E01005517,392972.4,414943.9
E01005518,394396.8,418230.9
E01005519,393006.0,416985.6
E01005520,393824.6,417111.8
E01005521,394106.5,416353.8
E01005522,393710.2,416506.6
E01005523,392991.4,416056.4
E01005524,386791.2,406466.7
E01005525,387197.9,407554.0
E01005526,386668.3,407518.5
E01005527,386183.3,407180.9
E01005528,386949.9,407080.4
E01005529,386434.5,406660.7
E01005530,387512.4,405110.5
E01005531,388008.3,404307.4
E01005532,387928.0,404692.7
E01005533,387165.8,405516.6
E01005534,388191.9,405479.8
E01005535,388376.3,405120.3
E01005536,387507.7,406803.9
E01005537,388444.5,406707.0
E01005538,387920.0,406667.0
E01005539,387209.9,406433.1
E01005540,388242.5,406025.0
E01005541,387859.6,406160.4
E01005542,388543.3,405745.4
E01005543,388165.3,407229.5
E01005544,386796.8,404263.2
E01005545,387285.3,404289.1
E01005546,385594.0,405502.5
E01005547,384916.2,405192.3
E01005548,386572.4,405982.5
E01005549,386739.3,404841.0
E01005550,387338.4,404831.8
E01005551,385864.5,407193.4
E01005552,385229.4,406448.5
E01005553,386052.4,406386.2
E01005554,385342.4,406938.8
E01005555,392787.8,413179.8
E01005556,392646.1,412672.9
E01005557,393331.7,412874.8
E01005558,393097.3,412548.4
E01005559,392237.8,412789.3
E01005560,392820.9,412022.8
E01005561,394152.7,411690.0
E01005562,393453.8,411444.0
E01005563,390658.1,412241.8
E01005564,390141.8,412339.2
E01005565,391078.6,411717.5
E01005566,391417.2,413375.6
E01005567,391860.8,413019.9
E01005568,390695.0,412815.4
E01005569,391088.3,412906.5
E01005570,386209.9,414668.6
E01005571,385465.9,414658.6
E01005572,386484.8,414164.9
E01005573,386068.0,413953.9
E01005574,386556.1,413541.1
E01005575,386340.2,412619.6
E01005576,386855.0,412927.0
E01005577,387590.5,412940.9
E01005578,390909.3,414925.5
E01005579,391339.1,414110.9
E01005580,390154.4,414406.8
E01005581,390775.6,414459.6
E01005583,390291.2,413773.7
E01005585,390828.5,413581.2
E01005586,390961.9,415377.1
E01005587,387049.8,414400.1
E01005588,387493.9,414164.7
E01005589,388407.7,414107.1
E01005590,388776.0,413531.2
E01005591,387939.4,414060.6
E01005592,388117.9,413418.8
E01005593,391802.7,415943.4
E01005594,391220.8,416151.5
E01005595,391584.6,415559.7
E01005596,392020.3,415499.0
E01005597,391432.7,416812.8
E01005598,392771.9,416313.2
E01005599,377207.7,398403.4
E01005600,377210.1,398099.8
E01005601,376769.4,398197.3
E01005602,376597.0,397929.0
E01005603,376187.0,398087.2
E01005604,376208.5,397640.5
E01005605,375560.6,397737.2
E01005610,382012.0,399207.5
E01005611,382435.3,400255.6
E01005612,382996.9,400825.0
E01005613,383477.0,401074.1
E01005614,383191.7,401150.1
E01005615,382603.7,400804.4
E01005616,370314.4,392369.5
E01005617,370821.3,392630.8
E01005618,370937.0,392207.9
E01005619,370570.6,391734.4
E01005620,371982.3,393976.1
E01005621,371268.2,392978.5
E01005622,379501.0,400357.9
E01005623,379749.5,399998.3
E01005624,380054.2,400539.6
E01005625,378603.9,400427.6
E01005626,379038.1,400236.9
E01005627,378713.9,399959.7
E01005628,380146.3,399860.1
E01005629,379367.9,399812.6
E01005630,379002.9,399618.7
E01005631,377782.6,398845.1
E01005632,377066.3,398936.0
E01005633,378172.5,399802.7
E01005634,376979.7,399745.9
E01005635,377989.8,399258.6
E01005636,377331.8,399323.2
E01005637,376617.6,399376.1
E01005638,376567.3,398633.0
E01005639,372298.2,395482.9
E01005640,373111.3,395548.7
E01005641,372683.1,395307.8
E01005642,372780.8,394979.2
E01005643,372225.4,395020.3
E01005644,372527.1,394512.9
E01005645,372121.6,394499.1
E01005646,383345.4,401970.8
E01005647,382351.5,402156.4
E01005648,381591.5,401781.1
E01005649,382795.9,401991.8
E01005650,382562.7,401117.1
E01005651,383452.5,401648.5
E01005652,381219.1,401546.7
E01005653,381560.8,400938.5
E01005654,380614.6,398670.3
E01005656,380258.7,398714.5
E01005657,380512.0,399044.3
E01005659,371309.3,404334.2
E01005660,372020.8,404244.8
E01005661,371508.5,403369.0
E01005662,371360.5,403743.6
E01005663,372338.9,403299.2
E01005664,371611.4,404652.6
E01005665,372165.0,404650.7
E01005667,381699.1,397481.1
E01005670,378167.2,402649.7
E01005671,378235.1,401727.9
E01005672,377854.3,401810.8
E01005673,379349.9,401477.9
E01005674,378620.1,401354.9
E01005676,376927.1,403885.1
E01005677,377980.5,403146.5
E01005678,378590.8,402938.8
E01005679,378803.4,402603.3
E01005680,380774.8,399495.8
E01005681,381335.6,399249.9
E01005682,381416.2,398934.1
E01005683,381263.8,400209.9
E01005686,377527.5,402162.9
E01005687,376731.9,401707.6
E01005688,377376.4,402570.3
E01005689,377017.4,401953.3
E01005690,377258.4,401345.5
E01005691,376620.3,402713.2
E01005692,377770.4,402719.0
E01005693,376711.0,402480.3
E01005694,377656.5,400687.9
E01005695,376591.2,400522.2
E01005696,377162.2,400575.0
E01005697,376788.9,400911.1
E01005698,377980.5,401082.4
E01005699,379214.8,401152.8
E01005700,377605.8,401126.7
E01005701,378741.3,400943.8
E01005702,373416.7,404239.5
E01005703,372691.8,404128.8
E01005704,372291.5,404010.1
E01005706,372822.9,403687.1
E01005707,374037.9,403545.6
E01005708,373360.6,403517.5
E01005709,372021.3,403016.0
E01005710,372744.4,402748.5
E01005711,374612.8,402832.3
E01005712,373919.8,402710.0
E01005713,373073.1,402101.8
E01005714,374440.8,402339.7
E01005715,373808.9,402028.7
E01005716,372602.5,401588.0
E01005717,373339.0,401644.6
E01005718,373392.7,402921.6
E01005719,378493.4,398786.2
E01005721,380265.4,399313.3
E01005722,379355.6,399027.5
E01005723,380096.6,398443.8
E01005724,378504.6,399486.2
E01005725,375829.0,399707.0
E01005726,375508.5,399380.6
E01005727,376077.7,399450.2
E01005728,375980.8,398993.3
E01005729,375979.7,398428.2
E01005730,375653.8,398290.6
E01005731,375043.4,398218.5
E01005732,374868.1,397782.1
E01005733,375307.6,399820.7
E01005734,372528.7,400738.0
E01005735,372602.9,401024.3
E01005736,371879.5,400839.4
E01005737,373296.7,400916.4
E01005738,374987.6,400149.1
E01005739,371892.0,400324.1
E01005740,375072.7,401697.1
E01005741,375792.5,401005.3
E01005742,376321.6,401139.9
E01005743,391985.2,391307.4
E01005744,392968.4,392229.6
E01005745,393695.4,392553.6
E01005746,393406.4,391981.7
E01005747,394141.8,392530.8
E01005748,394183.4,392092.3
E01005749,393050.1,391706.3
E01005750,391550.1,391239.5
E01005751,392468.6,391481.6
E01005752,393246.4,391229.7
E01005753,391366.7,392419.3
E01005754,390854.0,392681.4
E01005755,391155.3,391956.4
E01005756,391241.0,392946.5
E01005757,390658.8,391185.6
E01005759,389180.4,388514.2
E01005760,389424.6,388984.8
E01005761,388169.8,388036.0
E01005762,388468.9,388594.9
E01005763,388802.6,388219.5
E01005764,388837.3,389082.3
E01005765,388204.7,389050.9
E01005766,389497.0,389232.2
E01005767,384674.6,387400.3
E01005768,384967.3,388672.4
E01005769,386157.5,388715.8
E01005770,384074.7,388574.7
E01005771,384547.8,388678.4
E01005772,384872.3,388009.5
E01005773,385630.9,388238.9
E01005774,386131.1,388302.4
E01005775,384036.8,388164.3
E01005776,385428.9,387587.6
E01005777,386493.6,386586.6
E01005778,386987.7,388782.8
E01005779,386808.2,388487.7
E01005780,387232.5,388530.2
E01005781,387247.3,388084.3
E01005782,387947.3,387532.2
E01005783,387169.9,387601.4
E01005784,386646.0,387467.2
E01005785,386996.9,386980.9
E01005786,387448.0,386903.1
E01005787,386743.4,385891.7
E01005788,387089.0,386338.7
E01005789,387721.6,386106.0
E01005790,386366.6,385998.6
E01005791,387443.3,385351.1
E01005792,388035.7,385437.7
E01005793,387103.8,384925.7
E01005794,387957.7,384913.2
E01005795,387629.4,384675.3
E01005796,387947.8,386567.9
E01005797,390042.1,388633.0
E01005798,390041.9,388157.7
E01005799,389127.0,387901.5
E01005800,389620.8,388044.6
E01005801,391016.0,387695.8
E01005802,390538.7,387796.0
E01005803,390263.3,387471.6
E01005804,389459.7,388704.9
E01005805,392317.7,385978.7
E01005806,391474.5,386051.0
E01005807,392014.5,385685.9
E01005808,389637.6,385827.5
E01005809,390045.4,385274.3
E01005810,389521.5,385192.6
E01005811,390055.3,386950.0
E01005812,389841.6,386511.9
E01005813,390485.9,386447.9
E01005814,391233.1,386464.4
E01005815,391880.1,386302.0
E01005816,388584.6,389574.1
E01005817,388605.6,389738.6
E01005818,387330.8,389225.5
E01005819,386979.2,389270.0
E01005820,388290.5,389411.4
E01005821,387657.0,389398.3
E01005822,389032.3,389730.8
E01005823,388009.3,389685.6
E01005824,391234.6,389138.4
E01005825,390559.5,388564.6
E01005826,391961.5,388599.3
E01005827,391542.5,388658.8
E01005828,392117.7,388183.4
E01005829,391712.1,388025.3
E01005830,391034.4,388333.5
E01005831,391323.7,388038.3
E01005832,391772.2,389250.0
E01005833,392289.6,389080.3
E01005834,392339.5,387609.2
E01005835,393292.6,388488.0
E01005836,392616.4,387237.0
E01005837,393006.7,387843.8
E01005838,391961.7,387214.9
E01005839,393156.1,386763.3
E01005840,391771.8,387110.8
E01005841,392865.7,386169.7
E01005842,392957.0,385711.0
E01005843,392937.2,388379.7
E01005844,385172.8,386165.2
E01005845,384700.0,386145.3
E01005846,385749.0,386053.8
E01005847,385235.8,385489.1
E01005848,385708.2,385480.3
E01005849,384845.7,385665.5
E01005850,385143.0,385032.7
E01005851,384473.5,386668.1
E01005852,386085.2,390571.7
E01005853,387703.3,390466.2
E01005854,387468.8,390988.8
E01005855,386868.9,390803.7
E01005856,388043.4,390668.3
E01005857,387216.5,390388.5
E01005858,386169.6,391002.9
E01005859,387868.3,391570.0
E01005860,388236.5,391293.7
E01005861,388401.9,390975.6
E01005862,388795.3,392417.7
E01005863,388479.0,391868.8
E01005864,387855.6,392052.5
E01005865,387499.3,392035.4
E01005866,388303.9,392341.5
E01005867,387285.0,391403.4
E01005868,386573.7,391582.4
E01005869,388277.4,392799.0
E01005870,390644.5,390252.4
E01005871,390849.4,389934.0
E01005872,390396.0,390009.4
E01005873,391488.2,389763.2
E01005874,390193.2,389578.1
E01005875,391212.0,389689.7
E01005876,390868.1,389172.1
E01005877,390502.0,389085.9
E01005878,395181.4,388441.0
E01005879,395483.0,388659.4
E01005880,396807.9,390219.1
E01005881,397043.8,389569.1
E01005882,395075.2,389205.8
E01005883,395910.5,389395.1
E01005884,394635.7,389016.9
E01005885,395819.7,388696.6
E01005886,389742.0,394676.4
E01005887,389121.0,394508.3
E01005888,390041.9,394465.7
E01005889,389685.8,394205.0
E01005890,388999.4,394160.0
E01005891,390113.7,393964.7
E01005892,389784.4,393204.3
E01005893,389305.3,393700.8
E01005894,389627.8,393875.2
E01005895,389913.8,392532.5
E01005896,389517.9,395021.4
E01005897,395235.1,390740.9
E01005898,395750.4,390852.9
E01005899,393581.2,390578.3
E01005900,394079.5,390834.8
E01005901,393097.0,390156.4
E01005902,392965.7,390735.8
E01005903,394690.1,391351.3
E01005904,394456.2,391033.6
E01005905,392841.0,391189.2
E01005906,395771.8,385102.7
E01005907,395432.2,385399.4
E01005908,397745.1,388560.4
E01005909,396369.9,388175.7
E01005910,395906.2,388081.0
E01005911,395325.4,387981.4
E01005912,396057.3,387222.1
E01005913,395091.7,385827.7
E01005914,389844.0,392027.0
E01005915,389604.6,391740.0
E01005916,389024.3,391553.1
E01005917,388985.3,391147.6
E01005918,389464.7,391074.1
E01005919,388768.2,393239.5
E01005920,388940.4,392892.7
E01005921,389335.4,393216.3
E01005922,389629.1,392508.7
E01005923,388197.9,384372.3
E01005924,388776.6,384298.4
E01005925,389249.8,384254.4
E01005926,389555.1,382786.9
E01005927,389265.0,386991.8
E01005928,389084.6,387221.4
E01005929,388494.3,386392.5
E01005930,388972.7,385440.2
E01005931,388568.1,384788.9
E01005932,389592.9,384216.5
E01005933,394380.8,400637.2
E01005934,393951.1,400478.6
E01005935,394660.2,400343.7
E01005936,395498.1,400603.2
E01005937,395945.7,400664.3
E01005938,394902.4,400880.6
E01005939,394545.3,401318.9
E01005940,393884.3,401088.3
E01005941,394389.9,399411.9
E01005942,394986.6,399161.3
E01005943,394830.3,398820.8
E01005944,395195.6,399816.7
E01005945,395190.3,400230.7
E01005946,394606.5,399932.2
E01005947,394771.7,399697.9
E01005948,393570.6,399109.3
E01005949,393962.4,399748.8
E01005950,393003.3,398907.2
E01005951,392545.9,397933.8
E01005953,392778.6,398215.9
E01005954,393254.6,400663.0
E01005955,393518.9,400806.7
E01005956,392522.1,400222.9
E01005957,393289.1,400013.7
E01005958,392838.1,400268.7
E01005959,392923.7,399750.2
E01005960,393503.2,399732.3
E01005961,390862.5,397235.7
E01005962,391328.0,397793.1
E01005963,392111.9,397299.7
E01005964,391864.4,397179.6
E01005965,392685.7,396920.8
E01005966,392095.6,396391.3
E01005967,392441.5,396783.1
E01005968,391344.9,398333.4
E01005969,391001.7,398038.5
E01005970,392974.7,396160.4
E01005971,391848.8,395816.7
E01005972,392542.8,396021.1
E01005973,393335.4,395635.0
E01005974,392881.2,395594.2
E01005975,392404.6,394776.4
E01005976,393066.6,395176.1
E01005977,393062.7,394833.7
E01005978,393792.2,394569.5
E01005979,393721.9,394086.8
E01005980,393141.3,394362.7
E01005981,392849.6,394451.5
E01005982,392346.5,394168.6
E01005983,393496.0,393591.4
E01005984,393108.5,393519.1
E01005985,390762.7,395102.7
E01005986,392235.0,395033.4
E01005987,390453.5,394698.8
E01005988,390006.4,395190.6
E01005989,391901.4,394563.6
E01005990,390551.4,395409.1
E01005991,389974.7,395470.2
E01005992,392051.3,395346.1
E01005993,391306.9,399063.6
E01005994,390446.1,399057.3
E01005995,391550.1,399155.9
E01005996,391085.3,398831.1
E01005997,390654.1,398518.2
E01005998,389385.2,398046.4
E01005999,390049.6,397832.9
E01006000,390457.7,397853.9
E01006001,389081.7,398788.9
E01006002,389923.5,398345.5
E01006003,389139.8,398446.5
E01006004,390202.0,398654.0
E01006005,389934.2,399348.3
E01006006,389337.2,399229.4
E01006007,389949.6,399059.2
E01006008,394208.0,396853.7
E01006009,394902.2,397907.1
E01006010,393775.5,397843.4
E01006011,394628.5,397459.2
E01006012,394279.3,397751.0
E01006013,395108.3,397250.2
E01006014,394237.3,397194.5
E01006015,394635.4,396728.8
E01006016,393918.4,398171.8
E01006017,396450.7,397297.5
E01006018,395933.3,397738.6
E01006019,395703.9,397313.1
E01006020,395629.3,397055.5
E01006021,395428.8,397695.4
E01006022,396462.3,398231.0
E01006023,395660.7,398115.6
E01006024,396291.3,394990.0
E01006025,397995.6,394884.8
E01006026,395820.0,395124.4
E01006027,397533.0,394684.7
E01006028,395468.2,394818.0
E01006029,395254.4,394689.1
E01006030,395814.1,394093.4
E01006031,394308.6,396043.5
E01006032,395408.6,396325.5
E01006033,394965.2,396316.5
E01006034,395907.7,396473.6
E01006035,395301.4,395600.2
E01006036,394670.3,395848.9
E01006037,396575.1,396286.5
E01006038,395938.7,395929.3
E01006039,394629.0,394527.8
E01006040,394643.3,394786.9
E01006041,395084.8,394344.7
E01006042,395508.5,393616.0
E01006043,394815.9,394002.7
E01006044,394668.1,393553.7
E01006045,395617.7,393125.7
E01006046,395127.2,393487.6
E01006047,400776.1,396392.8
E01006048,399208.8,395807.6
E01006049,400527.0,396023.7
E01006050,398328.3,394443.3
E01006051,398995.6,393997.6
E01006052,398964.3,395120.6
E01006053,398092.3,403316.2
E01006054,396852.5,402575.1
E01006055,397339.3,402691.5
E01006056,398054.3,402269.8
E01006057,398050.4,401829.8
E01006058,397254.5,402254.3
E01006059,397657.7,401759.6
E01006060,396283.3,398880.0
E01006061,398119.5,400441.3
E01006062,398613.9,400941.8
E01006063,396446.1,399884.0
E01006064,395950.8,399581.3
E01006065,396310.5,399461.1
E01006066,395906.6,398939.3
E01006067,397563.5,399252.5
E01006068,396858.7,398567.6
E01006069,397496.8,398708.8
E01006070,397111.0,398280.8
E01006071,397596.5,397424.6
E01006072,398176.6,397052.9
E01006073,397939.1,399527.2
E01006074,375271.0,388325.7
E01006075,376586.8,388116.0
E01006076,376198.9,387663.3
E01006077,376792.1,387190.8
E01006078,376741.8,388935.7
E01006079,375945.0,388637.5
E01006080,376955.2,388582.6
E01006081,375599.9,386379.6
E01006082,376457.9,386951.8
E01006083,377610.6,386779.8
E01006084,377438.6,386216.6
E01006085,376081.1,386528.9
E01006086,376214.7,386111.0
E01006087,373999.7,387590.9
E01006088,377271.0,387175.3
E01006089,376584.0,389581.3
E01006090,377350.9,389481.3
E01006091,375936.7,389888.3
E01006092,376048.9,389480.8
E01006093,377701.4,389194.4
E01006094,376990.0,390427.0
E01006095,376300.4,390364.3
E01006096,377225.5,389944.0
E01006097,378697.4,390948.3
E01006098,379288.0,390918.1
E01006099,379645.3,391173.3
E01006100,377813.5,390876.9
E01006101,378208.3,390623.3
E01006102,379540.5,390572.5
E01006103,377549.5,390329.7
E01006104,371637.5,391533.5
E01006105,371440.4,390869.2
E01006106,371071.8,391283.8
E01006107,372175.4,391501.6
E01006108,371042.7,390930.4
E01006109,382976.1,396063.4
E01006110,382434.5,395760.0
E01006111,382504.3,396085.5
E01006112,382714.3,395948.8
E01006113,382092.9,395545.5
E01006114,381757.0,395279.3
E01006115,382232.8,395274.7
E01006116,376077.7,395835.3
E01006117,376976.9,395480.3
E01006118,376549.3,395678.0
E01006119,377350.6,395373.6
E01006120,376202.4,395281.5
E01006121,376800.3,396145.0
E01006122,375036.5,395982.0
E01006123,375603.5,395617.5
E01006124,374390.5,395390.9
E01006125,374001.9,395625.4
E01006126,373774.1,395102.0
E01006127,373357.3,394463.7
E01006128,375051.7,394922.5
E01006129,375527.8,394292.0
E01006130,374364.6,394921.7
E01006131,374424.0,394474.0
E01006132,374276.9,394081.6
E01006133,375605.5,393783.5
E01006134,378053.1,386020.4
E01006135,378940.1,386389.6
E01006136,379452.1,385473.7
E01006137,379519.5,384983.2
E01006138,379162.6,387086.5
E01006139,377758.0,387253.5
E01006140,378391.4,387082.0
E01006141,380597.3,395151.4
E01006142,380387.0,394749.4
E01006143,380237.6,394414.7
E01006144,379668.2,394122.4
E01006145,381230.7,395381.3
E01006146,381372.5,395026.7
E01006147,377942.1,392457.0
E01006148,377618.5,391934.0
E01006149,378426.8,392493.5
E01006150,378046.8,391937.4
E01006151,377526.0,391081.3
E01006152,376895.3,391357.5
E01006153,376722.9,390726.9
E01006154,378375.5,392820.7
E01006155,378122.5,394774.7
E01006156,377769.5,395008.9
E01006157,378808.0,395285.9
E01006158,377950.9,395442.0
E01006159,378455.2,395232.3
E01006160,378721.5,391972.4
E01006161,379318.6,392102.1
E01006162,378984.6,391476.4
E01006163,378467.7,391541.7
E01006164,380025.2,392326.4
E01006165,379031.9,392584.4
E01006166,376423.2,391890.0
E01006167,376489.9,391149.4
E01006168,376118.3,390962.3
E01006169,377024.4,392637.7
E01006170,377426.8,392678.3
E01006171,376536.5,392410.0
E01006172,377003.2,392049.3
E01006173,380174.7,391298.2
E01006174,379730.5,391647.8
E01006175,380501.8,391006.1
E01006176,380785.9,391312.1
E01006177,380134.0,390649.3
E01006178,380209.8,391773.0
E01006179,379160.6,394125.0
E01006180,379630.8,394622.6
E01006181,379308.8,394966.4
E01006182,378551.6,394803.5
E01006183,378987.5,394543.4
E01006184,378257.3,394383.2
E01006186,380682.6,395980.2
E01006187,380123.2,395464.6
E01006188,381958.5,396066.5
E01006189,379602.1,395231.2
E01006190,378258.0,389482.4
E01006191,377903.2,388827.4
E01006192,378364.1,388765.0
E01006193,377433.6,388539.8
E01006194,377267.7,387659.7
E01006195,378008.6,389974.6
E01006196,378411.8,389906.5
E01006197,375874.1,394816.5
E01006198,376796.1,394903.3
E01006199,377286.0,394822.8
E01006200,377044.1,394423.7
E01006201,376240.2,394679.4
E01006202,376577.1,394384.3
E01006203,375940.0,394277.8
E01006204,379137.7,388971.7
E01006205,378654.9,388589.0
E01006206,379548.4,388775.2
E01006207,379744.0,388432.6
E01006208,379605.5,388211.7
E01006209,378589.2,388109.7
E01006210,378725.3,390234.6
E01006211,378866.0,389485.4
E01006212,360890.6,402078.2
E01006213,360363.5,403254.8
E01006214,360681.7,401815.9
E01006215,359882.8,401793.3
E01006216,361159.4,401161.0
E01006217,359569.2,403838.4
E01006218,360225.0,403008.9
E01006219,360129.9,402267.6
E01006220,358973.6,400160.3
E01006221,358212.2,399630.1
E01006222,358725.7,399651.8
E01006223,358079.0,399139.0
E01006224,358626.4,399245.0
E01006225,357535.9,398751.9
E01006226,358154.8,398707.1
E01006227,359841.9,398411.1
E01006228,360211.8,398246.9
E01006229,356276.4,409872.0
E01006230,356930.7,409819.4
E01006231,361052.9,408660.2
E01006232,357904.6,409747.4
E01006233,357077.9,409096.2
E01006234,361627.1,408298.8
E01006235,360990.8,408261.5
E01006236,362178.4,407463.8
E01006237,356765.0,410576.2
E01006238,356332.0,410314.8
E01006239,367087.8,403710.0
E01006240,367466.2,404154.5
E01006241,366926.2,404133.7
E01006242,367017.7,403169.0
E01006243,366202.8,402786.6
E01006244,367395.5,403030.3
E01006245,366577.7,402661.6
E01006246,367523.1,399577.0
E01006247,367067.7,399095.4
E01006248,367962.3,401059.6
E01006249,367895.5,400572.0
E01006250,370121.2,400412.9
E01006251,369541.5,399939.3
E01006252,367138.4,400042.9
E01006253,356371.0,407220.1
E01006254,356805.5,407341.7
E01006255,357403.1,407019.6
E01006256,356568.7,406768.1
E01006257,357277.1,406580.6
E01006258,357050.6,406484.4
E01006259,355769.1,407480.0
E01006260,357177.6,407490.0
E01006261,357033.0,399893.4
E01006262,357056.2,401459.8
E01006263,357854.8,399994.6
E01006264,356906.4,399510.6
E01006265,357460.3,399380.8
E01006266,356603.6,400678.3
E01006267,356928.2,400400.2
E01006268,357367.5,400386.5
E01006269,361443.3,404148.3
E01006270,363038.4,404418.2
E01006271,362091.5,405088.8
E01006272,361775.5,404654.4
E01006273,362635.1,404858.2
E01006274,362219.5,404144.0
E01006275,362459.6,404438.7
E01006276,361801.6,403824.2
E01006277,362398.2,403617.1
E01006278,363729.7,403240.1
E01006279,364164.0,403086.3
E01006280,363142.4,403379.2
E01006281,364577.8,403005.3
E01006282,364926.3,402244.5
E01006283,364610.3,401379.0
E01006284,364444.6,401823.1
E01006285,363509.4,403905.8
E01006286,362971.2,403912.9
E01006287,368288.6,404007.2
E01006288,369016.8,402951.0
E01006289,367834.8,403846.6
E01006290,368446.7,403644.0
E01006291,367868.5,403381.4
E01006292,368060.8,402840.4
E01006293,368436.7,402215.1
E01006294,369407.0,402089.5
E01006295,368903.5,402234.0
E01006296,365895.1,399409.5
E01006297,366794.6,399134.0
E01006298,365374.4,399646.7
E01006299,365156.8,399272.6
E01006300,365580.0,398824.3
E01006301,365249.6,398460.0
E01006302,363698.9,397851.4
E01006303,364182.1,397825.8
E01006304,362820.7,397135.5
E01006305,360584.4,405492.1
E01006306,358837.0,405434.2
E01006307,359602.5,405368.8
E01006308,360075.8,405316.1
E01006309,359491.1,404739.3
E01006310,359026.4,404603.4
E01006311,360367.0,405827.0
E01006312,354658.0,408672.5
E01006313,354251.1,408250.2
E01006314,353789.6,408429.0
E01006315,355248.7,411047.4
E01006316,354755.0,410588.4
E01006317,355964.0,410758.9
E01006318,354726.1,409073.3
E01006319,355721.8,410334.8
E01006320,353364.0,409763.0
E01006321,352952.9,409304.5
E01006322,363805.6,401985.5
E01006323,364440.9,401063.5
E01006324,364661.0,400400.6
E01006325,364259.9,400100.6
E01006326,365168.6,400250.1
E01006327,363577.2,399935.0
E01006328,365424.3,400097.7
E01006329,362156.3,402200.5
E01006330,366235.7,400658.2
E01006331,366742.0,400475.0
E01006332,366516.6,400057.9
E01006333,365912.2,400413.9
E01006334,365602.1,400666.9
E01006335,366766.1,399745.6
E01006336,365387.2,401511.8
E01006337,365810.6,401473.2
E01006338,365677.7,401101.3
E01006339,361842.4,398279.5
E01006340,361204.4,398406.9
E01006341,362721.9,397689.5
E01006342,360884.1,398070.5
E01006343,362250.7,397734.3
E01006344,361072.8,397875.0
E01006345,361807.8,397602.6
E01006346,360196.6,397564.5
E01006347,362264.2,397218.9
E01006348,361473.7,397146.5
E01006349,357708.8,404858.5
E01006350,356115.3,405496.0
E01006351,356086.1,405013.5
E01006352,356633.3,404936.7
E01006353,356158.5,404544.2
E01006354,355767.2,404654.5
E01006355,355811.0,404227.2
E01006356,354943.5,405321.9
E01006357,355377.6,405170.4
E01006358,354896.7,404488.9
E01006359,355383.0,404577.5
E01006360,355381.6,405951.0
E01006361,355952.9,406067.7
E01006362,353138.5,405086.6
E01006363,353677.9,405297.4
E01006364,353346.7,404594.3
E01006365,352950.5,404220.6
E01006366,352748.1,403382.3
E01006367,352844.9,403076.0
E01006368,353256.3,402140.6
E01006369,357480.4,406032.6
E01006370,358460.0,406494.8
E01006371,357558.2,406497.3
E01006372,357936.5,407863.2
E01006373,357935.2,407177.4
E01006374,358099.7,406976.7
E01006375,358186.6,406468.8
E01006376,369395.2,400781.6
E01006377,369999.8,401944.6
E01006378,370731.8,402157.6
E01006379,371687.0,401310.4
E01006380,371166.5,401586.1
E01006381,369395.1,401518.0
E01006382,370219.2,401583.0
E01006383,369596.5,401138.2
E01006384,370320.2,401222.4
E01006385,370060.7,400998.5
E01006386,358759.5,405752.5
E01006387,359078.9,406284.0
E01006388,360267.8,406884.1
E01006389,359581.0,406173.4
E01006390,359096.5,406663.8
E01006391,359770.3,406647.1
E01006392,359223.0,405869.6
E01006393,355931.5,402826.8
E01006394,355279.9,402823.3
E01006395,355747.9,402434.7
E01006396,354538.4,406030.9
E01006397,354726.1,405823.7
E01006398,354678.5,405381.2
E01006399,354450.2,404704.5
E01006400,355978.0,403450.4
E01006401,355132.2,403735.5
E01006402,355613.2,403402.4
E01006403,356454.0,403136.3
E01006404,356621.5,403777.8
E01006405,357585.6,404280.2
E01006406,357412.4,403535.1
E01006407,357686.3,403149.8
E01006408,356979.2,403522.1
E01006409,357125.2,403025.4
E01006410,357385.7,402735.9
E01006411,357083.5,404311.5
E01006412,342625.3,394027.8
E01006413,342888.3,393563.9
E01006414,342825.9,393274.6
E01006415,341081.0,397839.4
E01006416,342114.8,397508.8
E01006417,341474.5,397422.0
E01006418,341662.7,397115.0
E01006419,344297.4,385949.6
E01006420,345369.8,386309.8
E01006421,344128.9,386444.6
E01006422,345073.8,385850.7
E01006423,344616.7,386066.6
E01006424,345268.6,389426.6
E01006425,343694.6,386846.8
E01006426,344922.9,385394.4
E01006427,344432.7,385187.6
E01006428,345220.5,385002.2
E01006429,344866.2,384797.8
E01006430,343691.9,385813.0
E01006431,343629.5,385292.5
E01006432,344264.6,384748.3
E01006433,343504.7,386345.1
E01006434,342025.5,397988.7
E01006435,341599.0,397870.2
E01006436,341835.4,398444.4
E01006437,341745.5,398783.8
E01006438,343767.9,395621.7
E01006439,343533.4,395081.7
E01006440,344735.2,392556.1
E01006442,343775.3,392201.1
E01006443,344011.1,391448.7
E01006444,344028.1,392327.2
E01006445,344536.3,392325.4
E01006446,342223.7,398689.7
E01006447,341828.4,399248.1
E01006448,342281.5,399360.1
E01006449,342949.9,391084.9
E01006450,342726.6,391556.6
E01006451,343445.8,391272.3
E01006452,343637.4,391548.6
E01006453,343020.1,391804.5
E01006454,340327.7,399649.7
E01006455,340496.2,398663.0
E01006456,339946.7,399325.2
E01006457,341108.7,399278.3
E01006458,340735.0,399916.4
E01006459,347382.1,392075.4
E01006460,347046.8,391936.1
E01006461,346581.8,391571.9
E01006462,347444.7,392673.4
E01006464,346260.7,392434.0
E01006465,345103.4,391936.5
E01006466,347055.7,393029.1
E01006467,342547.9,392501.7
E01006470,343297.3,392061.5
E01006471,344166.9,389896.8
E01006472,342084.5,390165.3
E01006473,343003.8,390405.0
E01006474,343629.9,390866.7
E01006475,344055.9,390385.0
E01006476,343566.2,390021.1
E01006477,345520.8,390879.5
E01006478,345056.1,390214.0
E01006479,344556.3,390052.8
E01006480,345053.6,389861.0
E01006481,345093.5,391018.7
E01006482,344635.6,391518.0
E01006483,345388.1,391518.9
E01006484,344337.2,391790.3
E01006485,341435.1,390833.3
E01006486,342296.9,390904.7
E01006487,341878.5,390836.0
E01006488,341174.9,391057.3
E01006489,342587.0,390973.9
E01006490,341309.6,400699.3
E01006491,340859.9,400699.5
E01006492,341918.9,400687.5
E01006493,341582.5,400207.0
E01006494,342120.7,399868.4
E01006495,341393.2,399762.7
E01006496,347631.6,391418.9
E01006497,346873.4,391186.6
E01006498,348151.2,392392.0
E01006499,347845.1,392223.9
E01006500,347158.9,391485.8
E01006501,347415.0,390810.6
E01006502,346624.6,390273.9
E01006503,349407.9,388428.2
E01006504,347731.8,390852.6
E01006505,347039.5,390734.2
E01006506,339840.5,397078.0
E01006507,340125.7,398935.7
E01006508,339770.6,397572.0
E01006509,340229.5,398358.1
E01006510,339512.7,397151.7
E01006512,336152.7,389781.2
E01006514,335618.3,389563.6
E01006518,335607.9,388639.6
E01006519,338499.1,385966.7
E01006520,336875.5,387804.2
E01006521,337872.4,386834.3
E01006522,337141.7,387716.0
E01006523,337255.9,387334.4
E01006524,338743.6,387338.9
E01006525,339106.8,386943.6
E01006526,338300.1,387056.5
E01006527,338347.7,386534.7
E01006528,337486.7,386625.4
E01006529,338130.4,386525.0
E01006530,343153.1,386281.4
E01006531,342961.3,385922.4
E01006532,340673.6,386652.4
E01006533,342534.7,385882.6
E01006534,340527.8,385967.1
E01006535,341010.9,385804.6
E01006536,340782.4,385388.0
E01006537,342923.4,384746.6
E01006538,343281.0,385081.5
E01006539,340209.1,387103.3
E01006540,337286.7,392217.8
E01006541,336906.4,393729.5
E01006542,336352.6,393135.8
E01006543,337223.7,393648.0
E01006544,337076.3,393218.7
E01006545,336819.0,393129.4
E01006546,336604.6,392916.6
E01006547,336719.0,392621.9
E01006548,336934.2,392449.9
E01006549,337243.7,388516.7
E01006550,338393.0,388615.2
E01006551,337871.3,388342.1
E01006552,337151.3,388853.2
E01006553,338816.5,388386.7
E01006554,337908.1,388621.7
E01006556,337165.6,389178.3
E01006557,338145.3,388801.3
E01006558,335829.8,393196.2
E01006560,335564.7,392835.1
E01006562,336321.7,392505.9
E01006563,336446.0,392224.6
E01006564,335939.9,392053.1
E01006565,339995.4,391060.9
E01006566,339778.8,390720.0
E01006567,340590.9,391292.5
E01006568,341462.3,392249.7
E01006569,339972.8,391528.8
E01006570,340820.5,391878.5
E01006571,341335.5,391619.6
E01006572,341874.4,391479.1
E01006573,339628.1,391050.2
E01006574,342087.1,391284.7
E01006575,340036.7,390157.0
E01006576,340634.3,390073.1
E01006577,340054.7,389663.4
E01006578,341058.7,389704.3
E01006579,340616.0,389597.5
E01006580,341221.6,389248.9
E01006581,340775.2,389027.6
E01006582,340359.9,388840.9
E01006583,341053.3,388615.3
E01006584,340465.9,390525.1
E01006585,339588.0,390257.4
E01006586,339397.3,389638.7
E01006587,339160.0,389990.0
E01006588,339337.7,388916.5
E01006589,339665.8,389126.2
E01006590,339070.0,388659.9
E01006591,339526.2,388521.2
E01006592,339922.5,388392.9
E01006593,339172.0,388198.4
E01006594,340785.3,388176.8
E01006595,339161.3,387713.8
E01006596,339441.7,387947.2
E01006597,340094.4,388012.8
E01006598,339214.0,394713.9
E01006599,339488.6,394437.6
E01006600,338456.9,393931.6
E01006603,337970.7,393968.1
E01006604,338798.9,393624.0
E01006605,338443.2,393323.6
E01006606,337995.8,393285.4
E01006607,337151.9,394588.7
E01006608,336444.0,394764.4
E01006609,336394.7,394586.8
E01006610,335908.2,394591.8
E01006611,335713.6,394173.2
E01006612,337447.8,394534.9
E01006613,336852.6,394423.2
E01006614,335998.0,394377.8
E01006615,336028.9,394187.9
E01006616,337415.3,394010.5
E01006617,339375.2,393060.9
E01006618,338868.1,392956.5
E01006619,339958.1,392841.5
E01006620,340312.7,392547.2
E01006621,339754.3,392268.3
E01006622,340567.4,392289.2
E01006623,340044.8,394184.4
E01006624,341016.2,393697.5
E01006625,339558.7,393776.4
E01006626,339208.2,393439.4
E01006627,340476.5,393374.9
E01006628,336871.8,386943.2
E01006629,337276.9,386816.8
E01006630,335351.8,388150.3
E01006632,335863.6,387837.7
E01006633,336095.4,387532.2
E01006637,342256.2,392755.0
E01006638,341944.4,392570.5
E01006639,341526.3,392773.3
E01006640,340724.9,392980.6
E01006641,342137.7,392112.9
E01006642,341692.3,392007.4
E01006643,342254.0,391716.1
E01006644,341501.9,393512.5
E01006645,341899.7,393259.6
E01006646,335644.5,391354.4
E01006647,336324.9,391617.1
E01006648,335188.8,391531.4
E01006651,337723.8,397684.7
E01006652,337308.0,397047.1
E01006653,338850.8,397474.3
E01006654,337586.7,397075.1
E01006655,338287.7,397357.1
E01006656,336823.4,397387.3
E01006657,336916.3,396994.8
E01006658,339141.7,397079.4
E01006659,338383.6,395918.5
E01006660,338672.8,396753.5
E01006661,340756.4,396236.5
E01006662,340105.7,395623.8
E01006663,339932.8,396509.8
E01006664,340012.4,395205.6
E01006665,341388.5,395463.8
E01006666,341788.8,395489.0
E01006667,340614.5,395319.1
E01006668,342108.2,395169.2
E01006669,340187.8,394795.9
E01006670,341554.1,395032.2
E01006671,341817.3,394087.2
E01006672,339693.8,394680.9
E01006673,335931.2,388986.9
E01006674,336717.5,388931.5
E01006675,336647.5,388510.3
E01006676,335939.7,388623.0
E01006677,336214.4,388473.4
E01006678,336246.6,387978.1
E01006679,336375.5,389113.3
E01006680,339555.3,386483.0
E01006681,340157.5,386111.1
E01006682,339167.5,386232.5
E01006683,339793.7,386040.0
E01006684,338706.1,385614.5
E01006685,339371.7,385587.2
E01006686,339852.4,385568.4
E01006687,339319.0,384851.8
E01006688,339588.6,385221.5
E01006689,339572.7,387027.5
E01006690,337357.4,390821.3
E01006691,337041.8,390723.7
E01006692,338084.8,390991.3
E01006693,336871.1,391795.7
E01006694,337007.6,391386.7
E01006695,337460.6,391370.5
E01006696,336853.3,391084.0
E01006697,337171.2,391154.8
E01006698,335434.1,394577.5
E01006699,335193.6,394184.2
E01006700,335512.2,394174.5
E01006701,335264.7,393745.8
E01006702,334815.0,393575.8
E01006703,335575.8,393483.0
E01006705,335614.6,394792.2
E01006706,344304.7,388537.0
E01006707,344491.2,387985.1
E01006708,343850.0,388285.7
E01006709,343270.8,388003.6
E01006710,345088.4,387557.5
E01006711,338799.1,391333.9
E01006712,339410.2,391474.1
E01006713,339538.0,391302.6
E01006716,339076.7,390435.0
E01006717,339047.1,392039.0
E01006718,338982.6,391767.8
E01006719,339431.0,391818.9
E01006721,338315.1,389421.9
E01006722,337751.9,389256.8
E01006723,338042.1,389151.9
E01006724,338378.1,388884.5
E01006725,338484.1,389875.9
E01006726,337861.0,389600.3
E01006727,338680.5,389773.4
E01006728,338123.0,389562.5
E01006729,337804.5,394875.5
E01006730,338366.6,394757.1
E01006731,338793.8,394842.3
E01006732,337910.2,394490.7
E01006734,339130.2,395138.1
E01006735,338274.5,395490.3
E01006736,338862.0,395412.7
E01006737,338379.5,395116.4
E01006738,340642.2,383690.9
E01006739,342851.1,383616.1
E01006740,340361.4,383921.7
E01006741,343290.1,383377.9
E01006742,340318.1,385267.8
E01006743,340973.1,384307.6
E01006744,339999.3,384951.7
E01006745,340275.1,384692.5
E01006746,336450.6,390999.8
E01006747,335782.5,390738.3
E01006748,336505.0,390679.5
E01006751,336540.4,389994.6
E01006753,343704.6,382958.2
E01006754,345225.2,383203.4
E01006755,344378.8,383150.4
E01006756,344764.7,383348.3
E01006757,344824.7,382832.9
E01006758,343688.9,383477.0
E01006759,337730.1,391431.5
E01006760,337596.6,392257.8
E01006761,338343.8,392146.4
E01006762,337416.8,393172.1
E01006763,338090.7,392972.1
E01006764,338091.1,392420.0
E01006765,338282.0,392692.8
E01006766,337145.3,392866.0
E01006767,337676.9,392553.4
E01006768,338893.6,392222.7
E01006769,342036.6,389271.1
E01006770,342510.5,388912.0
E01006771,343402.9,388854.5
E01006772,342762.0,388282.5
E01006773,341364.8,390175.2
E01006774,341561.2,389860.2
E01006775,342808.8,389086.4
E01006776,334220.2,391925.5
E01006778,334580.7,393374.1
E01006779,334583.9,392399.2
E01006780,336504.4,397267.5
E01006781,335977.7,397003.9
E01006782,336140.7,396797.1
E01006783,336642.4,396865.4
E01006784,335871.2,396543.6
E01006785,336323.7,396277.2
E01006786,335746.5,396324.7
E01006787,336077.2,395772.3
E01006788,336511.6,395747.4
E01006790,335690.2,395135.1
E01006791,336191.8,395371.8
E01006792,341915.7,387795.5
E01006793,342898.3,387323.1
E01006794,342667.6,387622.9
E01006795,342216.9,386889.8
E01006796,341220.0,387697.0
E01006797,343156.9,386868.2
E01006798,342832.8,386803.4
E01006799,341851.0,386789.0
E01006800,341996.0,388698.7
E01006801,342382.9,388201.4
E01006802,352971.6,400397.9
E01006803,355041.2,397939.6
E01006804,353438.8,400371.0
E01006805,355728.2,400186.0
E01006806,352899.6,399995.6
E01006807,352661.3,399391.4
E01006808,355759.5,399734.1
E01006809,355366.1,399609.9
E01006810,352639.1,396831.0
E01006811,353022.9,396850.4
E01006812,352938.3,396290.8
E01006813,354127.3,396802.1
E01006814,352450.5,396443.2
E01006815,353488.3,396413.8
E01006816,354672.5,394913.6
E01006817,354184.0,394833.8
E01006818,354267.4,396437.6
E01006819,353809.6,395736.9
E01006820,354195.7,395263.6
E01006821,353633.2,395242.2
E01006822,348774.5,395710.9
E01006823,348342.7,396279.2
E01006824,348887.5,396243.2
E01006825,348144.9,395765.1
E01006826,348277.0,395146.1
E01006827,349031.5,392884.8
E01006828,347884.0,393165.6
E01006829,348852.0,394784.2
E01006830,348979.2,393587.2
E01006831,349753.9,394134.5
E01006832,350571.5,394876.3
E01006833,349581.5,395169.6
E01006834,350017.3,395073.9
E01006835,349619.3,394451.1
E01006836,357134.1,397279.4
E01006837,354842.2,396756.2
E01006838,355472.2,396745.5
E01006839,356204.7,396767.3
E01006840,356712.3,397292.9
E01006841,355410.7,397142.3
E01006842,356310.2,397282.7
E01006843,354637.0,397059.9
E01006844,353427.0,393494.6
E01006845,352594.8,393760.1
E01006846,352374.2,393307.2
E01006847,352645.5,393053.8
E01006848,352092.4,392901.4
E01006849,351622.1,397665.6
E01006850,352134.7,397795.9
E01006851,351207.8,397799.5
E01006852,352778.6,397318.9
E01006853,351559.3,397064.8
E01006854,352059.0,397035.1
E01006855,351819.4,398311.1
E01006856,358804.9,395748.6
E01006857,359115.1,394957.3
E01006858,358479.4,395172.2
E01006859,359442.7,395440.6
E01006860,358141.3,394739.3
E01006861,358539.3,394903.5
E01006862,358505.3,394111.8
E01006863,357239.4,395327.3
E01006864,358112.2,395475.7
E01006866,358005.3,396280.4
E01006867,357541.0,395848.5
E01006868,358290.2,396018.6
E01006869,356806.3,395705.4
E01006870,351455.9,395779.6
E01006871,353104.6,395316.4
E01006872,351704.1,395546.5
E01006873,352450.9,395706.0
E01006874,352650.6,395027.2
E01006875,353588.0,394624.2
E01006876,350107.0,395719.8
E01006877,350661.7,395811.9
E01006878,349755.2,395549.9
E01006879,349302.8,395605.4
E01006880,350271.0,395398.8
E01006881,350992.2,396106.7
E01006882,348333.2,400642.7
E01006883,347583.8,401052.4
E01006884,348155.1,400415.6
E01006885,349559.6,399844.8
E01006886,347817.1,402123.0
E01006887,347487.5,401539.9
E01006888,349755.3,390679.8
E01006889,350024.3,390312.8
E01006890,348646.3,391950.0
E01006891,348448.0,391469.5
E01006892,349073.2,391875.8
E01006893,348825.5,391525.4
E01006894,349632.0,391283.4
E01006895,349291.1,390895.3
E01006896,352364.3,392136.5
E01006897,352700.7,392049.0
E01006898,352886.5,391122.0
E01006899,353901.4,394196.4
E01006901,352742.0,392563.0
E01006903,349660.4,393576.9
E01006904,349294.7,393974.5
E01006905,350462.2,393532.3
E01006906,349546.0,393097.4
E01006907,350210.7,393262.8
E01006908,352503.3,391559.9
E01006909,352212.3,391631.8
E01006910,351521.3,391038.3
E01006911,351832.5,391643.5
E01006912,351977.2,393857.3
E01006913,350607.9,393084.5
E01006914,348999.5,396858.0
E01006915,350469.4,396605.6
E01006916,349995.5,396437.9
E01006917,349338.3,396518.4
E01006918,349876.7,396040.5
E01006919,350439.7,397154.3
E01006920,331640.2,411991.8
E01006921,331132.7,411573.8
E01006922,330493.7,411950.2
E01006923,330997.8,411075.0
E01006924,331528.3,410987.4
E01006925,332470.8,412920.1
E01006926,330957.9,412551.1
E01006927,331702.6,412456.1
E01006928,332875.9,414776.9
E01006929,333454.4,414619.9
E01006930,333350.8,414094.0
E01006931,332788.1,414273.4
E01006932,332466.9,413952.0
E01006933,333001.0,413679.1
E01006934,333329.5,415712.4
E01006935,333233.6,415147.6
E01006936,330631.0,399442.6
E01006937,331405.9,400070.6
E01006938,330584.5,400525.3
E01006939,331770.9,399880.3
E01006940,331264.0,399681.6
E01006941,331212.5,399043.8
E01006942,330986.7,398834.9
E01006943,331601.0,400383.4
E01006944,334669.1,418007.5
E01006945,334323.0,417839.4
E01006946,336260.0,419981.0
E01006947,335917.1,419174.4
E01006948,335589.7,419373.5
E01006949,335413.4,418545.5
E01006950,334094.4,418232.4
E01006951,335178.2,417955.9
E01006952,332889.3,397250.8
E01006953,332637.0,397277.3
E01006954,331381.1,398556.2
E01006955,332469.9,398616.0
E01006956,332066.0,398299.1
E01006957,332094.2,397680.3
E01006958,331702.1,398148.3
E01006959,332532.6,397862.2
E01006960,335231.1,395474.2
E01006961,334940.4,394638.9
E01006962,335076.3,394811.2
E01006963,334701.6,394434.2
E01006964,334342.7,395931.5
E01006965,335207.9,395868.7
E01006966,334828.3,395741.2
E01006967,334674.9,395277.3
E01006969,334419.9,417223.1
E01006970,333528.1,416706.3
E01006971,333005.5,416563.9
E01006972,332870.2,415962.0
E01006973,332260.0,415925.4
E01006974,332385.3,415312.8
E01006976,334142.9,397843.7
E01006977,333580.9,397640.1
E01006978,333457.2,397939.9
E01006979,334131.2,399585.6
E01006980,333832.5,398941.8
E01006981,334602.7,398198.3
E01006982,333793.8,398399.4
E01006983,333411.3,398404.0
E01006984,334219.1,398178.7
E01006985,329655.3,408621.6
E01006986,328852.5,407940.5
E01006987,330401.6,408579.1
E01006988,330400.4,407870.1
E01006989,328466.2,407625.6
E01006990,328910.4,407109.1
E01006991,328402.2,406852.1
E01006992,329028.1,406465.3
E01006993,328543.3,406237.6
E01006994,333994.7,416400.3
E01006995,334907.8,416240.4
E01006996,334369.6,416641.2
E01006997,334124.1,415899.9
E01006998,333668.8,416049.6
E01006999,335500.7,415559.0
E01007000,334837.9,415806.8
E01007001,333691.4,415408.9
E01007002,335325.8,415004.3
E01007003,333467.1,396445.2
E01007004,333065.0,396651.6
E01007005,333267.8,396280.3
E01007006,333719.2,396144.4
E01007007,333880.6,395578.3
E01007008,333523.7,395944.5
E01007009,334099.6,394991.5
E01007010,334265.6,394430.1
E01007011,333104,396840.0
E01007012,334240.2,396448.1
E01007013,333879.2,396510.6
E01007014,334840.0,397831.2
E01007016,333662.9,397090.6
E01007017,333973.9,396817.2
E01007019,334770.1,396521.1
E01007020,333566.8,400332.3
E01007021,332529.2,400048.3
E01007022,332164.2,400480.7
E01007023,333115.9,400287.5
E01007024,333941.4,400469.4
E01007025,333025.6,399901.8
E01007026,333379.4,399590.0
E01007027,329926.3,403290.5
E01007028,337546.4,420158.3
E01007029,337132.5,420275.5
E01007030,337348.0,419691.2
E01007031,336938.8,419313.1
E01007032,336441.5,419071.1
E01007033,336327.0,419515.4
E01007034,335886.1,418402.3
E01007035,336165.3,418149.0
E01007036,336674.7,420284.2
E01007037,333563.9,400773.0
E01007038,334031.7,400821.9
E01007039,339575.0,399336.8
E01007040,339447.9,399678.4
E01007041,337185.5,399044.3
E01007042,337858.8,399094.6
E01007043,337527.9,399003.9
E01007044,338287.4,398620.7
E01007045,338533.4,398372.5
E01007046,336324.9,398384.6
E01007047,335071.0,397514.3
E01007048,336046.8,398121.2
E01007049,335626.9,397107.3
E01007050,334909.1,397160.9
E01007051,335168.8,396505.5
E01007052,335336.1,396387.9
E01007053,336817.2,399471.6
E01007054,335648.4,398811.5
E01007055,336428.1,417130.4
E01007056,335943.8,416900.1
E01007057,336295.6,417495.8
E01007058,334757.2,417058.6
E01007059,335327.8,416949.6
E01007060,335669.3,416445.0
E01007061,335263.7,416654.2
E01007062,335968.3,417722.5
E01007063,335819.5,417382.5
E01007064,335166.6,417406.0
E01007065,337460.7,400651.6
E01007066,337498.0,400965.8
E01007067,336758.7,404219.9
E01007068,337055.6,404048.0
E01007069,337217.7,403573.6
E01007070,337030.6,402895.9
E01007071,336887.1,401893.0
E01007072,337242.6,402293.5
E01007073,337093.0,401556.6
E01007074,337780.5,401189.1
E01007075,330502.0,406560.4
E01007076,329776.7,406131.0
E01007077,330048.0,406440.3
E01007078,329486.7,406498.8
E01007079,329559.2,407899.2
E01007080,330296.2,407478.6
E01007081,329619.8,407300.0
E01007082,330486.3,407021.2
E01007083,335839.7,399831.6
E01007084,336394.0,399831.8
E01007085,335468.0,399721.8
E01007086,334891.4,399562.9
E01007087,335909.9,399498.6
E01007088,335552.2,399233.7
E01007089,334308.8,399139.0
E01007090,334605.3,399063.1
E01007091,335400.0,400150.6
E01007092,334877.7,399985.5
E01007095,337640.2,402885.4
E01007096,338132.9,402662.6
E01007097,338077.2,402324.8
E01007098,338625.7,402176.2
E01007099,338167.0,401643.3
E01007100,338208.2,403222.6
E01007101,337587.0,403247.0
E01007102,331952.1,398590.4
E01007103,331708.5,398946.1
E01007104,331861.0,399437.6
E01007105,332303.3,399690.8
E01007106,332778.4,399406.1
E01007107,332489.1,398926.9
E01007108,332837.9,399055.4
E01007109,331545.2,399172.8
E01007110,331648.3,384480.4
E01007111,331986.7,385675.7
E01007112,332816.8,385369.1
E01007113,331591.8,385445.9
E01007114,332372.0,385343.6
E01007115,333156.0,384752.6
E01007116,331970.5,384957.2
E01007117,332310.2,384390.7
E01007118,332093.4,384017.0
E01007119,328080.2,388814.8
E01007120,328308.9,390115.6
E01007121,329079.0,390230.2
E01007122,329841.9,389970.2
E01007123,329371.6,389917.4
E01007124,328128.9,389629.3
E01007125,329957.3,389600.8
E01007127,331442.5,388839.6
E01007128,331763.1,388484.8
E01007129,331147.5,388404.8
E01007130,331665.1,388064.7
E01007131,331667.1,387776.0
E01007133,331336.0,389420.2
E01007135,334826.6,382323.7
E01007136,334553.3,381716.2
E01007137,334437.3,382183.5
E01007138,333901.6,385660.8
E01007139,333595.5,385634.2
E01007141,333649.1,384953.8
E01007142,334351.9,383498.9
E01007143,334820.9,383431.7
E01007144,330550.6,380982.7
E01007145,333551.6,382968.8
E01007146,332953.2,382986.6
E01007147,333333.6,382467.9
E01007148,333762.5,380898.4
E01007149,334267.5,380593.2
E01007150,334377.4,379954.2
E01007151,332725.9,384072.3
E01007152,333401.3,383973.1
E01007153,333055.8,383798.1
E01007154,332989.1,383376.1
E01007155,330824.0,388466.9
E01007156,330169.0,388998.8
E01007157,329612.0,389358.7
E01007158,329729.1,388977.3
E01007159,328721.5,388963.1
E01007160,330394.7,388386.4
E01007161,328363.0,388267.6
E01007162,328589.7,387854.2
E01007163,329023.7,387495.4
E01007164,336117.7,380500.0
E01007165,334770.7,379865.6
E01007166,335174.2,380012.4
E01007167,335504.3,380294.9
E01007168,335255.8,379322.4
E01007169,335724.0,379612.3
E01007170,334956.2,381441.4
E01007171,335069.3,380832.6
E01007172,334731.3,380620.2
E01007173,331919.1,386440.1
E01007174,331769.0,386728.6
E01007175,332434.4,386363.5
E01007176,332824.7,386205.7
E01007177,331445.3,386245.6
E01007178,332606.7,385876.5
E01007179,331609.8,387476.6
E01007180,331545.8,387141.4
E01007181,331167.9,386955.0
E01007182,326595.0,382050.6
E01007183,327429.2,383589.6
E01007184,326911.3,382481.1
E01007185,327286.8,382082.8
E01007186,328449.2,381871.9
E01007187,325779.9,381829.0
E01007188,327810.8,381913.7
E01007189,327555.9,381370.5
E01007190,326675.7,380972.5
E01007191,327857.2,380616.5
E01007192,326528.1,382963.8
E01007193,321428.7,388836.3
E01007194,321635.7,389296.9
E01007195,323486.1,389527.4
E01007196,321382.3,387289.9
E01007197,321798.9,387058.3
E01007198,321383.6,386647.3
E01007199,323239.9,390226.3
E01007200,322718.4,389897.3
E01007201,321963.2,389578.8
E01007202,322138.5,389300.4
E01007203,326454.4,391396.4
E01007204,327549.7,391477.8
E01007205,326987.0,391398.5
E01007206,326972.7,390443.8
E01007207,326375.4,390447.7
E01007208,326623.0,390003.2
E01007209,327009.7,389659.4
E01007210,327839.6,391635.5
E01007211,329735.0,391754.4
E01007212,330324.9,391638.5
E01007213,330032.0,391531.5
E01007214,330683.5,391610.5
E01007215,331703.2,392132.4
E01007216,331003.1,392079.5
E01007217,330549.0,392067.9
E01007218,331310.5,392156.2
E01007219,331275.0,391793.7
E01007220,331603.6,391887.9
E01007221,325734.9,389791.8
E01007222,325045.4,389717.0
E01007223,324725.1,390104.9
E01007224,325195.1,389241.2
E01007225,326474.4,389424.0
E01007226,325898.5,389292.9
E01007227,325840.8,390341.3
E01007228,325230.8,390308.3
E01007229,330612.3,393375.6
E01007230,331108.6,393613.3
E01007231,330623.7,393762.3
E01007232,331317.8,392794.7
E01007233,330822.0,393072.7
E01007234,331222.0,393156.0
E01007235,330393.9,392803.6
E01007236,331007.5,392618.1
E01007237,330200.4,393811.4
E01007238,330954.2,394035.6
E01007239,331066.3,387893.6
E01007240,330221.0,388093.0
E01007241,329698.4,387758.0
E01007242,330386.1,387578.7
E01007243,330859.7,387272.4
E01007244,331204.4,387552.1
E01007245,329812.8,386955.3
E01007246,329502.4,387181.9
E01007247,329182.8,386857.8
E01007248,330717.4,386646.3
E01007249,327866.3,386742.0
E01007250,329930.4,386452.9
E01007251,327440.4,386683.6
E01007252,329309.9,386316.5
E01007253,329863.9,386012.4
E01007254,330416.3,386218.3
E01007255,327743.1,384776.4
E01007256,327330.9,384549.3
E01007257,327605.5,387151.7
E01007258,323407.9,386969.0
E01007259,325649.7,387057.5
E01007260,322668.0,386923.5
E01007261,325165.2,386761.4
E01007262,322959.6,386500.4
E01007263,322352.6,387358.4
E01007264,325366.3,387693.2
E01007265,326093.7,388007.0
E01007266,326249.8,387250.0
E01007267,325816.4,387642.1
E01007268,325011.4,387238.5
E01007269,331269.6,390827.2
E01007270,330500.0,390968.3
E01007271,331106.7,391094.9
E01007272,331672.1,391097.2
E01007273,332125.0,390714.2
E01007274,332299.3,390931.9
E01007275,331576.2,391358.0
E01007276,331042.6,391236.0
E01007277,331944.7,391491.2
E01007278,331946.7,391181.0
E01007279,327003.1,383453.4
E01007280,325981.1,385087.8
E01007281,321959.3,386023.3
E01007282,321510.2,386251.2
E01007283,322805.2,385140.9
E01007284,325310.0,384953.3
E01007285,325865.2,384110.1
E01007286,326842.9,384645.3
E01007287,326873.8,384122.4
E01007288,326423.8,383507.1
E01007289,333319.2,385933.0
E01007290,333343.5,386453.7
E01007291,332177.8,387977.8
E01007292,332124.0,387602.8
E01007293,332536.2,387227.8
E01007294,332088.5,387109.5
E01007295,332888.0,386612.4
E01007296,332431.4,386910.1
E01007297,326622.9,388867.4
E01007298,327282.0,388466.2
E01007299,325808.1,388409.2
E01007300,327551.9,387719.4
E01007301,326547.9,388361.0
E01007302,327055.2,387741.5
E01007303,327882.9,387335.9
E01007304,328308.1,386838.0
E01007305,327371.2,388998.6
E01007306,325810.8,388791.8
E01007307,329804.3,393368.6
E01007308,329234.9,393044.8
E01007309,328786.7,392682.9
E01007310,330075.4,393150.9
E01007311,329787.5,392648.0
E01007312,329466.0,392108.8
E01007313,329223.3,392428.5
E01007314,330186.5,392639.4
E01007315,328840.2,392271.0
E01007316,329984.6,392149.9
E01007317,436612.1,404960.2
E01007318,436199.5,405357.6
E01007319,438108.8,405327.3
E01007320,436716.0,405489.3
E01007321,438273.0,405746.6
E01007322,436546.5,405782.6
E01007323,434547.2,410145.9
E01007324,434589.4,409487.6
E01007325,434916.5,409750.4
E01007326,435153.4,409110.2
E01007327,435607.3,409095.8
E01007328,441156.7,409980.4
E01007329,439097.9,411227.7
E01007330,441018.7,411103.7
E01007331,439376.7,410770.7
E01007332,441177.7,409059.7
E01007333,441720.9,408671.6
E01007334,435629.8,407567.1
E01007335,435895.5,407260.7
E01007336,434667.4,406841.8
E01007337,435200.0,406140.2
E01007338,434779.6,405741.8
E01007339,435176.1,405675.8
E01007340,434341.1,405676.2
E01007341,439378.5,407823.7
E01007342,439082.6,410092.7
E01007343,438929.0,409677.7
E01007344,437749.0,408377.6
E01007345,438930.8,409131.1
E01007346,438620.3,408597.9
E01007347,439036.3,408197.2
E01007348,441221.5,404953.3
E01007349,443427.6,405922.0
E01007350,440721.3,404697.0
E01007351,441853.3,404581.4
E01007352,441174.5,404489.2
E01007353,441230.1,404094.6
E01007354,443123.6,406714.8
E01007355,432152.7,410294.8
E01007356,433114.4,410548.1
E01007357,432664.7,410357.0
E01007358,431738.6,410098.0
E01007359,430475.6,409916.1
E01007360,430257.1,409691.3
E01007361,432742.5,409844.3
E01007362,433401.9,409743.9
E01007363,432294.8,410756.4
E01007364,444994.2,403011.3
E01007365,445530.2,403177.0
E01007366,445672.5,402549.8
E01007367,444613.9,402561.8
E01007368,444978.4,402478.4
E01007369,446568.2,404226.6
E01007370,446235.0,403980.3
E01007371,445522.8,403956.8
E01007372,445644.0,405989.8
E01007373,446348.5,405700.0
E01007374,444899.0,405571.0
E01007375,445498.3,405282.3
E01007376,446035.7,404423.7
E01007377,446247.3,406114.5
E01007378,445250.0,405940.3
E01007379,431159.8,407402.0
E01007380,432480.2,407446.9
E01007381,432893.8,407648.7
E01007382,431589.5,405515.5
E01007383,432074.3,405309.9
E01007384,431470.8,405001.6
E01007385,432252.9,404674.2
E01007386,431140.1,409257.1
E01007387,431343.4,408175.1
E01007388,438263.4,400320.5
E01007389,437293.3,400181.0
E01007390,436508.7,400298.1
E01007391,436950.3,400364.3
E01007392,437285.7,401200.9
E01007393,437753.9,400639.8
E01007394,438517.7,400542.8
E01007395,436768.6,401037.5
E01007396,435835.7,400134.9
E01007397,436066.8,400415.2
E01007398,434675.2,402005.1
E01007399,434615.3,400998.9
E01007400,435900.5,407917.4
E01007402,437399.2,407536.6
E01007403,437434.0,406915.0
E01007404,436618.7,407580.8
E01007405,436860.7,406877.6
E01007406,436822.7,408498.6
E01007408,433499.2,407246.5
E01007409,434046.6,407120.3
E01007410,434576.2,407385.0
E01007411,434279.3,409253.0
E01007413,434584.9,405228.9
E01007414,435112.3,405249.3
E01007415,433976.6,405499.0
E01007416,435960.4,405018.0
E01007417,434083.9,405899.7
E01007418,428368.3,407896.6
E01007419,429247.8,404367.2
E01007420,428814.4,405795.5
E01007421,430607.3,400174.9
E01007422,426840.6,401984.0
E01007423,428997.2,401199.2
E01007424,434064.6,400263.0
E01007425,425871.1,404867.2
E01007426,421038.6,404568.0
E01007427,422339.7,403234.8
E01007428,423996.7,403475.1
E01007429,424663.6,403025.2
E01007430,425220.3,403036.2
E01007431,424268.8,402363.3
E01007432,424592.3,402685.1
E01007433,437026.6,411326.3
E01007434,436322.4,411707.8
E01007435,435672.6,411224.9
E01007436,436349.1,410623.6
E01007437,436299.9,410130.6
E01007438,435934.7,411894.8
E01007439,435331.3,411625.0
E01007440,436869.2,411749.5
E01007441,433625.6,406759.1
E01007442,432444.1,406289.6
E01007443,433854.1,406365.5
E01007444,432981.7,406072.5
E01007445,433717.9,405799.4
E01007446,432997.0,406817.9
E01007447,438946.0,403382.7
E01007448,439475.9,403403.3
E01007449,440534.1,403931.1
E01007450,438711.9,403912.9
E01007451,439884.6,402668.7
E01007452,439054.6,402478.9
E01007453,439232.4,402869.4
E01007455,440512.9,402174.8
E01007456,439258.8,401408.9
E01007457,438125.6,401285.9
E01007458,436107.6,403936.7
E01007459,434863.3,403995.4
E01007460,434802.8,404642.5
E01007461,435748.4,404336.9
E01007462,436358.4,404288.4
E01007463,435373.6,403943.9
E01007464,453647.7,408269.8
E01007465,452815.7,408634.8
E01007466,452986.1,407977.3
E01007467,453689.6,407754.1
E01007468,452475.0,410644.9
E01007469,453148.8,410573.2
E01007470,453570.3,410506.4
E01007471,453807.0,408779.1
E01007472,454086.1,410327.4
E01007473,454493.1,410272.9
E01007474,453773.2,409973.0
E01007475,462259.4,406754.9
E01007476,461881.7,406842.1
E01007477,461489.8,406807.8
E01007478,461817.9,405237
E01007479,463231.7,405303.6
E01007480,462721.4,405296.0
E01007482,462878.1,404894.0
E01007483,462524.2,404214.8
E01007484,463391.7,404602.3
E01007485,463447.1,404051.2
E01007486,463013.2,404292.8
E01007487,454549.0,414246.6
E01007488,458378.9,413576.8
E01007489,456213.6,413900.6
E01007490,455261.6,413281.8
E01007491,455697.9,413140.8
E01007492,456807.2,413468.5
E01007493,454520.2,415351.6
E01007494,456070.7,401502.3
E01007495,456371.6,401107.6
E01007496,455561.0,401199.8
E01007497,455294.7,400914.6
E01007498,456027.8,400731.3
E01007499,455712.4,400565.4
E01007500,456853.2,400716.0
E01007501,455310.1,400387.9
E01007503,456076.3,399805.3
E01007504,454171.4,407493.9
E01007505,457926.1,406719.5
E01007506,456977.2,406968.8
E01007507,454045.0,406844.9
E01007508,456939.2,406292.0
E01007509,456530.9,406650.4
E01007510,456486.1,405840.7
E01007511,456098.2,407888.3
E01007512,455593.2,405243.7
E01007513,456094.5,405427.7
E01007514,456387.9,405177.2
E01007515,455348.5,405742.5
E01007516,456089.8,404706.3
E01007517,456782.1,404431.3
E01007518,455045.8,406122.8
E01007519,455722.8,406051.6
E01007520,460218.7,400937.3
E01007521,460581.4,401134.9
E01007522,461541.8,401514.9
E01007523,460969.8,400571.0
E01007524,461132.7,401289.7
E01007525,461467.5,402422.3
E01007526,460240.1,402214.3
E01007528,461393.9,401985.2
E01007529,456721.1,402827.2
E01007530,458001.4,402396.4
E01007531,456199.9,402393.8
E01007532,457252.8,402624.5
E01007533,456731.7,402175.8
E01007534,456906.0,401738.7
E01007535,456478.2,401759.0
E01007536,451271.9,398842.0
E01007537,451852.9,398405.9
E01007538,450130.7,398653.8
E01007539,450656.5,398673.3
E01007540,450676.6,398149.9
E01007541,450206.8,398075.9
E01007542,450518.5,399455.4
E01007543,449427.8,399176.8
E01007544,449672.6,399250.1
E01007545,454252.1,399219.0
E01007546,454115.4,399779.5
E01007547,453750.3,398868.3
E01007548,454153.1,398549.5
E01007549,453378.4,398264.5
E01007550,453965.1,398070.5
E01007551,454765.7,400744.2
E01007552,454332.9,400665.1
E01007553,466187.6,409662.7
E01007554,465558.9,409920.9
E01007555,465270.7,409519.3
E01007556,464906.5,409445.6
E01007557,468243.3,406260.2
E01007558,465847.5,409406.9
E01007559,467686.6,409190.9
E01007560,465336.9,408492.9
E01007561,464283.5,407810.6
E01007562,465093.3,408555.0
E01007563,464974.5,410131.1
E01007564,459904.5,404120.2
E01007565,459538.1,404385.8
E01007566,460369.2,404339.9
E01007567,459214.9,403845.1
E01007568,459656.8,403671.1
E01007569,460219.6,403727.2
E01007570,459897.8,404839.3
E01007571,447279.7,400225.7
E01007572,447571.7,400739.0
E01007573,446678.2,400570.2
E01007574,446294.4,400257.0
E01007575,448337.9,400579.8
E01007576,447652.0,400237.2
E01007577,446830.9,400068.9
E01007578,448046.1,400105.1
E01007579,448716.3,400101.9
E01007580,448526.0,400790.3
E01007581,455414.6,404282.6
E01007582,455357.2,404545.2
E01007583,448464.9,402683.4
E01007584,456073.9,403811.3
E01007585,455633.4,403406.0
E01007586,448144.7,402994.0
E01007587,453255.2,406203.2
E01007588,454747.0,405018.1
E01007589,454936.2,404528.6
E01007590,461459.5,397777.4
E01007591,462139.1,397649.3
E01007592,461118.1,398184.0
E01007593,460765.8,398480.5
E01007594,462669.1,397794.8
E01007595,461800.7,397805.2
E01007596,462729.2,398387.8
E01007597,461260.7,397466.8
E01007598,462194.7,398395.7
E01007599,467219.5,400408.0
E01007600,465141.7,401237.6
E01007601,464096.9,401885.1
E01007602,467272.0,399376.0
E01007603,463274.5,401560.9
E01007604,462143.2,401323.1
E01007605,462313.6,400805.9
E01007606,462330.7,400205.0
E01007607,461806.4,400995.4
E01007609,465328.1,393811.6
E01007610,465002.2,393300.3
E01007611,456964.4,397066.8
E01007612,459078.2,393432.9
E01007613,453120.3,394639.5
E01007614,459687.7,393746.9
E01007615,459792.4,393224.7
E01007616,458803.8,393197.2
E01007617,453554.0,402294.4
E01007618,455232.3,402951.8
E01007619,454294.9,402104.2
E01007620,452048.7,398960.5
E01007621,461868.4,408014.9
E01007622,462194.0,407533.3
E01007623,461808.3,407501.6
E01007624,461247.1,408159.5
E01007625,465314.0,413514.0
E01007626,464217.7,411139.1
E01007627,464955.0,411906.7
E01007628,464370.1,411725.1
E01007629,464538.3,411256.4
E01007630,461904.6,409355.6
E01007631,462288.1,408958.3
E01007632,469552.2,415720.6
E01007633,469883.4,415633.6
E01007634,469592.1,415294.5
E01007635,469145.7,414517.1
E01007636,468729.3,414005.8
E01007637,469028.1,413843.0
E01007638,469245.5,413176.8
E01007639,468442.0,413434.3
E01007640,468426.1,412598.0
E01007641,469374.8,412479.9
E01007642,469372.8,412749.8
E01007643,458615.4,402480.8
E01007644,459221.7,402616.6
E01007646,458525.9,403925.8
E01007647,458733.8,403041.0
E01007649,459066.9,403551.6
E01007650,460193.8,405107.4
E01007651,458817.3,404816.1
E01007652,459317.0,405005.5
E01007653,458592.7,404571.9
E01007654,458422.5,404331.6
E01007655,457998.6,404013.0
E01007656,460722.0,406080.9
E01007657,452108.5,385291.2
E01007658,451909.9,384761.6
E01007659,452474.0,385010.0
E01007660,452498.3,384547.6
E01007661,451583.0,383945.3
E01007662,452483.0,384437.9
E01007663,451783.7,383538.0
E01007664,455242.4,383607.1
E01007666,445424.3,386564.5
E01007667,445492.6,385711.9
E01007668,445770.8,386002.0
E01007669,446135.5,385630.9
E01007670,446601.2,385242.0
E01007671,444977.7,385386.6
E01007672,446196.6,385146.4
E01007673,445755.6,385098.1
E01007674,446224.7,384636.4
E01007675,443770.0,391930.3
E01007676,442191.2,390670.4
E01007677,442786.3,391847.4
E01007678,443812.4,390447.3
E01007679,444090.8,391449.4
E01007680,443310.8,392231.7
E01007681,449094.8,392500.3
E01007682,448262.4,392391.8
E01007683,448537.7,392798.8
E01007684,448836.9,392009.7
E01007685,450304.1,391945.5
E01007686,447715.2,391882.3
E01007687,448192.6,391760.5
E01007688,447371.5,391990.1
E01007689,449186.8,391733.5
E01007690,447887.7,391146.1
E01007691,449214.1,393771.0
E01007692,448592.1,393479.0
E01007694,441285.3,401739.0
E01007695,441180.3,401117.1
E01007696,437703.9,398126.3
E01007697,442229.2,401364.8
E01007698,441971.6,400825.2
E01007699,442157.1,388433.2
E01007700,443520.4,387643.9
E01007701,443118.2,387991.3
E01007702,442385.8,389984.6
E01007703,441728.2,390239.8
E01007704,441967.9,389699.1
E01007705,441474.6,389983.5
E01007706,442718.6,389412.1
E01007707,442205.2,389399.3
E01007708,444751.7,392021.4
E01007709,445627.4,391662.2
E01007710,445255.6,392008.5
E01007711,445299.3,391244.1
E01007712,444682.0,391180.1
E01007713,444458.7,390716.3
E01007714,443186.2,392798.1
E01007715,441377.3,392685.0
E01007716,442014.1,393092.7
E01007717,441247.8,393400.1
E01007718,440728.7,392635.2
E01007719,446502.4,394729.6
E01007720,446711.3,395161.3
E01007721,445829.3,394185.6
E01007723,445716.5,393572.2
E01007724,446284.4,391958.9
E01007725,448230.9,392949.9
E01007726,447777.9,392551.3
E01007727,447160.5,394741.1
E01007728,442173.1,395050.1
E01007729,441734.0,395127.8
E01007730,441107.1,395018.3
E01007731,441935.6,395562.2
E01007732,440617.7,395330.8
E01007733,441168.1,395451.6
E01007734,444575.2,392513.8
E01007735,445023.9,392839.8
E01007736,444343.4,393734.9
E01007737,445420.1,393540.6
E01007738,444875.4,393749.1
E01007739,444966.2,393321.4
E01007740,440871.8,394099.4
E01007741,440652.1,393495.3
E01007742,440131.4,393792.4
E01007743,439693.6,393824.3
E01007744,440319.0,393016.3
E01007745,439938.1,392687.2
E01007746,439031.2,392647.8
E01007747,448318.6,382954.0
E01007748,449528.4,384072.3
E01007749,449460.8,383229.6
E01007750,447754.4,383080.8
E01007751,448262.2,382564.4
E01007752,449432.8,382308.4
E01007753,449474.0,380416.9
E01007754,451931.6,393002.2
E01007755,452382.7,392944.3
E01007756,452005.9,392754.9
E01007757,453427.5,392709.8
E01007758,452927.4,392770.7
E01007759,453758.3,392483.6
E01007760,453630.5,391711.2
E01007761,451686.9,392253.7
E01007762,452459.4,392131.1
E01007763,453327.8,391927.0
E01007764,454121.3,391567.4
E01007765,444098.5,392789.8
E01007766,444647.5,393066.7
E01007767,443686.5,392563.4
E01007768,443727.1,393529.7
E01007769,443372.0,393506.8
E01007770,444341.0,393317.8
E01007771,444247.1,396999.7
E01007772,445683.9,397216.1
E01007773,444775.8,396930.0
E01007774,444561.6,396673.2
E01007775,444187.2,396378.2
E01007776,444215.8,396082.7
E01007777,446060.9,398005.6
E01007778,442969.3,397571.5
E01007779,442402.5,397719.9
E01007780,443595.5,397404.6
E01007781,443231.4,397197.6
E01007782,443711.8,396674.5
E01007783,443839.2,395819.9
E01007784,443637.6,395509.0
E01007785,453216.6,385635.3
E01007786,452687.0,385488.4
E01007788,453218.7,386800.3
E01007789,452474.0,386909.9
E01007790,452918.8,386232.6
E01007791,453256.8,385966.9
E01007792,452185.1,385907.7
E01007793,444890.2,398520.0
E01007794,445565.2,398494.9
E01007795,445579.8,397875.4
E01007796,445536.7,399561.9
E01007797,445775.5,399734.1
E01007798,445999.0,398669.3
E01007799,444994.4,399058.6
E01007800,445932.2,399134.6
E01007801,438788.4,394823.5
E01007802,437662.9,396199.1
E01007803,437548.5,395561.4
E01007804,439745.8,394731.0
E01007805,440232.7,394608.2
E01007806,440613.5,394358.9
E01007807,440162.6,394138.4
E01007808,438047.1,396486.7
E01007809,449178.0,388626.9
E01007810,449920.9,388663.3
E01007811,445202.5,390711.5
E01007812,445628.2,390390.1
E01007815,449305.6,389024.7
E01007816,444150.8,400026.8
E01007817,443167.2,400070.4
E01007818,444477.8,399159.6
E01007819,443701.5,399683.9
E01007820,444162.9,400705.5
E01007821,443905.8,400581.4
E01007822,443035.5,400634.8
E01007823,434362.2,381352.6
E01007824,433985.2,381691.8
E01007825,433450.4,382433.2
E01007826,433887.2,381240.8
E01007827,435486.9,382943.2
E01007828,434453.4,383090.4
E01007829,434334.5,383572.6
E01007830,435344.7,383407.0
E01007831,434523.4,382780.0
E01007832,434994.3,382944.3
E01007833,435169.2,381678.3
E01007834,434234.6,382302.2
E01007835,438212.9,382779.0
E01007836,438731.6,382718.4
E01007838,440148.6,383867.9
E01007839,439772.6,383931.4
E01007841,439541.3,383582.4
E01007842,440068.6,383159.9
E01007843,438985.7,383407.6
E01007846,438480.4,383120.6
E01007847,438352.9,391987.2
E01007848,437403.7,391432.7
E01007849,437024.3,391936.7
E01007850,438070.0,391536.0
E01007851,437073.7,391242.8
E01007852,438687.8,391683.8
E01007853,437995.2,391037.8
E01007854,438449.0,390937.4
E01007855,437828.6,390386.7
E01007856,437505.5,393044.0
E01007857,437133.6,392576.6
E01007858,431811.6,386125.0
E01007861,431135.9,385960.0
E01007862,432738.2,386273.9
E01007863,433229.8,386002.3
E01007864,433764.7,385985.2
E01007865,431655.0,385713.5
E01007866,433433.7,387316.4
E01007867,433307.8,386965.9
E01007868,432868.0,386923.0
E01007869,436055.7,389509.6
E01007870,435570.8,389304.8
E01007871,435292.5,389849.9
E01007872,436178.9,389751.4
E01007873,436608.3,389733.4
E01007874,436236.8,388933.2
E01007875,435685.6,388795.5
E01007878,437100.6,386836.3
E01007879,436441.3,386783.8
E01007881,437277.2,386320.8
E01007882,436846.6,386453.9
E01007883,438338.2,388043.3
E01007885,436795.8,387403.9
E01007886,437368.1,387073.1
E01007887,434512.2,396529.4
E01007888,434094.1,396692.5
E01007889,435092.5,397099.1
E01007890,434948.9,396543.8
E01007891,435689.8,395738.0
E01007892,433466.1,397334.7
E01007893,434003.9,396199.2
E01007894,435600.0,396443.4
E01007895,434922.8,396016.7
E01007896,435237.6,395774.8
E01007897,434388.3,395985.7
E01007898,434012.1,397854.5
E01007899,433380.7,397612.5
E01007900,433930.4,397340.1
E01007901,434315.5,397029.8
E01007902,439246.5,388385.6
E01007903,440554.0,390614.8
E01007904,438937.0,388650.6
E01007905,438541.2,388286.3
E01007906,438921.6,388018.0
E01007907,439646.1,387628.9
E01007908,440110.0,387307.4
E01007909,440649.8,386785.2
E01007910,440063.7,386476.3
E01007911,441560.5,386431.4
E01007912,440435.2,386271.3
E01007913,440047.7,391026.2
E01007914,440240.3,391047.3
E01007915,432168.0,380177.2
E01007916,434342.7,380715.3
E01007917,433380.7,380501.1
E01007918,431739.4,380752.9
E01007919,433955.3,380624.9
E01007920,431469.7,381173.8
E01007921,430652.5,380905.6
E01007922,432460.6,380493.8
E01007923,431213.4,380281.0
E01007924,431519.3,379774.2
E01007925,430945.8,379696.4
E01007926,430433.6,381559.9
E01007927,431781.7,383669.6
E01007928,432183.6,384221.7
E01007929,433440.4,383514.0
E01007930,432740.0,383557.8
E01007931,432877.4,384123.4
E01007932,433002.3,382844.5
E01007933,431762.6,382870.5
E01007934,432300.2,385424.7
E01007935,432724.5,385565.9
E01007936,432693.6,385123.1
E01007937,432447.0,384993.6
E01007938,432098.0,384930.5
E01007939,431414.0,384469.1
E01007940,437106.6,390548.1
E01007941,435699.8,390816.1
E01007942,436540.7,390359.5
E01007943,435270.0,390462.3
E01007945,435230.2,391089.2
E01007946,435169.8,391439.6
E01007947,436198.1,391015.0
E01007948,436534.8,391282.6
E01007949,436632.0,390759.6
E01007950,434674.3,391020.9
E01007951,432487.8,387121.3
E01007952,431406.2,387042.1
E01007953,430577.0,386692.3
E01007954,431683.4,386810.2
E01007955,430389.7,386162.7
E01007956,428950.3,386077.7
E01007957,429829.5,385984.0
E01007958,430358.1,385599.4
E01007959,429980.4,385408.1
E01007960,432604.6,387555.5
E01007961,431987.5,387286.8
E01007962,432923.2,387338.6
E01007963,439927.8,385113.7
E01007964,442000.0,385043.8
E01007965,442538.4,385266.4
E01007966,440902.4,384832.3
E01007967,440366.9,385347.6
E01007968,441283.7,384920.3
E01007969,442549.0,384645.4
E01007970,441914.6,384629.8
E01007971,441512.2,386129.1
E01007972,442127.8,385733.1
E01007973,440722.8,385958.2
E01007974,443132.6,385335.1
E01007975,435607.2,384915.9
E01007976,435930.1,384612.9
E01007977,436406.3,384547.7
E01007978,435243.2,384645.9
E01007979,437000.4,384095.1
E01007980,435522.4,384405.0
E01007981,434888.8,384339.6
E01007982,437530.5,383878.7
E01007983,434676.1,383961.8
E01007984,435709.6,383852.5
E01007985,435064.3,383897.8
E01007986,434807.6,383412.5
E01007987,432666.2,390790.7
E01007988,432237.5,390815.0
E01007989,432924.7,390474.7
E01007990,431812.0,389993.3
E01007991,432435.5,390383.8
E01007992,432848.6,390080.4
E01007993,432265.1,389951.5
E01007994,432685.1,389689.4
E01007995,432965.3,389701.2
E01007996,432363.2,389519.8
E01007997,431590.7,388943.6
E01007998,431545.8,388679.8
E01007999,439586.2,384540.0
E01008000,438625.2,384660.5
E01008001,439028.3,384295.8
E01008002,437977.0,384071.7
E01008003,438250.1,384476.5
E01008004,439030.2,384853.6
E01008005,438567.1,383830.3
E01008006,438254.1,383530.2
E01008007,437643.2,383201.8
E01008008,439617.9,385601.7
E01008009,439300.8,385424.4
E01008010,438971.4,385222.1
E01008011,438849.1,385855.7
E01008012,438084.2,385730.4
E01008013,438369.0,385387.6
E01008014,439131.2,387390.3
E01008015,437906.3,386647.4
E01008016,438748.2,387052.0
E01008017,439066.5,386305.3
E01008018,438355.4,386435.6
E01008019,443506.6,381545.7
E01008020,442990.2,382140.8
E01008021,441513.3,381857.9
E01008022,443302.3,381906.6
E01008023,443857.5,380613.4
E01008024,442513.8,381524.3
E01008025,442371.1,380989.6
E01008027,443237.5,381132.2
E01008028,443939.5,383980.8
E01008029,442231.6,383659.7
E01008030,444207.4,383098.3
E01008031,441783.1,383454.4
E01008032,443942.1,383596.1
E01008033,442034.0,383091.5
E01008034,443513.3,383571.2
E01008035,444642.3,382739.0
E01008036,444387.8,382830.0
E01008037,443114.6,382653.2
E01008038,441216.1,382855.6
E01008039,443581.6,382531.4
E01008040,442231.2,382690.0
E01008041,444318.7,382396.2
E01008042,434358.8,384626.1
E01008043,433559.8,384381.4
E01008044,433175.6,384408.8
E01008045,434083.9,384367.2
E01008046,434169.7,384081.3
E01008047,433616.1,385673.6
E01008048,433279.4,385528.8
E01008049,433866.6,385453.1
E01008050,433051.6,385424.3
E01008051,434438.7,385010.7
E01008052,433968.2,384891.9
E01008053,435750.2,393086.0
E01008054,437014.0,393040.9
E01008055,437027.2,393450.6
E01008056,435428.7,392887.6
E01008057,436596.7,393212.6
E01008058,435836.2,393330.9
E01008059,436747.9,392585.2
E01008060,436405.1,392473.2
E01008061,436152.7,392091.4
E01008062,436619.4,391781.3
E01008063,435908.7,391783.0
E01008064,432991.4,387734.8
E01008065,434330.6,388003.8
E01008066,433533.1,387805.2
E01008067,433679.2,387665.8
E01008068,434452.2,387530.4
E01008069,433265.0,387675.6
E01008072,434114.4,388292.5
E01008073,433757.1,388057.1
E01008074,433108.3,388068.8
E01008075,436947.0,383469.2
E01008076,436996.5,382965.7
E01008077,436924.0,382604.9
E01008078,436290.0,382477.8
E01008079,435769.8,381731.5
E01008080,434776.2,381366.4
E01008081,436008.8,380819.8
E01008082,435718.3,380899.3
E01008083,434825.2,380708.6
E01008084,435406.6,380484.8
E01008085,433602.4,392837.3
E01008086,433389.9,392416.9
E01008087,433370.5,391912.4
E01008088,433631.1,391819.7
E01008089,432666.2,391333.2
E01008090,434018.8,391618.3
E01008091,433261.0,390826.1
E01008092,433946.9,391054.2
E01008093,433413.2,389846.3
E01008094,434670.9,390594.9
E01008095,436521.6,385812.9
E01008096,436300.6,385481.4
E01008097,437423.5,385383.2
E01008098,437795.2,385037.5
E01008099,435735.9,385383.8
E01008100,436864.7,385024.9
E01008101,436324.8,384978.8
E01008102,437485.2,384912.7
E01008103,437232.7,384573.0
E01008104,434030.6,386571.4
E01008105,434871.8,385974.5
E01008107,434575.7,385828.1
E01008108,435338.4,385762.2
E01008109,435130.8,386066.6
E01008111,434224.0,385812.4
E01008112,434901.6,385304.7
E01008113,434693.6,385241.4
E01008114,434700.9,386774.6
E01008115,434294.2,386839.5
E01008116,434115.6,392684.4
E01008117,434624.6,392888.6
E01008118,434238.0,392116.1
E01008119,435040.6,392650.7
E01008122,434587.6,391809.1
E01008123,434995.5,391680.5
E01008124,434353.9,391226.8
E01008125,434581.8,393280.3
E01008126,430675.2,392335.8
E01008128,429556.9,392461.9
E01008129,429430.1,388859.0
E01008130,430976.9,390019.6
E01008131,430853.9,388852.9
E01008132,430249.5,388905.3
E01008133,430643.8,388473.4
E01008134,433298.2,394070.4
E01008135,435794.5,394417.8
E01008136,429710.2,394776.4
E01008137,433838.9,393814.3
E01008138,435607.7,393914.5
E01008139,435823.0,393680.9
E01008140,430722.6,393260.4
E01008141,433214.4,393643.9
E01008142,427778.9,397944.9
E01008143,428433.2,397972.6
E01008144,427244.4,398282.6
E01008145,426778.9,397966.3
E01008146,428591.2,397601.0
E01008147,428106.2,397369.5
E01008148,426843.7,397590.4
E01008149,425746.6,398796.8
E01008150,426462.7,398480.7
E01008151,433406.6,388374.9
E01008152,432047.7,388579.7
E01008153,433256.8,388848.1
E01008154,432945.0,388597.3
E01008155,433603.1,388619.9
E01008156,432641.4,388718.4
E01008157,433877.2,388865.1
E01008158,431223.7,388244.7
E01008159,432688.5,387886.1
E01008160,433032.2,389250.7
E01008161,433438.7,389305.4
E01008162,426478.8,562719.0
E01008163,425674.1,562282.8
E01008164,426761.2,562283.1
E01008165,426547.7,562014.4
E01008166,425612.2,563214.0
E01008167,425080.0,562517.1
E01008170,424702.9,562216.0
E01008172,427947.1,554416.7
E01008173,427506.0,554211.7
E01008174,427714.9,555930.3
E01008175,427040.7,555915.2
E01008176,428039.0,554984.4
E01008177,418295.0,563212.2
E01008178,418284.0,562729.5
E01008179,417398.6,562807.0
E01008180,417715.4,562690.7
E01008181,419041.7,562581.1
E01008182,418507.5,562376.4
E01008183,415107.8,558584.1
E01008184,415965.9,558177.0
E01008185,415920.8,558586.0
E01008186,412106.5,558376.1
E01008188,416524.6,559183.7
E01008189,426035.2,558519.2
E01008190,426444.1,558681.7
E01008191,426710.0,558592.8
E01008192,426377.5,559372.6
E01008193,425896.5,559351.9
E01008194,425843.7,558922.3
E01008195,414202.2,562223.9
E01008196,413959.5,559614.8
E01008197,413652.1,563051.9
E01008198,413524.4,563773.2
E01008199,413820.4,563512.5
E01008200,413257.3,563267.9
E01008201,426561.0,561102.4
E01008202,426964.5,561476.9
E01008203,425967.2,561861.1
E01008204,426406.5,561703.8
E01008205,425980.2,561484.1
E01008206,423006.9,561117.2
E01008207,422666.1,561053.1
E01008208,422544.7,561634.3
E01008209,422785.9,562365.6
E01008210,423146.7,562214.2
E01008211,422972.9,561743.7
E01008212,427396.6,561596.9
E01008213,427835.0,561358.3
E01008214,427129.1,562582.3
E01008215,427830.3,562107.4
E01008216,428068.8,561675.5
E01008217,426894.6,559016.5
E01008218,427677.6,559307.7
E01008219,426870.7,560307.0
E01008220,427268.0,560116.2
E01008221,426869.0,559768.0
E01008222,427443.1,556457.1
E01008223,426976.5,556562.9
E01008224,427293.8,556984.8
E01008225,427511.4,558669.6
E01008226,424535.5,556653.5
E01008227,428062.1,559621.7
E01008228,427160.8,561120.1
E01008229,428243.7,560881.4
E01008230,427340.2,560656.2
E01008231,428809.0,560737.5
E01008232,428458.0,560035.5
E01008233,428133.9,560338.1
E01008234,425627.6,559650.0
E01008235,426300.8,560013.0
E01008236,426318.9,560666.0
E01008237,425916.8,560815.9
E01008238,426034.8,560306.8
E01008239,425542.3,560107.3
E01008240,429441.2,561682.7
E01008241,428854.5,561660.3
E01008242,429149.4,561150.0
E01008243,429889.9,562650.4
E01008244,429232.5,562312.2
E01008245,414374.2,563962.6
E01008246,416015.0,563937.9
E01008247,415478.8,563904.0
E01008248,417253.1,564094.4
E01008249,415763.5,564350.2
E01008250,415146.9,564453.9
E01008251,425458.6,561621.5
E01008252,425430.4,561967.2
E01008253,425179.8,561746.6
E01008254,424846.1,561513.8
E01008255,425230.0,561183.2
E01008256,423389.3,560278.4
E01008257,424374.5,561715.7
E01008258,423961.5,562477.8
E01008259,423971.3,561854.1
E01008260,423806.7,560990.9
E01008261,423384.7,560933.3
E01008262,420380.0,562095.0
E01008263,420442.5,561614.8
E01008264,421333.4,561463.8
E01008265,420789.7,561770.7
E01008266,420121.9,561173.7
E01008267,420673.1,560973.5
E01008268,421238.4,560703.8
E01008269,420603.1,560109.3
E01008270,420209.2,560165.3
E01008271,419599.7,560213.6
E01008272,420994.1,559028.1
E01008273,420374.3,558930.1
E01008274,420665.9,558815.1
E01008275,419797.0,560579.3
E01008276,418263.4,561048.3
E01008277,417774.8,561895.5
E01008278,416915.9,560910.4
E01008279,417173.4,562136.8
E01008280,417890.0,562251.0
E01008281,429657.1,561089.4
E01008282,429245.3,560464.4
E01008283,430396.2,561233.0
E01008284,429918.4,560809.7
E01008285,428894.3,560074.4
E01008286,430246.9,561610.0
E01008287,429912.7,561861.9
E01008288,420682.1,564675.3
E01008289,421322.4,564565.7
E01008290,421462.0,563957.5
E01008291,422009.1,563817.9
E01008292,420451.7,564969.8
E01008293,420973.3,567890.0
E01008294,420961.1,568599.2
E01008295,421628.7,568042.2
E01008296,421042.8,567481.7
E01008297,421329.2,566683.2
E01008298,420750.8,567153.1
E01008299,421026.5,566502.7
E01008300,421662.3,566507.3
E01008301,427573.6,563851.2
E01008302,427591.4,564453.3
E01008303,427048.3,564924.6
E01008305,427182.5,564303.9
E01008306,420840.7,573188.3
E01008307,423201.3,572682.5
E01008309,423930.1,570218.2
E01008311,421918.5,569629.3
E01008312,421299.4,569214.5
E01008313,421778.7,569203.1
E01008314,427295.4,566926.2
E01008315,426477.9,566908.9
E01008316,427745.5,566915.6
E01008317,426231.3,567302.1
E01008318,426809.7,566705.4
E01008319,427996.7,567362.4
E01008320,426867.9,568111.2
E01008321,425908.0,568014.8
E01008322,426670.2,567429.8
E01008323,427125.2,567524.0
E01008324,419971.5,566664.2
E01008325,419475.4,566323.9
E01008326,418531.0,566293.3
E01008327,419967.5,566358.1
E01008328,418172.4,566471.6
E01008329,418980.2,566167.8
E01008330,419462.9,565976.2
E01008331,423167.3,564119.1
E01008333,422766.3,564152.0
E01008334,421943.2,564579.0
E01008335,422376.6,564243.1
E01008336,423140.3,568897.5
E01008337,422709.7,569148.7
E01008338,422314.5,568974.1
E01008339,422063.2,568366.0
E01008340,422560.0,568315.4
E01008341,422933.0,568362.8
E01008342,422786.1,569573.7
E01008343,421131.2,565481.6
E01008344,420671.8,565645.4
E01008345,420157.2,565895.0
E01008346,421710.7,565425.3
E01008347,421358.8,565337.7
E01008348,421766.5,565128.8
E01008349,422177.0,564908.3
E01008350,420609.9,566292.3
E01008351,424915.8,568776.2
E01008352,423764.6,568978.1
E01008353,423422.4,568536.3
E01008354,424867.2,568275.6
E01008355,424317.1,568283.1
E01008356,423315.3,567958.9
E01008357,424435.2,569539.1
E01008358,424296.7,569024.3
E01008359,427063.0,565687.4
E01008360,427504.0,565935.4
E01008361,427317.5,565795.4
E01008362,427009.0,565416.9
E01008363,427632.6,566446.6
E01008364,427221.9,566181.2
E01008365,426889.6,566084.2
E01008366,425796.9,566315.4
E01008367,425553.4,566023.2
E01008368,425730.7,566126.3
E01008369,425053.0,566404.1
E01008370,425218.4,565708.0
E01008371,425497.2,566922.7
E01008372,425279.3,566734.4
E01008373,425110.3,566613.8
E01008374,422917.1,567748.5
E01008375,422340.3,567492.6
E01008376,422554.3,567761.9
E01008377,421752.5,567201.9
E01008378,423257.6,567221.3
E01008379,422860.8,567117.9
E01008380,422114.3,566529.6
E01008381,418219.2,565615.6
E01008382,418696.4,565234.7
E01008383,418150.5,565193.5
E01008384,419027.7,565552.3
E01008385,418401.8,564841.3
E01008386,419379.1,565279.4
E01008387,419006.0,564768.7
E01008388,428051.1,564454.4
E01008389,428172.1,563910.6
E01008390,428274.8,563477.3
E01008391,428253.7,564898.3
E01008392,428127.3,565134.2
E01008396,423346.7,564869.7
E01008397,424863.0,564843.7
E01008398,423415.6,564459.5
E01008399,423617.1,564616.4
E01008400,415604.2,566324.4
E01008401,416070.8,566468.4
E01008402,417077.3,566306.1
E01008403,415302.1,566684.7
E01008404,416793.9,565531.8
E01008405,415896.8,566996.0
E01008406,425787.5,564670.2
E01008407,425515.2,565028.8
E01008409,426209.3,565772.2
E01008410,426140.2,565086.2
E01008411,425912.3,565348.3
E01008412,426634.8,565231.4
E01008413,426528.5,565045.9
E01008415,419958.3,564875.0
E01008416,419935.0,565311.0
E01008418,424932.2,567859.9
E01008419,424195.8,567886.4
E01008420,424465.5,567373.0
E01008421,423554.7,567629.3
E01008422,425121.0,567403.1
E01008423,424015.3,567149.9
E01008424,425387.7,568155.2
E01008425,429344.3,563958.6
E01008426,428584.2,564240.0
E01008427,428885.1,563448.5
E01008428,428891.8,563817.9
E01008429,429170.8,564618.0
E01008430,429259.7,564895.4
E01008431,428871.2,564909.7
E01008432,428618.9,565030.9
E01008433,428510.5,565901.3
E01008434,429070.1,566149.7
E01008435,428938.1,565689.7
E01008436,429345.6,565647.3
E01008437,422744.3,563632.7
E01008438,423544.9,563499.6
E01008439,423609.8,563991.4
E01008441,419381.8,567229.0
E01008442,418240.0,567425.0
E01008443,417746.0,567132.9
E01008444,418764.4,567458.5
E01008445,420060.6,567050.3
E01008446,418894.7,567004.9
E01008447,418257.0,566905.6
E01008448,418008.8,567755.7
E01008449,422961.5,564647.8
E01008450,422010.4,565787.7
E01008451,421601.4,565976.1
E01008452,422419.2,565820.0
E01008453,422496.8,565313.8
E01008455,422540.9,564875.9
E01008456,420119.0,567509.6
E01008457,420245.8,567692.0
E01008458,420289.1,569098.1
E01008459,420162.7,568233.8
E01008460,419675.3,568352.9
E01008461,431299.3,568531.0
E01008462,430769.1,568097.6
E01008463,430731.5,568348.8
E01008464,430007.6,567998.2
E01008465,429953.1,567761.8
E01008466,430950.2,569196.9
E01008467,431138.5,568909.7
E01008468,431626.9,568689.2
E01008469,427558.0,568482.2
E01008470,427817.6,569777.6
E01008471,427180.5,569213.5
E01008472,428233.7,569444.1
E01008473,427763.6,568962.8
E01008474,427064.7,568867.0
E01008475,427515.5,571967.8
E01008476,427028.9,572101.2
E01008477,427183.4,571467.0
E01008478,426665.7,573469.7
E01008479,427533.4,571380.5
E01008480,426892.3,573928.9
E01008481,433889.7,568363.1
E01008482,434301.6,568171.1
E01008483,434985.1,568233.4
E01008484,433760.8,567803.6
E01008485,434424.9,567944.0
E01008486,434077.4,568725.9
E01008487,433816.0,569393.6
E01008488,432857.9,569876.0
E01008489,433759.2,569896.3
E01008490,433310.4,569709.7
E01008491,433125.8,569286.2
E01008492,433604.5,568644.3
E01008493,435717.8,570380.7
E01008494,435231.0,570368.4
E01008495,435976.6,570857.1
E01008496,436235.5,571347.5
E01008497,435846.0,571239.1
E01008498,435165.4,570900.0
E01008499,427479.4,570213.3
E01008500,428447.0,570254.4
E01008502,428543.0,569881.8
E01008503,429131.8,569975.3
E01008504,428396.6,571685.2
E01008505,427973.0,570764.8
E01008506,428487.3,571351.8
E01008507,428676.9,571087.1
E01008508,432418.6,567653.6
E01008509,431801.7,567613.4
E01008510,432353.7,567285.3
E01008511,431770.4,567183.5
E01008512,432011.2,568047.0
E01008513,425906.4,568741.6
E01008514,426507.1,569100.7
E01008516,426614.2,570780.1
E01008517,434097.4,572344.5
E01008518,432972.6,571876.2
E01008519,433690.7,572292.3
E01008520,434619.2,572368.8
E01008521,433467.6,571715.6
E01008522,433863.8,571848.3
E01008523,434662.3,572880.0
E01008524,435562.2,568280.3
E01008525,435069.3,569470.4
E01008526,434495.4,569171.8
E01008527,435420.1,569161.2
E01008528,434959.2,568956.2
E01008529,435319.6,568786.0
E01008530,434670.2,568590.7
E01008531,428748.8,568129.6
E01008532,429033.5,567751.4
E01008533,429184.8,567429.1
E01008534,428629.8,567345.8
E01008535,429296.3,566814.7
E01008536,429839.9,566620.4
E01008537,429556.0,566520.9
E01008538,429186.7,568548.3
E01008539,435188.2,567273.1
E01008540,433548.8,567055.1
E01008541,434070.9,567371.3
E01008542,432512.3,567002.1
E01008543,432176.6,566642.4
E01008544,435270.3,567943.5
E01008545,434887.3,567509.2
E01008546,434722.9,573309.8
E01008547,433828.4,573149.5
E01008548,433244.4,572708.7
E01008549,434329.5,573440.4
E01008550,435057.3,572830.3
E01008551,434592.2,574060.8
E01008552,433917.4,571305.5
E01008553,434312.2,571777.0
E01008554,434783.6,571683.0
E01008555,434637.7,571246.1
E01008556,434510.2,570526.4
E01008557,434342.9,569932.4
E01008558,436538.1,569291.6
E01008559,435909.9,569073.1
E01008560,436892.2,569597.8
E01008561,436033.8,568705.2
E01008562,436425.8,570161.3
E01008563,436255.2,569818.8
E01008564,432584.9,572233.6
E01008567,431782.4,571549.0
E01008568,431952.3,571128.0
E01008569,431578.1,570903.9
E01008570,431023.0,570391.7
E01008571,431359.7,566982.5
E01008572,430544.5,566550.1
E01008573,430260.3,566528.0
E01008574,429911.7,567267.0
E01008575,429765.5,566062.5
E01008576,431052.8,567509.5
E01008577,424169.1,572973.7
E01008578,426215.6,573552.9
E01008579,423887.8,572724.2
E01008580,423362.8,572256.2
E01008581,424135.8,572161.4
E01008582,424034.9,573747.4
E01008583,425894.5,573721.7
E01008584,435640.7,572284.2
E01008585,435204.3,572073.6
E01008586,435096.3,572324.3
E01008587,436203.5,571790.5
E01008588,435886.8,571925.1
E01008589,435667.0,571664.6
E01008590,436065.3,564466.3
E01008591,436210.3,564794.4
E01008592,436406.3,564612.5
E01008593,435666.0,564042.7
E01008594,436136.3,564038.5
E01008595,436839.8,566670.7
E01008596,436739.8,567229.5
E01008597,437202.5,567004.7
E01008598,436724.4,567609.0
E01008599,436433.7,567697.5
E01008600,433331.7,565239.2
E01008601,433981.3,564126.6
E01008602,434176.4,563633.2
E01008603,434336.7,563130.0
E01008604,432848.5,565444.9
E01008605,435077.7,563098.0
E01008606,435548.0,562885.0
E01008607,435479.0,563293.2
E01008608,434652.4,563307.9
E01008609,435939.4,563302.7
E01008610,435039.4,561651.9
E01008611,434126.2,561962.6
E01008612,434345.0,562477.5
E01008613,434635.0,561703.6
E01008614,435709.6,561639.9
E01008615,435318.7,561131.2
E01008616,436780.5,561382.1
E01008617,436160.7,561322.3
E01008618,438282.3,561646.9
E01008619,438347.5,562449.3
E01008620,437088.8,561434.4
E01008621,437618.0,562073.0
E01008622,438024.0,563593.8
E01008624,439013.6,564439.6
E01008625,438638.7,564234.8
E01008627,432522.5,562331.1
E01008628,433474.1,562462.7
E01008629,432977.5,562052.3
E01008630,433558.7,562038.9
E01008631,433627.7,563021.8
E01008632,433080.1,562890.9
E01008633,438593.6,564674.3
E01008634,438199.8,564691.6
E01008635,437936.3,564752.9
E01008636,438496.1,565087.1
E01008637,439033.9,564932.5
E01008638,430484.1,565167.3
E01008639,431299.2,565125.4
E01008640,430590.6,564607.3
E01008641,431059.4,564319.1
E01008642,430529.2,563936.3
E01008643,430685.8,563205.3
E01008644,431267.1,563243.8
E01008645,431729.7,563161.2
E01008646,431061.5,563708.0
E01008647,438216.6,565913.8
E01008648,437753.9,566453.4
E01008649,439047.1,565307.2
E01008650,438087.1,565507.5
E01008651,438604.9,565565.1
E01008652,431889.2,565071.0
E01008653,431396.7,564878.5
E01008654,432170.1,564845.6
E01008655,431856.9,564533.0
E01008656,431975.8,563796.7
E01008657,432456.1,564279.1
E01008658,432286.4,563026.1
E01008659,432654.5,563200.3
E01008660,432547.6,564857.8
E01008661,432959.3,564847.3
E01008662,433085.0,563527.5
E01008663,433035.9,563984.3
E01008664,436326.3,565912.7
E01008665,435949.3,565467.2
E01008666,436086.2,566016.7
E01008667,436064.3,567105.7
E01008668,436713.5,566218.4
E01008669,435207.9,563846.6
E01008670,434716.3,563845.9
E01008671,435786.2,565062.5
E01008672,435094.6,564244.4
E01008673,436998.7,565532.8
E01008674,437608.3,565314.4
E01008675,437269.4,566427.1
E01008676,436989.8,566384.6
E01008677,437431.7,566178.2
E01008678,436762.7,565772.4
E01008679,436614.2,565217.6
E01008680,437178.5,565115.0
E01008681,437455.0,564636.2
E01008682,437029.1,564316.4
E01008683,436511.9,565580.9
E01008684,439579.4,564818.2
E01008685,440713.5,563000.7
E01008686,440429.9,562266.3
E01008687,440817.2,562008.5
E01008688,436711.9,563171.0
E01008689,436428.2,562810.0
E01008690,436794.3,562738.3
E01008691,437107.6,563156.5
E01008692,436315.8,563385.3
E01008693,435991.2,558264.4
E01008694,435381.1,558737.9
E01008695,434890.8,558497.5
E01008696,435131.6,558025.4
E01008697,435789.1,558102.0
E01008698,435137.4,559240.8
E01008699,435044.0,558963.9
E01008700,438447.3,557322.2
E01008701,437758.4,557231.8
E01008702,440524.1,557252.7
E01008703,439962.8,557139.3
E01008704,438070.3,556930.9
E01008705,438797.2,557006.3
E01008706,438405.3,556948.8
E01008707,438443.5,556669.0
E01008708,439265.1,558624.4
E01008709,438932.0,558477.2
E01008711,439491.7,558489.9
E01008712,438436.1,559276.4
E01008713,439246.4,559503.6
E01008714,434812.8,549635.1
E01008715,434446.4,549689.7
E01008716,434736.9,549038.1
E01008717,434409.8,549212.6
E01008718,435289.0,548467.6
E01008719,435399.0,547937.1
E01008720,433956.7,551247.9
E01008721,433467.0,551628.1
E01008722,439454.8,559831.7
E01008723,440438.7,560875.9
E01008724,439185.1,560296.9
E01008725,440153.7,560015.4
E01008726,439762.6,559897.0
E01008727,440066.3,559558.4
E01008728,439802.3,559280.1
E01008730,435453.0,555955.9
E01008732,436268.1,555273.3
E01008733,435657.1,554897.7
E01008734,435246.2,554847.1
E01008735,440049.3,556041.4
E01008736,440507.4,556263.4
E01008737,440337.5,555701.4
E01008738,440557.2,555491.8
E01008739,440578.7,555061.6
E01008740,440005.3,555340.6
E01008741,440966.3,554482.6
E01008742,435425.3,547325.4
E01008743,434925.4,546696.7
E01008744,436070.5,546330.8
E01008745,435606.2,546579.5
E01008746,436424.7,545872.8
E01008747,433470.2,547757.9
E01008748,434847.5,547670.7
E01008749,433427.4,549637.7
E01008750,432699.9,549765.3
E01008751,433146.5,550803.9
E01008752,432246.9,550270.1
E01008753,433486.8,550557.3
E01008754,433639.6,549963.8
E01008755,432165.9,549846.8
E01008756,437136.8,556862.5
E01008757,437546.4,556968.8
E01008758,436905.0,555868.5
E01008759,437716.0,556462.4
E01008760,437853.9,556064.7
E01008761,437438.1,555857.2
E01008762,437029.3,557123.6
E01008763,440272.6,553680.5
E01008764,440788.9,553601.1
E01008765,438540.1,552234.7
E01008766,440083.4,552815.1
E01008767,439592.8,553063.4
E01008768,441040.6,552504.6
E01008769,440789.3,552887.0
E01008770,437467.6,552215.5
E01008771,438083.6,552025.5
E01008772,435988.9,553276.0
E01008773,436702.1,553248.8
E01008774,436385.3,553154.9
E01008775,435979.1,552647.9
E01008776,436978.7,553927.9
E01008777,437302.0,553597.5
E01008778,436590.0,553636.8
E01008779,440521.3,554579.2
E01008780,439928.6,554483.6
E01008781,438721.7,555608.8
E01008782,438309.7,555044.5
E01008783,439080.8,555251.9
E01008784,439482.6,554948.9
E01008785,438724.6,554912.1
E01008786,440150.3,558982.8
E01008787,439990.7,558351.2
E01008788,439892.0,558742.8
E01008789,440623.8,558468.8
E01008790,440335.7,558599.2
E01008791,440177.1,558043.6
E01008792,440439.0,559393.6
E01008793,432557.2,552544.5
E01008795,432078.1,552575.1
E01008796,432990.2,552226.8
E01008799,431711.7,553602.7
E01008800,432481.7,553580.7
E01008801,432674.7,553041.9
E01008802,437863.9,553226.7
E01008803,438270.0,553603.7
E01008804,438838.3,553341.5
E01008805,438489.6,553250.8
E01008808,436970.5,552436.7
E01008809,437960.3,553744.5
E01008810,436126.5,556306.1
E01008811,435289.7,556512.1
E01008812,436775.9,556390.6
E01008813,436394.4,555974.4
E01008814,435476.0,556988.8
E01008817,437911.6,558968.1
E01008819,437010.3,559009.7
E01008821,437666.8,559507.2
E01008822,436868.8,559303.6
E01008823,436118.6,554228.7
E01008824,436390.7,554088.0
E01008825,436984.1,555180.9
E01008826,437718.7,555152.9
E01008827,437212.7,554655.3
E01008828,437577.0,554779.0
E01008829,436764.8,554618.9
E01008830,438652.1,556241.5
E01008831,439211.5,556457.1
E01008832,438423.9,556320.7
E01008833,438184.3,556167.3
E01008834,439550.4,556176.1
E01008835,438912.3,556107.6
E01008836,440163.5,556640.1
E01008837,435546.2,559674.9
E01008838,435140.7,559586.7
E01008839,436169.6,559349.0
E01008840,434641.8,559563.8
E01008841,435857.6,559324.0
E01008842,436406.1,558991.1
E01008843,430840.4,555591.0
E01008844,430707.7,556672.9
E01008845,431378.4,556295.0
E01008846,431793.6,556558.1
E01008847,432035.2,556426.7
E01008848,430454.0,555553.9
E01008849,430480.0,556211.8
E01008851,431362.8,555684.2
E01008852,430938.8,555931.7
E01008853,430919.1,557348.1
E01008854,431405.5,557783.3
E01008855,431494.8,558278.3
E01008856,430596.4,558508.0
E01008857,430329.0,558307.0
E01008858,430625.1,557969.4
E01008859,431790.1,557839.5
E01008860,430220.2,557819.4
E01008861,431019.9,554509.4
E01008862,431438.0,554635.3
E01008863,429713.6,553926.9
E01008864,428700.7,553839.5
E01008865,430065.4,554294.9
E01008866,429213.2,554247.6
E01008867,429640.9,555955.3
E01008868,428919.2,555790.5
E01008869,429208.9,556101.8
E01008870,429301.5,555136.3
E01008871,429807.7,555237.9
E01008872,428827.7,555015.6
E01008873,428919.6,556933.4
E01008874,429809.4,556758.0
E01008875,429367.6,556822.9
E01008876,429911.2,558542.9
E01008877,428736.2,558420.8
E01008878,429677.9,558048.4
E01008879,429945.4,557503.1
E01008880,430214.2,557107.7
E01008881,412721.6,285596.5
E01008882,411775.9,285393.4
E01008883,412044.4,285107.9
E01008884,411498.4,285048.9
E01008885,413195.6,284765.0
E01008886,412883.1,284959.3
E01008887,412288.4,284657.5
E01008888,413377.4,284400.6
E01008889,411725.2,283827.2
E01008890,412267.3,284101.9
E01008891,413121.7,283831.1
E01008892,412031.6,283886.8
E01008893,412628.3,283729.1
E01008894,412258.1,283366.4
E01008895,412903.7,283270.9
E01008896,412406.5,286039.5
E01008897,412783.7,285998.3
E01008898,412126.6,285715.5
E01008899,408532.7,289919.6
E01008901,408214.0,289471.3
E01008905,406110.5,289272.6
E01008906,406345.6,289177.3
E01008907,405770.1,289183.7
E01008909,406601.6,288986.7
E01008910,407630.3,288992.5
E01008911,406638.2,288691.0
E01008913,407006.5,288693.8
E01008915,408387.1,290734.1
E01008916,408104.6,290226.1
E01008917,399641.7,282452.0
E01008918,400688.9,282847.7
E01008919,401275.2,282727.9
E01008920,400421.1,282384.8
E01008921,399120.1,282856.4
E01008923,399687.4,281947.2
E01008924,401496.3,282049.9
E01008925,399286.8,282177.4
E01008927,399273.7,281631.6
E01008928,399702.5,281431.2
E01008929,401356.9,281492.9
E01008930,401096.9,280408.3
E01008931,400519.9,283056.4
E01008932,408799.1,281399.1
E01008933,409400.6,281467.5
E01008934,409492.6,281066.2
E01008935,408780.1,280704.6
E01008936,408070.6,280891.1
E01008937,409423.7,280526.2
E01008938,409107.9,280463.3
E01008939,408821.6,280107.4
E01008940,409610.9,279667.7
E01008941,409306.4,279895.8
E01008942,408450.4,279120.3
E01008943,408280.9,279335.0
E01008944,409933.7,279313.3
E01008945,408956.3,279215.2
E01008946,408779.7,278833.9
E01008947,408132.3,278856.9
E01008948,407988.2,278601.7
E01008949,408439.1,278284.3
E01008950,403726.9,280852.9
E01008951,404540.6,280789.7
E01008952,405439.6,281004.4
E01008953,405865.4,280710.6
E01008954,403372.0,280452.7
E01008955,405088.8,280904.6
E01008956,404525.9,280394.8
E01008957,405309.4,280108.3
E01008958,402982.3,280136.2
E01008959,403933.1,279817.1
E01008960,404660.5,280018.5
E01008961,404519.8,279694.6
E01008962,403253.3,279483.9
E01008963,406381.1,281632.3
E01008964,406202.2,281862.7
E01008965,406064.4,281250.2
E01008966,406354.5,280679.1
E01008967,406883.1,280602.2
E01008968,407440.2,280694.4
E01008969,408040.5,280314.2
E01008970,406650.6,280489.7
E01008971,407400.3,280175.7
E01008972,406122.3,280009.7
E01008973,406540.4,279766.4
E01008974,406965.7,279422.3
E01008975,406059.9,279296.9
E01008976,407622.7,279158.4
E01008977,405615.9,279145.9
E01008978,407365.2,278625.0
E01008979,406390.5,278756.7
E01008980,406933.0,278599.9
E01008981,407173.5,281178.1
E01008982,406263.6,284090.1
E01008984,406574.3,284529.3
E01008986,403713.7,286396.0
E01008987,404693.7,286408.6
E01008988,404413.8,286240.5
E01008989,403534.4,286141.0
E01008990,404660.9,285608.9
E01008991,404030.0,285687.2
E01008992,404352.9,284702.0
E01008994,406112.1,285611.1
E01008995,406782.3,285309.9
E01008996,407079.9,285040.6
E01008997,406276.0,284987.9
E01008998,411083.8,290420.7
E01008999,410764.8,290620.7
E01009000,410592.8,291170.2
E01009001,410886.2,293150.8
E01009002,410714.2,292841.8
E01009003,411851.8,292709.5
E01009005,412415.6,292568.7
E01009006,410867.4,292541.1
E01009007,410964.3,292102.6
E01009008,411819.3,291830.2
E01009009,412383.6,291982.7
E01009011,412277.4,291386.1
E01009012,411372.5,291481.1
E01009013,410964.6,291375.2
E01009014,410674.3,283091.3
E01009015,412428.4,282861.8
E01009016,411174.3,282556.9
E01009017,410324.3,282999.7
E01009018,411728.3,282980.3
E01009019,412291.4,282010.4
E01009020,412007.6,282547.2
E01009021,412431.4,282507.3
E01009022,411528.4,282252.3
E01009023,411436.4,281750.3
E01009024,411920.6,281554.0
E01009025,412301.3,281648.9
E01009026,410925.3,283636.8
E01009028,411173.9,283450.6
E01009029,411472.1,283371.4
E01009030,410910.7,282019.5
E01009031,410298.7,281393.5
E01009032,411159.1,281459.5
E01009033,411666.0,281094.2
E01009034,410590.2,280988.0
E01009035,411239.2,281012.8
E01009036,410926.2,280451.9
E01009037,409998.1,280760.0
E01009039,410641.0,280018.3
E01009040,410331.9,280191.0
E01009041,411006.4,279831.8
E01009042,410528.2,279417.8
E01009043,410475.8,282603.4
E01009044,409826.2,282611.6
E01009045,410243.0,282327.2
E01009046,410131.7,281991.7
E01009047,406237.3,289665.2
E01009048,405826.3,289639.4
E01009049,405654.0,290713.2
E01009050,406116.1,290753.8
E01009051,407199.2,290612.1
E01009053,407575.8,290518.0
E01009054,407070.9,290400.6
E01009056,405461.5,290048.6
E01009057,405958.2,290296.0
E01009058,407422.7,290320.3
E01009059,406261.6,290178.7
E01009060,406689.1,289866.1
E01009061,407163.7,289918.8
E01009062,406524.1,289701.5
E01009064,402412.6,283036.0
E01009065,403330.3,285108.4
E01009066,402733.9,285541.6
E01009067,402935.3,284893.9
E01009068,403347.8,284540.5
E01009069,403720.9,284720.0
E01009070,402064.6,284443.0
E01009071,402913.0,284013.2
E01009072,402612.4,284274.5
E01009073,401615.0,283878.5
E01009074,401794.0,284080.9
E01009075,403588.0,283997.8
E01009077,402784.1,283365.3
E01009078,403436.0,283143.7
E01009079,412889.3,289777.0
E01009080,413522.0,289861.0
E01009081,413115.8,289701.0
E01009082,412178.0,289604.1
E01009083,413537.8,289470.9
E01009084,412981.5,289242.4
E01009085,412670.1,289045.5
E01009086,412086.4,289090.2
E01009087,413550.5,288960.9
E01009088,413981.1,288996.5
E01009089,413382.4,288509.3
E01009090,412860.9,288474.2
E01009091,414149.5,288307.7
E01009092,413631.9,287944.4
E01009093,414250.6,287889.5
E01009094,413827.2,287570.0
E01009095,413207.0,287763.0
E01009096,414346.9,291656.3
E01009097,414733.3,291140.6
E01009098,412988.8,291646.9
E01009099,414448.8,291333.6
E01009100,412667.6,291657.2
E01009101,414169.3,291017.1
E01009102,411943.9,290917.2
E01009103,414190.4,290710.1
E01009104,411555.8,290722.5
E01009105,413723.4,291849.9
E01009106,414874.2,291799.3
E01009107,404900.8,278081.6
E01009108,404142.8,278142.8
E01009109,405497.4,278317.4
E01009110,405090.1,277877.2
E01009111,403743.0,277919.1
E01009112,403317.3,277650.7
E01009113,404373.8,277669.2
E01009114,403922.7,277456.8
E01009115,404379.3,277149.3
E01009116,404401.8,278883.8
E01009117,403550.2,278804.0
E01009118,403661.2,278403.8
E01009119,404914.7,278623.9
E01009120,405594.9,278659.9
E01009122,408780.1,293752.3
E01009123,408689.1,292757.4
E01009124,408538.8,292530.0
E01009125,408611.1,292027.1
E01009126,409194.6,292117.4
E01009127,408656.5,294968.3
E01009128,408276.2,294950.0
E01009129,408981.3,294550.0
E01009130,408443.2,294466.1
E01009131,408113.1,294508.1
E01009132,409292.2,294199.7
E01009133,408680.5,294160.0
E01009134,408127.7,293943.8
E01009135,409752.2,293713.7
E01009136,409269.3,293690.8
E01009137,408319.2,293550.9
E01009138,402903.4,286887.3
E01009139,402585.2,286936.3
E01009140,403919.3,286908.4
E01009141,405402.7,287167.9
E01009143,405163.0,286628.9
E01009145,403414.0,286873.5
E01009146,406055.0,286176.0
E01009147,402801.3,286355.2
E01009151,403586.7,287460.9
E01009152,403867.4,287483.7
E01009153,404542.7,287331.8
E01009155,398305.2,278564.1
E01009157,399438.8,278778.3
E01009158,400512.7,278363.0
E01009159,399410.7,277960.8
E01009160,398822.0,277826.7
E01009161,398255.4,278270.6
E01009162,401067.6,278119.8
E01009164,399419.5,276985.4
E01009165,400481.4,277276.4
E01009166,401460.9,277197.9
E01009167,399675.5,277349.2
E01009168,401708.1,277035.9
E01009169,400197.9,277141.7
E01009170,402059.9,276984.2
E01009171,399801.9,276755.9
E01009172,400991.7,279461.9
E01009173,400547.0,279239.1
E01009174,399865.6,278870.6
E01009175,407676.3,281641.7
E01009176,409276.6,282063.7
E01009177,406963.0,281893.0
E01009178,407282.5,281902.0
E01009179,407761.7,281345.9
E01009182,407474.7,283923.9
E01009183,407005.1,283259.9
E01009184,407586.6,283087.9
E01009185,408546.3,282606.4
E01009186,406579.8,282679.6
E01009187,407972.6,282630.4
E01009188,407728.0,282323.7
E01009189,408043.2,282042.7
E01009192,409971.2,287666.7
E01009195,410866.7,287537.0
E01009197,410958.6,287049.2
E01009199,408964.7,286809.0
E01009200,408798.5,286514.5
E01009201,409081.7,288923.4
E01009202,409333.2,289487.4
E01009204,408408.5,287796.0
E01009205,402909.0,279167.4
E01009206,402063.5,279024.0
E01009207,401421.8,278914.9
E01009208,401274.7,278433.8
E01009209,401936.3,278511.0
E01009210,402510.7,278547.2
E01009211,402968.3,278674.5
E01009212,402544.6,277892.6
E01009213,401727.7,277937.1
E01009214,403056.0,278237.8
E01009215,401927.8,277679.8
E01009216,402674.2,277345.4
E01009217,402977.4,277173.5
E01009218,403012.3,279782.3
E01009219,402247.4,279384.9
E01009220,407180.5,295428.1
E01009221,408024.6,295276.6
E01009222,407568.9,295300.7
E01009223,406498.3,294879.3
E01009224,407451.4,294879.7
E01009225,407096.0,294396.4
E01009226,407669.2,294343.7
E01009227,407254.2,293559.5
E01009228,407051.8,293947.0
E01009229,407470.3,293538.4
E01009230,407784.1,293660.2
E01009231,407993.0,293071.4
E01009232,407410.3,292782.0
E01009233,407647.8,295682.7
E01009234,406402.6,292922.3
E01009235,405123.7,293189.1
E01009236,406122.4,293175.4
E01009237,405204.7,292752.3
E01009238,405728.5,292864.0
E01009239,406978.7,291779.8
E01009240,405486.4,292387.7
E01009241,406020.1,292307.9
E01009242,406544.4,291613.9
E01009243,405766.5,293991.9
E01009244,406565.5,293500.5
E01009245,405025.8,293961.4
E01009246,405338.8,293766.5
E01009247,405640.5,293375.1
E01009248,406881.6,293340.3
E01009249,400348.7,284424.6
E01009250,399482.4,284471.8
E01009251,400403.7,284875.9
E01009252,402139.9,284849.8
E01009253,399933.3,284623.1
E01009254,401282.1,284734.1
E01009255,400866.4,284037.5
E01009256,401125.8,284357.0
E01009257,400509.9,284103.4
E01009258,401269.5,283809.0
E01009259,400247.9,283807.1
E01009260,402035.3,285445.6
E01009261,401301.4,285105.1
E01009262,405355.1,291377.1
E01009263,405223.0,290870.4
E01009264,404510.0,291066.3
E01009265,404745.5,290748.8
E01009266,404226.6,290680.7
E01009267,404466.8,291360.1
E01009268,403504.8,290606.5
E01009269,403956.3,290676.5
E01009270,404576.3,290212.3
E01009271,403971.7,290427.2
E01009272,403198.9,290570.0
E01009273,403913.9,290172.6
E01009274,403688.1,290005.0
E01009275,404244.9,289825.1
E01009276,404376.3,292480.9
E01009278,405149.5,291741.0
E01009279,404582.4,292096.3
E01009280,404808.0,281825.2
E01009281,404191.4,281561.1
E01009282,405373.3,281689.2
E01009283,405944.6,283116.9
E01009284,404375.2,282551.9
E01009286,405002.0,282575.8
E01009288,405484.9,282861.7
E01009289,404643.0,282720.3
E01009290,404877.6,282322.3
E01009291,402746.6,282761.9
E01009292,403395.8,282664.3
E01009293,405434.7,281992.6
E01009294,403156.6,282080.3
E01009295,403905.1,282251.5
E01009296,405908.1,282287.5
E01009297,416078.7,287500.3
E01009298,414525.4,287265.0
E01009299,415221.4,287055.6
E01009300,415305.8,287387.1
E01009301,416110.0,286939.5
E01009302,416300.8,286253.5
E01009303,415775.0,286613.1
E01009304,415495.5,289051.0
E01009305,414391.9,289110.5
E01009306,415381.3,288378.6
E01009307,414770.5,288966.0
E01009308,416319.6,288800.7
E01009309,415112.0,288620.1
E01009310,415928.4,288814.7
E01009311,414202.8,287490.6
E01009312,414172.0,284945.2
E01009313,413815.0,284708.5
E01009314,415062.4,284939.8
E01009315,414751.2,284316.5
E01009316,414251.2,284467.9
E01009317,415723.8,284759.1
E01009318,415694.4,284326.6
E01009319,415322.9,284103.1
E01009320,415230.2,283871.5
E01009321,415670.4,285471.7
E01009322,415069.1,285651.0
E01009323,414763.2,285294.1
E01009324,414323.7,285338.9
E01009325,411149.6,285841.8
E01009326,411493.4,285785.0
E01009327,410718.4,286105.2
E01009328,410371.0,286020.5
E01009329,410008.2,285787.0
E01009331,410513.2,286340.8
E01009332,409580.0,286178.3
E01009333,410126.9,286447.7
E01009334,410328.8,285702.1
E01009335,410694.1,285587.6
E01009337,410410.3,285255.9
E01009338,410151.4,284973.2
E01009339,409648.8,284291.2
E01009341,411936.7,286577.0
E01009342,411223.0,286642.7
E01009343,410817.2,286532.3
E01009344,409959.1,286332.7
E01009345,404283.5,288045.7
E01009346,404005.4,287820.2
E01009347,405511.0,287976.0
E01009348,405196.5,288140.6
E01009349,403144.7,289809.1
E01009350,404532.3,289884.2
E01009351,403353.3,289730.9
E01009352,405013.1,289680.7
E01009353,404787.9,289663.3
E01009354,403681.5,289542.7
E01009355,405372.0,289506.8
E01009358,405259.6,288983.8
E01009359,404657.2,289125.3
E01009360,404766.1,288528.3
E01009361,404212.7,288635.3
E01009362,407686.1,285236.1
E01009363,409041.6,285362.3
E01009364,407932.5,285587.9
E01009365,408487.0,285179.2
E01009366,407332.6,284695.6
E01009367,408233.9,284751.1
E01009368,408858.8,284818.7
E01009371,409016.5,284516.9
E01009372,409269.8,284553.5
E01009373,409431.1,284491.7
E01009374,407649.5,284578.5
E01009375,408192.1,284509.8
E01009376,407697.2,284208.9
E01009377,408260.4,284069.1
E01009379,408992.4,286001.1
E01009380,409572.5,285628.7
E01009382,409060.0,283725.7
E01009383,408664.8,283731.8
E01009384,407850.2,283726.5
E01009385,408076.5,283333.6
E01009389,408910.9,283493.9
E01009390,408479.7,283244.9
E01009391,409681.1,283330.7
E01009392,409157.4,283164.4
E01009393,409604.6,283052.1
E01009394,408834.6,282972.9
E01009395,409451.6,282706.1
E01009396,409025.0,284069.0
E01009397,408744.3,284195.3
E01009399,408604.0,283956.5
E01009400,410484.6,290315.2
E01009401,410051.1,290229.1
E01009403,410118.0,293339.0
E01009404,409901.2,293148.5
E01009405,410156.7,292609.6
E01009406,409740.8,292688.8
E01009407,410490.0,292257.5
E01009408,409758.7,292104.7
E01009409,410414.0,291769.8
E01009410,409358.7,291728.5
E01009411,408873.0,291252.8
E01009412,409655.5,291302.0
E01009413,409892.3,290774.9
E01009414,409572.3,290896.1
E01009415,411290.0,299642.0
E01009416,413150.4,299323.4
E01009417,410317.0,299432.4
E01009418,410831.4,299934.2
E01009419,410237.5,300079.5
E01009420,412537.1,299209.7
E01009421,409721.0,299348.9
E01009422,410818.8,299095.3
E01009423,412033.9,299186.2
E01009424,412260.5,296455.9
E01009425,411468.7,298831.8
E01009426,412757.7,298760.3
E01009427,411642.9,297764.4
E01009428,412681.7,297358.0
E01009429,412385.0,298417.7
E01009430,411544.1,297080.0
E01009431,411945.3,298147.8
E01009432,413059.1,296304.3
E01009433,410702.4,300540.8
E01009434,414123.4,294681.5
E01009435,413659.7,294889.4
E01009436,414035.0,293986.2
E01009437,413556.8,294119.9
E01009438,414473.9,293480.0
E01009439,413563.1,293098.8
E01009440,414024.0,293244.7
E01009441,415636.2,292520.8
E01009442,413998.1,292630.7
E01009443,414615.3,292789.2
E01009444,413261.4,297156.2
E01009445,414374.8,296442.1
E01009446,413697.7,296943.9
E01009447,413747.1,296376.6
E01009448,414674.8,296333.6
E01009449,411846.2,295886.0
E01009450,414363.5,295641.9
E01009451,412453.8,295779.1
E01009452,413872.5,295893.9
E01009453,412328.7,295231.7
E01009454,413069.5,295476.8
E01009455,413881.5,295426.8
E01009456,411191.5,294167.7
E01009457,412350.5,294326.6
E01009458,410603.9,293856.4
E01009459,411653.7,293954.6
E01009460,411002.3,293418.3
E01009461,412590.4,293051.1
E01009462,411577.1,293274.6
E01009463,412058.4,293380.6
E01009464,407995.8,296321.1
E01009465,408383.8,295789.6
E01009466,411451.4,294741.8
E01009467,408891.3,295278.8
E01009468,411142.4,295048.6
E01009469,409411.8,295073.3
E01009470,410081.1,294997.4
E01009471,411960.5,294776.0
E01009472,410249.4,294448.1
E01009473,409652.7,294494.3
E01009474,410690.5,294396.5
E01009475,411869.1,287297.7
E01009476,411489.7,287204.5
E01009477,412065.7,287168.2
E01009478,411328.1,288825.8
E01009479,410503.7,288800.1
E01009480,411548.2,289021.5
E01009481,411950,288526.5
E01009482,409937.5,288616.5
E01009483,409947.1,288233.0
E01009484,410283.9,288538.0
E01009485,410612.4,288292.0
E01009486,411562.9,288363.3
E01009487,411818.0,288164.9
E01009488,411215.5,287913.1
E01009489,410277.2,288143.3
E01009490,412310.3,287911.0
E01009491,410704.4,287928.1
E01009492,411707.7,287725.8
E01009493,403071.1,281084.4
E01009494,402159.2,280937.9
E01009495,401277.5,280986.7
E01009496,402123.5,280473.5
E01009497,401786.9,280021.0
E01009498,401358.6,279818.6
E01009499,401493.2,279442.7
E01009500,401841.7,282695.9
E01009501,402118.6,281971.7
E01009502,401863.0,282104.0
E01009503,402496.0,282009.2
E01009504,402750.1,281562.0
E01009505,402004.8,281468.3
E01009506,402472.3,281123.7
E01009507,412753.0,287339.8
E01009508,413680.5,286941.7
E01009509,412891.3,286993.2
E01009510,413385.1,287144.6
E01009511,414232.7,286943.9
E01009512,414842.7,286278.7
E01009513,412591.3,286565.2
E01009514,414239.4,286548.6
E01009515,413129.9,286438.4
E01009516,413980.1,286406.5
E01009517,414475.1,285982.4
E01009518,413470.1,285987.5
E01009519,414012.5,285658.5
E01009520,413638.8,285360.2
E01009521,413240.5,285535.0
E01009522,431988.1,280675.5
E01009523,429929.7,282749.2
E01009524,431971.5,282379.4
E01009525,432334.6,282371.1
E01009526,431400.0,281616.1
E01009527,432142.5,281850.2
E01009528,429741.5,281795.5
E01009529,432085.9,281434.3
E01009530,431619.1,281396.8
E01009531,429542.4,280867.4
E01009532,437886.8,278016.5
E01009535,437392.4,277813.6
E01009536,437302.6,278264.2
E01009537,437425.6,277454.8
E01009538,437673.7,277215.8
E01009539,437226.8,276574.4
E01009540,436496.2,276956.4
E01009541,436496.4,276202.7
E01009542,436253.0,276554.4
E01009543,438497.9,278267.6
E01009544,434567.8,277062.9
E01009548,433748.1,278171.4
E01009549,433330.9,277549.5
E01009550,433826.4,277691.2
E01009552,433645.5,277038.8
E01009553,432630.4,278531.4
E01009554,431787.2,278074.6
E01009555,430964.2,277702.4
E01009556,431948.7,277852.5
E01009557,431555.4,277315.6
E01009558,432333.7,278030.7
E01009559,432489.4,277682.9
E01009560,433211.4,276807.9
E01009561,433805.6,276002.5
E01009562,433954.8,276433.0
E01009563,433291.0,276158.2
E01009564,434669.8,282490.3
E01009565,434144.2,281982.0
E01009566,433743.3,281146.9
E01009567,434347.1,281775.7
E01009568,434002.7,281721.8
E01009569,434718.6,281280.3
E01009570,434299.5,281182.7
E01009571,434692.9,281033.4
E01009573,433768.8,280313.2
E01009574,433866.7,280066.0
E01009575,434474.1,282759.1
E01009576,437594.2,282087.3
E01009577,436619.9,282362.8
E01009578,438001.5,281963.2
E01009579,436640.0,281811.3
E01009580,438447.1,280934.9
E01009581,437063.5,281613.2
E01009582,437888.4,281526.9
E01009583,438215.1,281129.2
E01009584,437013.9,283035.1
E01009585,436399.1,282574.3
E01009586,437205.1,282462.3
E01009587,433234.8,282046.2
E01009588,433133.9,282736.0
E01009589,434646.2,284138.4
E01009590,432028.6,283716.3
E01009591,432823.0,283643.3
E01009592,433914.3,283328.6
E01009593,433029.7,283333.0
E01009594,432172.0,282958.0
E01009596,433940.8,282962.4
E01009597,433492.8,282917.1
E01009598,432663.5,282748.3
E01009599,436479.1,281515.5
E01009604,435497.1,282937.6
E01009605,435955.5,282932.4
E01009606,435191.1,282465.7
E01009607,435978.5,282087.8
E01009608,435619.2,282361.1
E01009609,435063.9,281844.3
E01009610,435507.2,281794.9
E01009612,435760.7,277716.1
E01009613,436484.3,279488.0
E01009614,436201.5,279389.9
E01009615,435400.5,279136.8
E01009616,435795.1,279147.8
E01009617,436049.4,278899.2
E01009618,436620.2,278951.1
E01009620,436071.3,278553.5
E01009621,435599.9,278169.0
E01009622,432477.4,281243.0
E01009623,432653.1,281755.4
E01009624,433010.1,281582.6
E01009625,432981.9,280930.2
E01009626,433252.1,281505.6
E01009627,432707.1,280742.8
E01009628,432297.2,280436.8
E01009630,432717.8,280199.7
E01009631,432598.2,279862.7
E01009632,433200.3,279682.7
E01009633,434673.8,278447.1
E01009634,434374.3,278548.2
E01009636,434814.9,279563.5
E01009637,434225.6,280031.3
E01009638,434073.1,279675.1
E01009639,434361.1,279819.0
E01009640,434670.7,279873.5
E01009641,434212.9,279275.3
E01009643,431335.8,279894.5
E01009644,431255.7,280269.3
E01009645,431742.5,280219.4
E01009646,430758.5,279913.4
E01009647,432106.9,279759.6
E01009648,431740.1,279770.6
E01009649,431345.5,279222.8
E01009650,432525.4,279314.0
E01009651,432626.9,278955.1
E01009652,431047.6,280643.5
E01009653,431405.0,280593.8
E01009654,435911.1,280394.3
E01009655,435531.9,280649.3
E01009656,435292.4,280235.7
E01009657,436381.5,280086.7
E01009658,435760.7,280060.2
E01009659,435123.0,279658.0
E01009660,435522.8,279592.6
E01009661,435100.3,279167.8
E01009662,435369.8,281393.2
E01009663,436145.4,281088.1
E01009664,435627.6,281083.8
E01009665,431109.6,276411.8
E01009666,432191.3,276527.8
E01009667,432718.4,276342.5
E01009668,432062.2,275989.2
E01009669,431861.0,276188.6
E01009670,432756.6,275717.9
E01009671,430264.8,275762.3
E01009672,433239.6,275336.7
E01009674,428572.1,278091.0
E01009676,429509.5,278216.1
E01009679,429915.9,277409.0
E01009681,429657.7,278830.5
E01009682,429512.4,278666.8
E01009683,429957.7,277955.5
E01009684,430279.4,279194.6
E01009685,430802.0,279139.0
E01009686,430459.9,278795.1
E01009687,431177.0,278973.1
E01009688,431670.0,278890.5
E01009689,432092.6,278787.4
E01009690,431864.1,278421.2
E01009691,432111.2,278540.4
E01009692,429670.9,279986.1
E01009693,429961.9,279698.4
E01009694,430365.4,279770.9
E01009695,429717.0,279237.7
E01009696,429185.9,279575.0
E01009697,427451.0,279756.5
E01009698,428350.7,279647.2
E01009699,428967.7,279257.9
E01009700,428413.2,279066.8
E01009701,428335.1,278568.8
E01009702,428826.3,278739.2
E01009704,429194.1,280128.1
E01009705,428728.1,280076.7
E01009706,427634.1,280095.2
E01009707,438040.7,278836.1
E01009708,437135.8,278783.1
E01009709,437004.2,281159.2
E01009710,437537.0,280885.8
E01009711,436370.9,280675.9
E01009712,437240.7,280320.1
E01009713,437145.7,279880.4
E01009714,436732.9,280221.8
E01009715,437970.3,280060.7
E01009716,436819.0,279556.8
E01009717,437991.7,279660.0
E01009718,437230.6,279330.2
E01009719,391996.9,285347.7
E01009720,390775.4,285240.0
E01009721,389955.5,285220.8
E01009722,391600.7,285216.1
E01009723,391229.9,285593.1
E01009724,391164.2,285217.2
E01009725,390481.7,285076.8
E01009726,390726.3,284658.1
E01009727,391574.3,286130.1
E01009728,392007.2,286100.5
E01009729,392365.1,285916.9
E01009730,390549.4,285782.1
E01009731,390005.6,285842.0
E01009732,395823.2,283075.9
E01009733,396340.4,283376.3
E01009734,396355.7,284073.8
E01009735,396526.6,284892.2
E01009736,395938.3,284347.0
E01009737,395437.1,284235.2
E01009738,395401.4,283643.9
E01009739,395775.2,283684.9
E01009740,390771.7,286501.1
E01009741,391864.4,286625.9
E01009742,389994.4,286542.6
E01009743,390645.3,287009.9
E01009744,391464.3,286967.9
E01009745,389815.6,286197.8
E01009746,391697.8,287534.2
E01009747,391057.2,287490.4
E01009748,391721.1,289032.8
E01009749,390686.4,289630.1
E01009750,390595.5,288806.4
E01009751,391161.3,289011.9
E01009752,391258.7,288397.9
E01009753,390803.6,288343.6
E01009754,391533.6,287930.0
E01009756,393949.9,291403.7
E01009757,394457.6,291288.2
E01009758,393179.3,292248.1
E01009759,394543.1,292205.3
E01009760,392784.5,292072.7
E01009762,393178.7,291639.5
E01009763,394786.9,294537.2
E01009764,394460.2,294241.0
E01009765,393662.4,293961.8
E01009766,393223.4,293992.9
E01009767,394883.9,293835.0
E01009768,393963.8,293684.7
E01009769,394533.2,293551.5
E01009770,394770.5,295018.4
E01009771,393354.7,293397.6
E01009772,392220.8,293056.5
E01009773,392101.2,293964.1
E01009774,392908.3,292864.2
E01009775,393943.8,292992.2
E01009776,393710.6,292890.7
E01009777,392013.2,294364.3
E01009778,392508.8,293971.5
E01009779,391104.6,291112.5
E01009780,392437.2,291413.1
E01009781,391836.9,291419.0
E01009782,391339.2,291806.6
E01009783,391298.4,291440.1
E01009784,392687.3,290882.4
E01009785,390865.4,290744.0
E01009786,391773.5,290862.0
E01009787,392021.5,290675.0
E01009788,392217.6,292587.9
E01009789,391818.3,292198.8
E01009790,392417.9,292194.6
E01009791,398489.2,285811.1
E01009792,397281.0,285810.0
E01009793,398218.9,285292.0
E01009794,398842.0,285784.4
E01009795,397772.4,285872.1
E01009796,397749.8,285439.0
E01009797,398568.7,285143.8
E01009798,398167.1,286187.5
E01009799,396266.0,282842.7
E01009800,398871.9,284554.6
E01009801,398497.6,284577.3
E01009802,398990.9,283915.9
E01009803,398456.1,283608.7
E01009804,397691.4,283419.5
E01009805,397183.5,283469.6
E01009806,396763.8,283048.0
E01009807,395069.8,283279.7
E01009808,394702.5,282741.1
E01009809,394522.6,283959.2
E01009810,395500.6,282668.9
E01009811,395011.8,282394.1
E01009812,394497.0,282076.9
E01009813,394284.1,284110.8
E01009814,387875.6,290137.8
E01009815,387605.3,289433.7
E01009816,389309.6,289611.9
E01009817,388323.7,289881.1
E01009818,387619.8,289774.7
E01009819,388823.2,290000.4
E01009820,388707.8,289245.0
E01009821,388071.8,289303.3
E01009822,388486.3,288780.3
E01009823,390068.8,288668.4
E01009824,389342.0,288784.2
E01009825,389059.1,288397.3
E01009826,388240.5,287758.1
E01009827,388022.2,288254.3
E01009828,390024.5,288208.4
E01009829,388752.2,287561.1
E01009830,388879.7,288006.0
E01009831,392455.9,282991.2
E01009832,392130.4,282533.9
E01009833,392690.7,284285.5
E01009834,391287.3,284289.8
E01009835,392946.7,283952.7
E01009836,392324.5,284242.5
E01009837,392240.6,284081.2
E01009838,392819.2,283270.0
E01009839,392782.5,289140.5
E01009840,393823.2,289394.4
E01009841,392571.4,288532.5
E01009842,394424.5,288366.4
E01009843,394905.8,288089.2
E01009844,393141.1,289264.8
E01009845,390280.2,282757.9
E01009846,388706.4,282786.8
E01009847,388462.8,284064.8
E01009848,389041.2,283860.8
E01009849,388643.2,283383.9
E01009850,390094.0,283319.4
E01009851,389212.5,283260.8
E01009852,389492.7,282836.7
E01009853,391787.4,282730.6
E01009854,391079.1,282514.8
E01009855,390916.3,281924.1
E01009856,390675.0,284133.8
E01009857,391244.4,283622.7
E01009858,390504.8,283601.3
E01009859,391178.5,283072.8
E01009860,391727.5,283619.7
E01009861,394569.0,284650.6
E01009862,393992.5,284385.8
E01009863,395005.5,284672.2
E01009864,393098.2,286633.6
E01009865,393359.4,286204.1
E01009866,393050.2,285897.9
E01009867,392782.8,285418.2
E01009868,394290.2,285003.6
E01009869,393435.5,285422.3
E01009870,393773.4,285134.6
E01009871,395267.2,287737.4
E01009872,394351.7,287775.3
E01009873,394066.7,287987.8
E01009874,393831.8,287440.4
E01009875,395136.0,287220.0
E01009876,394793.0,286886.1
E01009877,394136.8,287025.0
E01009878,394078.5,286598.9
E01009879,393601.4,290870.1
E01009880,393141.7,291187.7
E01009882,393080.8,290669.1
E01009883,392367.0,290222.5
E01009884,392122.9,289743.1
E01009885,393238.0,289782.7
E01009886,392708.7,289887.7
E01009887,394743.7,289206.5
E01009888,395362.5,289313.8
E01009889,394627.6,289795.6
E01009890,395093.8,288791.2
E01009891,395832.4,290347.5
E01009892,395139.6,290126.9
E01009893,395486.5,290253.9
E01009894,395627.2,289695.3
E01009895,391576.5,294155.9
E01009896,391202.9,293752.4
E01009897,391049.8,293284.6
E01009898,391722.2,293097.2
E01009899,390176.3,291902.5
E01009900,390464.7,291920.3
E01009901,391386.4,294956.7
E01009902,390971.2,294492.9
E01009903,388535.0,284738.7
E01009904,388910.9,285048.5
E01009905,389111.1,284504.7
E01009906,389689.6,284434.7
E01009907,389420.0,284132.4
E01009908,389719.2,283890.7
E01009909,389219.7,285345.6
E01009910,388810.4,285548.0
E01009911,389806.1,287534.5
E01009912,389290.6,287590.9
E01009913,390149.6,287821.5
E01009914,388158.6,287088.6
E01009915,389483.8,286833.5
E01009916,388886.2,286877.9
E01009917,388345.0,286715.3
E01009918,388893.6,286327.1
E01009919,388482.1,286365.8
E01009920,389294.9,286179.8
E01009921,402245.5,286874.0
E01009922,401364.6,286744.6
E01009923,400891.2,286518.1
E01009924,401771.0,286270.3
E01009925,401574.2,285818.3
E01009926,401657.7,286617.3
E01009927,402141.9,286300.5
E01009928,401912.9,286896.4
E01009929,397382.5,286808.6
E01009930,397772.4,287150.4
E01009931,396724.5,286547.3
E01009932,397046.3,286272.9
E01009933,396733.9,285895.1
E01009934,398120.0,288208.6
E01009935,397720.9,288202.1
E01009936,397797.1,287639.3
E01009937,400567.3,286907.5
E01009938,400934.7,287060.6
E01009939,400009.2,286801.1
E01009940,400259.8,286570.8
E01009941,400245.7,287862.4
E01009942,400329.1,287427.8
E01009943,401121.3,287685.0
E01009944,400882.2,287453.8
E01009946,401088.4,293103.5
E01009947,400995.0,292496.4
E01009948,401795.7,294618.0
E01009949,403088.3,294151.0
E01009950,401314.0,293832.5
E01009951,401832.1,294203.0
E01009952,395484.8,286010.7
E01009953,394110.2,285995.1
E01009954,395297.0,285203.5
E01009955,395201.7,286408.9
E01009956,395861.8,286221.5
E01009957,395109.1,285830.8
E01009958,395720.8,285431.6
E01009959,396486.8,285438.5
E01009960,400236.9,295352.1
E01009961,399968.4,295624.1
E01009962,400497.4,295145.1
E01009963,400381.1,294709.2
E01009964,401192.2,294948.0
E01009965,400833.7,294785.6
E01009966,399731.7,294807.8
E01009967,400616.6,295726.4
E01009968,403629.1,294380.3
E01009969,402710.8,295428.8
E01009970,402395.7,295725.4
E01009971,403106.6,295658.5
E01009972,404280.5,295405.9
E01009973,402215.9,295355.6
E01009974,404413.6,294631.2
E01009975,404835.6,294601.5
E01009976,397007.7,292451.7
E01009977,397523.7,292907.2
E01009978,396415.9,293138.2
E01009979,397889.5,292090.5
E01009980,397284.4,292126.7
E01009981,398309.8,291389.3
E01009982,397233.1,293652.9
E01009983,397039.9,293248.7
E01009985,399421.6,290964.0
E01009986,399859.5,290953.0
E01009987,399634.6,291326.3
E01009988,400275.8,290576.6
E01009989,399847.1,290526.6
E01009991,400111.2,292903.8
E01009992,400344.1,292050.9
E01009993,400243.3,292349.3
E01009994,400973.5,294202.6
E01009995,400197.5,294151.9
E01009996,400900.1,293849.9
E01009997,400555.1,293133.2
E01009998,399968.5,293267.3
E01009999,398101.3,286986.9
E01010000,399533.5,287029.7
E01010001,399018.4,286700.6
E01010002,398861.6,287687.5
E01010003,399339.8,287955.9
E01010004,398273.2,287503.3
E01010005,399725.0,287871.1
E01010006,399196.1,287338.0
E01010007,404128.2,293202.9
E01010008,404537.5,293403.5
E01010009,403497.4,293311.1
E01010010,404538.8,293028.6
E01010011,404527.9,293937.5
E01010012,404107.7,293846.6
E01010013,403813.7,293549.0
E01010014,403290.5,293730.5
E01010015,397826.4,290125.6
E01010016,396406.7,290636.5
E01010017,399263.3,289552.0
E01010018,398043.7,289759.9
E01010019,400132.0,288776.4
E01010020,400520.8,288221.7
E01010021,399962.9,288327.2
E01010022,399546.4,285144.6
E01010023,400062.6,285334.8
E01010024,400490.2,285405.1
E01010025,399724.8,285920.6
E01010026,400389.0,286048.7
E01010027,400806.9,285650.9
E01010028,399647.5,285637.1
E01010029,396618.6,293812.2
E01010030,395717.2,293783.8
E01010031,396116.8,293893.0
E01010032,395845.7,293317.0
E01010033,396188.7,293402.4
E01010034,397164.9,294507.1
E01010035,396498.2,294503.5
E01010036,395405.7,294259.3
E01010037,397023.1,293878.9
E01010038,396502.4,287642.8
E01010039,396042.3,287552.9
E01010040,397035.3,287331.3
E01010041,397388.6,287382.2
E01010042,395527.6,286832.4
E01010043,396013.3,288504.3
E01010044,395903.4,288144.0
E01010045,397388.8,288023.7
E01010046,402259.2,289130.3
E01010047,401164.4,289080.8
E01010048,401426.9,288922.1
E01010049,401638.0,288748.3
E01010050,401270.1,288594.9
E01010051,401051.1,288096.9
E01010052,402446.8,289497.2
E01010053,400806.2,289311.9
E01010054,401929.1,288350.7
E01010055,401945.6,287927.6
E01010056,401478.4,287856.7
E01010057,402225.4,287818.6
E01010058,401865.5,287401.7
E01010059,402831.1,287367.5
E01010060,402340.1,287438.2
E01010061,402970.9,287721.3
E01010062,402757.6,288454.9
E01010064,402648.2,288194.9
E01010066,395676.1,291939.8
E01010067,396427.8,291861.6
E01010068,394900.0,292135.5
E01010069,397331.4,291088.2
E01010070,395365.3,291778.8
E01010071,396290.5,291406.9
E01010072,396278.7,290952.4
E01010073,397609.2,290736.1
E01010075,396349.2,292252.7
E01010076,395956.7,292549.6
E01010077,397041.7,289259.0
E01010078,396286.0,289464.8
E01010079,397421.9,288836.7
E01010080,397780.0,288783.3
E01010081,396296.8,290220.2
E01010082,396846.0,289967.8
E01010083,396362.2,289759.6
E01010084,397407.6,289703.2
E01010085,399452.7,295671.3
E01010086,398721.1,296339.6
E01010087,399195.5,296288.1
E01010088,399164.9,295848.8
E01010089,398648.4,295670.1
E01010090,398292.1,295216.9
E01010091,399008.4,295229.8
E01010092,399496.0,295091.0
E01010093,399011.1,292873.4
E01010094,399299.3,292960.8
E01010095,398513.1,293146.2
E01010096,399171.7,294695.7
E01010097,397492.7,294296.6
E01010098,399586.8,294054.7
E01010099,399647.9,293651.8
E01010100,399073.7,293784.5
E01010101,401228.5,290179.4
E01010102,400983.7,290403.3
E01010103,399702.7,292041.8
E01010104,400872.7,291806.4
E01010105,401595.4,290856.8
E01010106,400084.5,291429.1
E01010107,401055.6,290895.7
E01010108,420555.9,281032.2
E01010109,417544.8,284807.7
E01010110,417777.9,285666.9
E01010111,417907.6,286332.8
E01010112,417871.8,285992.6
E01010113,416969.6,286025.4
E01010114,417023.8,285544.2
E01010115,416663.5,281742.6
E01010116,416433.6,281304.3
E01010117,415933.5,290196.4
E01010118,415133.5,290044.5
E01010119,416223.1,289844.5
E01010120,415587.4,290306.1
E01010121,415016.6,289511.5
E01010122,414665.3,289842.3
E01010123,416487.8,289405.2
E01010124,415800.7,289566.0
E01010125,418098.9,286854.3
E01010126,418809.1,287061.2
E01010127,418493.2,287205.4
E01010128,418734.7,286303.4
E01010129,417530.2,286569.5
E01010130,418477.1,286543.4
E01010131,418390.5,286129.1
E01010132,415390.0,282951.2
E01010133,414965.4,283204.2
E01010134,415507.5,283442.9
E01010135,415059.4,282439.0
E01010136,414179.4,282237.9
E01010137,414563.1,282255.5
E01010138,416033.1,283526.4
E01010139,417836.2,287802.0
E01010140,417282.9,287099.3
E01010141,417598.1,287625.1
E01010142,416701.5,287072.1
E01010143,417047.3,286618.3
E01010144,416671.9,286688.9
E01010145,417378.3,288374.2
E01010146,416926.1,288738.2
E01010147,416788.0,288030.6
E01010148,416722.4,288371.1
E01010149,416844.8,287573.5
E01010150,416730.6,276585.0
E01010151,418007.7,276659.9
E01010152,417250.4,276342.5
E01010153,417519.4,275753.5
E01010154,417455.0,277853.2
E01010155,417994.8,277297.5
E01010156,417276.2,276948.5
E01010157,413385.7,283525.4
E01010158,414549.0,283212.7
E01010159,414526.4,283703.2
E01010160,414252.6,282824.6
E01010161,413745.5,282671.2
E01010162,413866.9,284084.8
E01010163,413829.2,283465.2
E01010164,426094.2,281802.6
E01010165,424120.4,282273.3
E01010166,424782.8,276348.6
E01010167,421924.8,274763.3
E01010168,423763.5,277556.9
E01010169,424088.4,277063.1
E01010170,423612.5,276755.8
E01010171,423219.6,276737.5
E01010172,414027.2,281720.2
E01010173,413508.4,280894.2
E01010174,412448.1,281437.2
E01010175,413034.8,281606.7
E01010176,412891.9,280576.3
E01010177,413363.7,282851.3
E01010178,412997.3,282362.0
E01010179,413651.1,281946.2
E01010180,412661.5,275805.3
E01010181,410387.6,276056.8
E01010183,413218.4,275520.5
E01010184,416581.0,275987.6
E01010185,416368.0,274811.3
E01010186,416724.6,275488.6
E01010187,416072.8,275178.8
E01010188,417198.3,274917.3
E01010189,415217.4,272813.7
E01010190,415171.5,278399.9
E01010191,413666.8,278465.5
E01010192,414556.4,279441.6
E01010193,414460.2,278122.8
E01010194,415002.6,277967.4
E01010195,414043.1,280376.8
E01010196,413237.6,280006.1
E01010197,413816.6,279471.5
E01010198,415373.2,279085.0
E01010199,412889.8,279232.1
E01010200,412538.8,278765.5
E01010201,412224.8,279167.4
E01010202,413208.9,278754.9
E01010203,412691.3,278452.3
E01010204,411725.3,280141.1
E01010205,412672.6,279876.1
E01010206,412033.4,279716.2
E01010207,414583.2,277492.5
E01010208,412012.7,278248.3
E01010209,413002.7,278056.0
E01010210,411444.7,278173.3
E01010211,411798.6,277667.8
E01010212,415076.2,277149.3
E01010213,412693.2,277573.2
E01010214,414298.2,276913.6
E01010215,413863.7,276764.1
E01010216,414344.1,276479.4
E01010217,410903.7,278248.7
E01010218,409233.8,278854.6
E01010219,410581.5,278767.1
E01010220,411240.4,278788.6
E01010221,410130.8,278502.9
E01010222,409603.4,278641.4
E01010223,411641.0,278883.9
E01010225,410914.8,279196.5
E01010226,415835.5,279853.1
E01010227,416454.2,280364.3
E01010228,415788.8,281494.2
E01010229,414225.3,281209.7
E01010230,415336.7,280501.0
E01010231,414691.2,280535.7
E01010232,415807.4,281082.5
E01010233,415814.0,280576.6
E01010234,417349.4,289463.6
E01010235,417131.4,289779.5
E01010236,416808.1,289751.3
E01010237,417431.2,289032.5
E01010238,417744.6,288531.0
E01010239,416991.7,290172.4
E01010240,416594.7,290175.3
E01010241,405537.9,300993.9
E01010242,405493.3,302083.6
E01010243,405738.4,301417.1
E01010244,404773.9,300364.1
E01010245,405693.0,300264.8
E01010246,404407.8,300136.3
E01010247,405138.6,300032.5
E01010248,405718.7,299579.0
E01010249,404607.3,303468.5
E01010250,405446.2,304430.8
E01010251,405625.7,303699.3
E01010252,405028.9,304338.1
E01010253,405535.3,303426.2
E01010254,405126.2,303280.4
E01010255,406179.2,301958.5
E01010256,405252.1,302815.4
E01010257,405912.8,302438.0
E01010258,398577.7,299280.6
E01010259,398052.1,299277.2
E01010260,398577.8,298814.5
E01010261,398354.5,298407.2
E01010262,397532.8,297426.2
E01010263,398165.9,296748.6
E01010264,397868.8,297152.5
E01010265,398669.4,296880.3
E01010266,398534.7,299621.2
E01010267,399406.2,299725.8
E01010268,400236.6,299264.4
E01010269,400270.1,298971.0
E01010270,399764.6,299077.9
E01010271,399928.1,300687.6
E01010272,400393.3,300971.9
E01010273,399169.2,300657.2
E01010274,399202.2,300346.4
E01010275,399732.1,300226.8
E01010277,400915.6,300862.0
E01010279,401338.4,300375.0
E01010282,400572.7,301373.3
E01010283,400948.6,301454.6
E01010284,400734.4,302998.0
E01010285,400254.5,302759.9
E01010286,400734.1,302394.6
E01010287,400088.6,302075.8
E01010288,400555.2,301939.1
E01010289,401095.5,302029.8
E01010290,400411.5,303338.5
E01010291,398642.8,302262.0
E01010292,399585.7,302332.0
E01010293,399193.2,302596.3
E01010294,399132.8,301924.9
E01010295,400005.9,301387.5
E01010296,399134.3,303424.2
E01010297,399517.0,303563.7
E01010298,398823.6,303067.9
E01010299,398511.5,302868.9
E01010300,398791.4,302568.9
E01010301,403171.8,306780.8
E01010302,405349.6,305445.1
E01010303,404038.1,306520.1
E01010304,404843.1,306580.9
E01010305,405087.0,305854.4
E01010306,404255.5,305349.7
E01010307,404002.8,304719.5
E01010308,404980.8,305091.4
E01010309,397395.1,296685.1
E01010310,396742.7,296437.5
E01010311,397940.6,296230.6
E01010312,397099.2,296672.8
E01010313,397408.1,295851.5
E01010314,396533.2,295751.5
E01010315,396488.1,295316.7
E01010316,397127.9,297400.8
E01010317,402629.0,299325.2
E01010318,401683.6,299309.7
E01010319,403427.6,301928.9
E01010320,403790.9,301584.0
E01010321,402873.1,301829.7
E01010322,403034.3,300930.8
E01010323,403456.4,301335.4
E01010324,402657.9,300795.3
E01010325,402089.6,299641.4
E01010326,402513.4,298344.2
E01010327,402254.4,298243.5
E01010328,403077.2,297723.6
E01010329,404101.6,297925.0
E01010330,402159.5,297996.0
E01010331,403859.6,297339.4
E01010332,402988.4,297063.1
E01010333,403547.7,296876.2
E01010334,403964.0,296564.1
E01010335,401480.1,296170.0
E01010336,400874.5,296780.5
E01010337,401881.0,295917.2
E01010338,401686.4,296777.1
E01010339,402097.6,296324.6
E01010340,401081.6,297543.7
E01010341,400757.7,297307.8
E01010342,401417.8,297303.9
E01010343,400930.0,297152.4
E01010344,401321.2,296883.9
E01010345,402280.0,304132.3
E01010346,402693.0,304242.4
E01010347,401927.0,303884.4
E01010348,401861.0,303347.9
E01010349,402476.0,303510.9
E01010350,401550.5,303678.3
E01010351,402530.4,302366.4
E01010352,401914.7,302829.7
E01010353,403483.9,302625.7
E01010354,403165.6,302507.9
E01010355,406773.6,295853.6
E01010356,406274.5,295863.3
E01010357,405745.0,295317.3
E01010358,406933.7,295603.2
E01010359,406389.1,295424.4
E01010360,406092.3,295300.6
E01010361,400034.4,296811.9
E01010362,399668.4,298322.5
E01010363,400314.2,298596.5
E01010364,400001.1,297982.4
E01010365,400137.1,297325.5
E01010366,399774.0,297643.4
E01010367,399658.1,297258.4
E01010368,400845.9,299110.5
E01010369,401908.1,298673.5
E01010370,401672.7,297943.3
E01010372,401569.4,297513.0
E01010373,402048.5,297341.1
E01010374,401018.9,300062.8
E01010375,400933.2,299628.8
E01010376,397629.7,299602.1
E01010377,396712.8,300004.0
E01010378,398107.0,299824.3
E01010379,398008.0,300996.5
E01010380,396849.6,300550.6
E01010381,397317.5,300330.0
E01010382,397842.1,300366.5
E01010383,397475.7,299891.4
E01010384,406910.3,297984.3
E01010385,408260.4,298394.0
E01010386,407748.6,298032.3
E01010387,407672.8,297577.4
E01010388,407281.2,298590.1
E01010389,408177.2,297287.9
E01010390,407224.5,297530.5
E01010391,407703.9,297072.6
E01010392,407821.8,298930.0
E01010393,397218.6,300871.1
E01010394,397138.3,301204.3
E01010395,396935.9,301453.4
E01010396,397728.0,301287.0
E01010397,397566.0,302037.8
E01010398,396871.3,302224.5
E01010399,397191.2,302065.5
E01010400,398041.9,301597.9
E01010401,395216.3,298813.6
E01010402,397721.6,298704.1
E01010403,397113.2,298785.4
E01010404,396014.0,298684.7
E01010405,397063.7,298413.5
E01010406,396531.6,297971.4
E01010407,396174.0,299395.0
E01010408,396528.0,299246.2
E01010409,397575.5,299174.4
E01010410,395217.2,295457.0
E01010411,396310.9,294937.4
E01010412,395724.4,295357.7
E01010413,395838.8,294791.7
E01010414,395447.7,296337.2
E01010415,396073.8,297124.1
E01010416,395485.5,296694.1
E01010417,394528.4,297694.3
E01010418,395822.9,297693.4
E01010419,394562.6,297171.1
E01010420,394080.9,297290.4
E01010421,395592.4,297327.5
E01010422,395006.0,297035.9
E01010423,395203.8,298233.6
E01010424,395437.8,297862.0
E01010425,394726.0,298041.2
E01010426,390826.9,296915.8
E01010427,391512.9,296553.1
E01010428,391594.8,296971.4
E01010429,391251.3,296847.1
E01010430,392034.2,296568.7
E01010431,391029.6,296251.6
E01010432,391650.2,296094.7
E01010433,391462.5,297389.9
E01010434,391819.0,302221.7
E01010436,391992.0,303791.1
E01010437,392458.0,303828.5
E01010438,391733.5,303395.0
E01010439,392490.0,303286.4
E01010440,392095.1,302920.2
E01010441,391861.0,302530.6
E01010442,393601.3,297413.2
E01010443,393176.4,298597.5
E01010444,393836.9,299017.6
E01010445,393293.6,298990.7
E01010446,394423.2,298298.6
E01010447,393750.3,298621.4
E01010448,393730.0,298176.3
E01010449,392551.6,296468.3
E01010450,394040.2,296568.1
E01010451,394128.6,295925.7
E01010452,392757.7,296914.6
E01010454,391962.9,297625.4
E01010455,393431.6,296931.9
E01010456,393168.8,301990.3
E01010457,393899.0,302048.1
E01010458,394050.1,301575.3
E01010459,393552.2,301638.6
E01010460,393267.1,300857.2
E01010461,393605.1,301151.0
E01010462,393419.8,302364.9
E01010463,390679.1,297686.6
E01010464,390573.8,298326.7
E01010465,390115.3,297574.4
E01010466,390447.8,297684.5
E01010467,390199.8,297053.4
E01010468,389774.5,297431.6
E01010469,389423.5,297194.0
E01010470,390201.3,298157.3
E01010471,392795.3,299847.9
E01010472,392383.4,299451.9
E01010473,392770.5,299265.6
E01010474,394326.2,300590.7
E01010475,393844.7,300611.8
E01010476,393976.5,300128.2
E01010477,393086.1,300213.2
E01010478,392228.8,300052.8
E01010479,392788.2,300878.8
E01010480,392574.0,300562.1
E01010481,392915.9,301748.5
E01010482,392518.8,301941.4
E01010483,392182.7,301725.4
E01010484,392520.1,301359.2
E01010485,391974.0,301103.5
E01010486,392331.4,300925.3
E01010487,388758.5,297341.3
E01010488,389040.6,297179.6
E01010489,388185.5,296999.6
E01010490,388528.7,296765.1
E01010491,388414.6,296239.1
E01010492,388373.9,295676.8
E01010493,388954.2,297773.3
E01010494,388100.7,297539.5
E01010495,391109.3,303190.7
E01010496,390096.3,303016.0
E01010497,390332.3,303233.8
E01010498,389890.0,302758.4
E01010499,391110.5,302815.2
E01010500,390938.8,302453.9
E01010501,390493.1,302066.8
E01010502,390973.4,301853.3
E01010503,391135.9,300961.9
E01010504,389136.6,298685.8
E01010505,389565.2,298326.2
E01010506,390162.9,298721.7
E01010507,388633.2,298268.1
E01010508,390389.6,298950.1
E01010509,388136.3,298109.6
E01010510,389549.6,299590.5
E01010511,390184.8,299473.3
E01010512,389916.9,299153.8
E01010513,389398.2,295794.3
E01010514,388754.9,295636.7
E01010515,389829.6,295529.7
E01010516,389472.8,296422.0
E01010517,388978.4,296230.7
E01010518,389909.3,296372.8
E01010519,390430.0,296530.6
E01010520,390430.7,296023.6
E01010522,390859.3,300292.3
E01010523,389756.6,299949.6
E01010524,390074.2,300157.6
E01010525,390521.1,300052.1
E01010526,390986.0,299873.1
E01010527,390607.6,299714.1
E01010528,391307.5,299617.4
E01010529,390918.6,299424.5
E01010530,391942.1,297946.6
E01010531,393451.5,294587.0
E01010532,392874.6,294495.1
E01010533,392367.1,295839.2
E01010534,393524.3,295244.7
E01010535,392990.7,295570.0
E01010536,392339.2,295350.9
E01010537,392458.4,294922.1
E01010538,392943.9,294983.1
E01010539,389462.5,300672.8
E01010540,389045.3,300572.0
E01010541,389489.4,302486.0
E01010542,389572.6,301484.8
E01010543,389408.6,302079.9
E01010544,388939.8,301703.3
E01010545,389494.0,301259.2
E01010546,387532.2,300719.2
E01010547,388589.4,299865.7
E01010548,388083.6,299714.2
E01010549,387760.6,299343.5
E01010550,386851.2,298627.1
E01010551,387822.2,298888.4
E01010552,387312.9,297871.3
E01010553,387788.9,300146.9
E01010554,396282.5,301207.9
E01010555,395980.4,301767.0
E01010556,396538.0,301885.5
E01010557,395691.8,301496.8
E01010558,394837.2,301388.9
E01010559,396294.7,302392.8
E01010560,395788.4,302209.7
E01010561,396105.1,300428.2
E01010562,395137.6,300769.9
E01010563,396109.2,300841.7
E01010564,394818.8,300164.3
E01010565,395651.0,300247.7
E01010566,394535.7,301048.0
E01010567,395465.2,301143.1
E01010568,416096.8,439011.9
E01010569,414618.6,438468.4
E01010570,413972.3,438932.5
E01010571,415159.9,438361.6
E01010572,415503.8,438904.4
E01010573,414662.2,439481.5
E01010574,415904.8,439724.3
E01010575,415344.4,439915.5
E01010576,416449.0,439570.9
E01010577,415142.9,439479.1
E01010578,410503.8,439585.0
E01010579,411034.2,440059.2
E01010580,412017.2,439750.1
E01010581,411876.6,438910.8
E01010582,411219.6,439382.0
E01010583,413233.8,438506.0
E01010584,411373.2,439083.4
E01010585,410948.8,438657.1
E01010586,408500.5,438269.9
E01010587,409929.3,436156.9
E01010588,411521.0,437304.9
E01010589,409015.4,436597.6
E01010590,406680.4,436475.1
E01010591,411177.0,437056.9
E01010592,407001.7,436477.9
E01010593,409288.0,435923.7
E01010594,406949.8,434302.9
E01010595,406878.0,433795.1
E01010596,411282.3,437652.0
E01010597,416816.8,435763.2
E01010598,417382.3,435441.7
E01010599,416332.4,435375.5
E01010600,416596.1,435297.7
E01010601,417740.7,435306.2
E01010602,416917.3,435209.1
E01010603,416804.5,436509.9
E01010604,417131.7,436738.4
E01010605,417226.0,436184.5
E01010606,417414.1,433163.0
E01010607,417670.1,433638.5
E01010608,417686.0,433275.2
E01010609,417757.2,431572.3
E01010610,419164.4,432507.0
E01010611,418807.0,432309.2
E01010612,419321.1,431690.4
E01010613,417408.0,431733.5
E01010614,418341.3,431323.4
E01010615,417739.8,430946.0
E01010616,416871.1,430783.7
E01010617,417281.3,433721.9
E01010618,419074.7,433602.5
E01010619,418798.9,433733.4
E01010620,418503.9,433288.6
E01010621,418097.5,433425.5
E01010622,418317.9,433350.1
E01010623,419059.3,433177.3
E01010624,418110.4,433098.8
E01010625,418815.5,434231.0
E01010626,418488.9,434184.8
E01010627,419423.4,434030.9
E01010628,412912.9,433162.8
E01010629,412821.5,433925.7
E01010630,413313.1,433666.1
E01010631,412097.4,433471.8
E01010632,412436.6,433390.0
E01010633,412570.2,432199.6
E01010634,411615.8,431832.5
E01010635,412619.6,431931.5
E01010636,411798.1,431520.4
E01010637,412429.4,431506.9
E01010638,404118.8,446885.6
E01010639,404315.3,446277.6
E01010640,403979.2,446387.3
E01010641,403492.7,446387.5
E01010642,404639.0,445978.7
E01010643,403354.7,444285.5
E01010644,402170.8,444528.3
E01010645,403080.3,444690.3
E01010646,408187.5,449752.2
E01010647,407695.0,449676.9
E01010648,407024.7,449880.3
E01010649,418782.6,435902.3
E01010650,419185.4,435753.5
E01010651,418116.1,435533.5
E01010652,418354.4,435963.7
E01010653,418426.4,436634.9
E01010654,419255.7,436606.3
E01010655,418007.7,436639.0
E01010656,417666.1,436115.0
E01010657,417982.0,436141.6
E01010658,413843.7,432786.5
E01010659,413537.3,432217.4
E01010662,413197.7,431876.8
E01010663,414158.1,431508.9
E01010664,413243.9,431442.0
E01010665,413679.6,431186.9
E01010666,414575.3,431243.7
E01010667,414222.5,431172.7
E01010668,413924.4,430638.5
E01010669,412072.8,435737.8
E01010670,414322.1,435488.3
E01010671,413160.4,435279.9
E01010672,411063.0,435568.7
E01010673,414611.6,435036.6
E01010674,412393.3,435486.8
E01010675,413733.5,435427.8
E01010676,414912.9,434829.8
E01010678,411115.5,434866.2
E01010679,415286.4,434622.2
E01010680,418152.6,437302.4
E01010681,417202.4,437389.3
E01010682,418625.0,437034.0
E01010683,418850.0,437815.2
E01010684,417556.2,438486.7
E01010685,417944.0,438476.9
E01010686,416995.6,438475.3
E01010687,416875.4,437945.5
E01010688,417983.5,437784.7
E01010689,419092.8,437405.2
E01010690,417613.4,437244.9
E01010691,412840.7,447338.1
E01010692,411861.5,447284.3
E01010693,410431.3,447619.9
E01010694,411254.3,448341.9
E01010695,411632.7,447737.2
E01010696,413325.2,447614.7
E01010697,411144.3,447556.8
E01010698,412215.1,447903.4
E01010699,413007.6,448007.7
E01010700,406874.7,441716.8
E01010701,406523.4,441801.6
E01010702,406160.0,441847.1
E01010703,407513.1,442021.0
E01010704,407025.4,440442.0
E01010705,407472.9,440603.1
E01010706,409855.5,441997.7
E01010707,407809.7,442604.6
E01010708,407306.7,442450.2
E01010709,408582.0,442123.1
E01010710,405807.8,441336.1
E01010711,405902.5,440497.6
E01010712,405595.6,440532.0
E01010713,406303.9,440088.3
E01010714,405537.7,440049.3
E01010715,404906.4,439615.2
E01010716,405536.3,439463.0
E01010717,405268.5,439805.0
E01010718,404765.8,439107.1
E01010719,405516.6,441459.8
E01010720,404924.1,441493.3
E01010721,404363.5,441493.3
E01010722,404380.7,441233.4
E01010723,405447.1,441254.7
E01010724,405039.7,440751.0
E01010725,405194.3,440584.5
E01010726,404447.3,440411.7
E01010727,405368.1,442845.3
E01010728,405694.2,441828.4
E01010729,405188.9,442037.0
E01010730,416255.8,432389.8
E01010731,415945.1,432483.0
E01010732,415873.3,431578.6
E01010733,415644.7,431795.1
E01010734,417298.7,431867.2
E01010735,415067.6,431553.1
E01010736,416451.1,431495.3
E01010737,416065.1,431243.6
E01010738,415602.1,431413.7
E01010739,415112.4,431305.1
E01010740,415553.8,431139.0
E01010741,414854.8,429444.2
E01010742,416402.6,431051.1
E01010743,416144.4,430901.2
E01010744,415655.8,430914.1
E01010745,415621.5,430535.9
E01010746,416291.7,429904.5
E01010747,415926.2,430265.6
E01010748,415435.9,429817.9
E01010749,415093.3,429919.8
E01010750,415733.0,429312.3
E01010751,415317.6,429233.6
E01010752,410572.2,430358.8
E01010753,409629.9,430098.1
E01010754,409839.6,430455.9
E01010755,412964.2,430076.8
E01010756,410760.0,430062.6
E01010758,409299.1,429906.4
E01010759,409990.0,429874.2
E01010760,409795.0,429462.5
E01010761,412883.0,430967.2
E01010762,413450.0,430935.0
E01010763,413189.9,430683.0
E01010764,412314.1,440325.3
E01010765,410309.2,440641.9
E01010766,411905.4,440024.3
E01010767,416292.4,446224.1
E01010768,416164.1,446641.0
E01010769,416655.1,446345.9
E01010770,416453.8,445350.0
E01010771,416700.6,445684.1
E01010772,417417.3,444243.9
E01010773,417643.2,443726.3
E01010774,416902.1,443785.1
E01010775,416383.7,436788.7
E01010776,415631.6,436585.0
E01010777,415224.9,436918.5
E01010778,415864.1,436123.4
E01010779,416048.2,437902.2
E01010781,416305.2,437725.0
E01010782,415496.1,437539.7
E01010783,416021.7,437025.2
E01010784,413506.9,437960.6
E01010785,413595.4,437682.4
E01010786,413088.2,437422.0
E01010787,413894.3,437222.7
E01010788,414182.2,437340.5
E01010789,414676.8,436763.1
E01010790,412815.3,437042.7
E01010791,414662.1,436290.0
E01010792,414993.9,436222.5
E01010793,415074.9,435830.7
E01010794,411627.2,433185.4
E01010795,409205.7,432804.4
E01010796,410582.6,432775.5
E01010797,409874.5,433146.1
E01010798,410009.3,432838.3
E01010799,411522.7,434420.0
E01010800,411728.8,433972.9
E01010801,412217.1,434192.2
E01010802,411305.4,433828.6
E01010803,413921.6,433841.3
E01010804,413879.2,434790.9
E01010805,412874.1,434559.8
E01010806,413375.6,434865.5
E01010807,414506.6,434584.0
E01010808,414256.2,434560.6
E01010809,414025.6,434475.1
E01010810,413687.4,434098.2
E01010811,414082.5,434212.9
E01010812,414639.1,433984.9
E01010813,414194.5,433875.9
E01010814,419251.0,430255.3
E01010815,418051.6,430318.3
E01010816,419940.4,430241.7
E01010817,418063.9,429985.7
E01010818,417654.4,429777.8
E01010819,418962.3,431308.9
E01010820,419324.6,430705.1
E01010821,419672.7,430989.8
E01010822,418935.2,430804.7
E01010824,415658.4,435009.0
E01010825,418392.3,435061.4
E01010826,418904.0,434846.3
E01010827,418350.9,434697.3
E01010828,417778.1,434800.3
E01010829,417213.5,434489.2
E01010830,416867.8,434221.2
E01010831,417623.3,434243.3
E01010832,417890.9,434298.8
E01010833,414621.5,432983.2
E01010834,415647.8,432708.4
E01010836,415208.0,432411.0
E01010837,414352.3,432494.8
E01010838,414715.4,432169.4
E01010839,414840.5,432010.4
E01010840,414820.2,434413.9
E01010841,415406.0,434274.1
E01010842,415346.3,433942.3
E01010843,414958.4,433986.6
E01010845,413396.4,429889.1
E01010846,413724.9,430213.8
E01010847,414771.5,430371.0
E01010848,414379.9,430241.6
E01010849,414335.2,429666.6
E01010850,413155.2,429518.5
E01010851,413891.1,429350.6
E01010852,415168.3,430784.0
E01010853,414530.5,430629.9
E01010854,403956.3,437424.6
E01010855,402751.3,437553.4
E01010856,403283.2,437007.1
E01010857,403173.6,435963.7
E01010858,403321.7,434802.3
E01010859,404436.5,439962.7
E01010860,403565.6,439028.6
E01010861,404241.9,437853.7
E01010862,402888.6,438866.9
E01010863,403536.7,438650.7
E01010864,413467.4,428891.3
E01010865,416634.5,428273.7
E01010866,416023.4,428586.3
E01010867,414526.6,428739.7
E01010868,415191.9,427924.5
E01010869,415509.8,427562.5
E01010870,415867.8,426980.1
E01010871,415289.0,426992.5
E01010872,415095.3,426428.0
E01010873,415522.9,426521.5
E01010874,413876.0,428965.7
E01010875,413718.7,424120.4
E01010876,414283.2,423779.3
E01010877,414051.3,423338.5
E01010878,414548.9,423409.6
E01010879,415818.8,423021.4
E01010880,414325.7,424351.7
E01010881,399907.8,427809.0
E01010882,398429.6,427574.4
E01010883,396398.7,426066.9
E01010884,394795.4,424541.3
E01010885,393321.0,422225.4
E01010886,393439.6,421355.6
E01010887,398387.9,428792.9
E01010888,399270.3,427605.0
E01010889,410721.8,421104.0
E01010890,411470.8,421219.0
E01010891,413181.4,421393.9
E01010892,411908.9,421137.6
E01010893,410643.3,420661.1
E01010894,410925.1,420628.9
E01010895,413455.3,421665.3
E01010896,407865.8,418523.7
E01010897,407809.4,420296.3
E01010898,409557.0,421068.3
E01010899,408829.1,421504.2
E01010900,408759.4,421168.7
E01010901,410556.9,420210.8
E01010902,408483.8,419842.4
E01010903,409434.1,420502.5
E01010904,413247.7,424557.8
E01010905,414377.0,425520.9
E01010906,413039.1,425697.9
E01010907,412384.3,425869.7
E01010908,414816.2,425079.2
E01010909,412546.1,425322.9
E01010910,414359.5,424932.7
E01010911,407264.9,429551.6
E01010912,407488.5,429008.7
E01010913,407724.0,429277.3
E01010914,407067.2,428908.9
E01010915,407990.6,428638.4
E01010916,406962.0,428169.0
E01010917,401621.1,426075.6
E01010918,400780.2,425881.4
E01010919,401140.2,426022.3
E01010920,404096.0,426897.6
E01010921,403863.5,425578.0
E01010922,404165.5,424560.7
E01010923,399196.1,427086.0
E01010924,406553.5,427856.2
E01010925,406126.7,428549.3
E01010926,405666.8,428367.8
E01010927,406294.2,426716.4
E01010928,406630.8,426091.6
E01010929,407567.7,425728.0
E01010930,407018.5,425830.9
E01010931,411981.2,428489.7
E01010932,412795.0,429077.5
E01010933,412068.7,428162.0
E01010934,409740.8,426052.6
E01010935,411310.3,426916.6
E01010936,411163.0,427454.5
E01010937,411175.1,426394.7
E01010938,408083.5,426582.5
E01010939,407310.2,426657.5
E01010940,408101.6,427515.6
E01010941,407217.6,427731.8
E01010942,407635.4,427483.7
E01010943,408012.2,427024.1
E01010944,407680.7,426969.7
E01010945,413821.5,421830.9
E01010946,414587.1,421512.4
E01010947,414952.8,422020.2
E01010948,413560.2,420940.6
E01010949,414398.7,423050.8
E01010950,414254.9,422361.9
E01010951,414138.0,422002.3
E01010952,403985.0,419964.3
E01010953,405612.8,420027.4
E01010954,403307.9,419020.4
E01010955,403270.7,418197.9
E01010956,403736.7,423002.5
E01010957,404737.9,421620.9
E01010958,404234.9,423091.5
E01010959,405012.7,423222.2
E01010960,408176.8,425650.8
E01010961,408370.3,426299.5
E01010964,407810.2,425355.1
E01010965,408525.4,425295.0
E01010966,408373.1,425211.5
E01010967,408899.5,426529.0
E01010968,409203.1,423926.4
E01010969,408862.5,424142.2
E01010970,408337.5,424070.4
E01010971,409220.1,422910.2
E01010972,409414.0,423437.5
E01010973,408538.7,422729.8
E01010974,408357.1,424410.0
E01010975,406987.8,424303.7
E01010976,406460.4,424369.5
E01010977,407420.9,423947.9
E01010978,405625.1,423908.6
E01010979,405826.0,423416.7
E01010980,405923.2,423958.4
E01010981,406599.3,423921.6
E01010982,393770.1,424699.2
E01010983,393730.5,424306.5
E01010984,394378.1,424154.7
E01010985,393114.9,423438.1
E01010986,390560.7,426287.2
E01010987,392808.6,425189.1
E01010988,393178.3,425193.3
E01010989,409558.9,424392.0
E01010990,411349.2,423714.5
E01010991,410596.2,424373.2
E01010992,410005.2,423530.5
E01010993,410010.4,422820.8
E01010995,408356.8,424745.8
E01010996,408074.8,424701.4
E01010997,405751.3,425351.9
E01010998,406946.0,425205.0
E01010999,406322.0,425418.7
E01011000,407327.4,425039.3
E01011001,407767.9,424852.9
E01011002,407422.5,424598.8
E01011003,407792.0,424447.6
E01011004,417280.1,415978.7
E01011005,417731.9,415865.6
E01011006,416518.9,416227.9
E01011007,415601.1,416101.2
E01011008,416130.6,416338.9
E01011009,416993.1,415240.9
E01011010,416674.4,415481.0
E01011011,416291.9,415290.6
E01011012,417230.0,416369.2
E01011013,426344.4,424385.7
E01011014,425179.3,424043.7
E01011015,423996.7,423863.2
E01011016,424684.8,423610.7
E01011017,423924.4,423514.6
E01011018,424046.3,423287.5
E01011019,424605.1,423177.2
E01011020,424179.4,422990.5
E01011021,425631.9,423015.7
E01011022,425284.0,422842.9
E01011023,424552.8,424533.9
E01011024,425206.5,424383.3
E01011025,422701.3,422663.7
E01011026,423374.5,423095.6
E01011027,422769.5,425379.3
E01011028,423464.2,424967.9
E01011029,424058.5,424609.1
E01011030,423128.0,425146.7
E01011031,422496.4,424608.3
E01011032,423561.1,424206.3
E01011033,423010.7,424108.6
E01011034,423593.4,423765.3
E01011035,423483.4,423415.3
E01011036,422935.1,423776.5
E01011037,422738.1,423327.0
E01011038,414964.1,418490.8
E01011039,414287.6,418800.4
E01011040,413966.7,418379.4
E01011041,414849.8,418781.3
E01011042,413259.4,418433.1
E01011043,413916.9,417973.2
E01011044,413603.2,418219.1
E01011045,414450.4,418084.2
E01011046,414194.7,420124.0
E01011047,413930.1,419289.0
E01011048,422331.8,426177.4
E01011049,422143.3,426663.8
E01011050,423089.7,426592.6
E01011051,420736.1,427596.6
E01011052,423618.5,426551.1
E01011053,422855.0,426223.1
E01011054,423170.1,425894.0
E01011055,419771.7,429239.4
E01011056,420369.7,428937.3
E01011057,420336.8,428250.8
E01011058,420810.9,427993.7
E01011059,422589.3,427075.3
E01011060,418362.7,425747.9
E01011061,418874.3,425686.8
E01011062,417925.9,426510.1
E01011063,419241.8,425030.6
E01011064,416513.0,425716.7
E01011065,418258.9,425339.3
E01011066,418685.8,424846.6
E01011067,417718.6,424846.7
E01011068,418977.2,426742.5
E01011069,416296.4,426185.0
E01011070,407216.4,414305.4
E01011071,409689.8,413811.2
E01011072,409486.2,414171.5
E01011073,408107.2,413795.6
E01011074,404847.0,411314.5
E01011075,404961.8,411942.4
E01011076,405684.2,412006.8
E01011077,410294.6,414851.4
E01011078,407933.2,414329.9
E01011079,412475.5,415590.7
E01011080,413041.3,415744.4
E01011081,413386.3,415247.1
E01011082,413497.5,415828.6
E01011083,411913.1,415118.4
E01011084,412853.4,415157.8
E01011085,412389.8,414711.0
E01011086,412356.9,413911.4
E01011087,412461.5,412967.2
E01011088,413022.3,413145.7
E01011089,418126.2,418284.9
E01011090,417005.6,417214.1
E01011091,417893.1,418440.0
E01011092,418155.2,417657.6
E01011093,416167.7,417654.0
E01011094,416415.8,417320.1
E01011095,417395.9,416834.2
E01011096,415782.6,416946.2
E01011097,416300.1,416838.1
E01011098,415681.5,416641.8
E01011099,416851.5,416678.7
E01011100,416701.9,420394.1
E01011101,415911.7,419299.2
E01011102,415768.3,420102.8
E01011103,416844.3,419950.3
E01011104,416369.5,419826.4
E01011105,415183.6,419558.3
E01011106,415615.3,419051.5
E01011107,414794.7,417447.6
E01011108,416960.5,420690.9
E01011109,423109.1,411002.7
E01011110,424843.6,410315.0
E01011111,425533.0,411051.3
E01011112,425742.8,410844.1
E01011113,422893.9,410416.9
E01011114,423564.1,410354.3
E01011115,422693.2,408243.3
E01011116,423180.0,408815.9
E01011117,421003.6,408684.1
E01011118,420251.6,411312.9
E01011119,424550.0,413062.0
E01011120,419820.7,411208.9
E01011121,426399.1,421492.7
E01011122,426658.3,421263.2
E01011123,425343.2,421671.0
E01011124,425844.3,421003.4
E01011125,425931.6,421752.9
E01011126,426480.7,423052.6
E01011127,425729.4,422525.0
E01011128,424155.8,422571.8
E01011129,425469.5,422121.5
E01011130,424289.7,421898.0
E01011132,421083.5,420207.8
E01011133,421791.2,420162.8
E01011134,422233.7,420615.0
E01011136,423006.5,422347.7
E01011137,422702.4,422100.4
E01011138,423671.4,421606.2
E01011139,422900.7,421154.5
E01011140,422978.8,421307.2
E01011141,423499.0,420827.7
E01011142,421147.2,420922.5
E01011143,421994.0,420746.4
E01011144,422556.0,420474.3
E01011145,410100.7,416265.0
E01011146,409550.8,416140.1
E01011147,410525.6,415895.6
E01011148,410597.3,416302.5
E01011149,411574.7,415988.8
E01011150,411186.9,416507.8
E01011151,408875.2,416142.4
E01011152,409888.1,415571.7
E01011153,411281.0,415540.9
E01011154,410861.0,415211.9
E01011155,410487.1,416846.5
E01011156,420323.2,423057.3
E01011157,422383.1,423455.1
E01011158,421210.2,423074.5
E01011159,419242.3,422556.6
E01011160,420828.6,422878.1
E01011161,422277.5,423053.5
E01011162,419925.6,422517.9
E01011163,422050.0,424438.3
E01011164,421660.8,424553.7
E01011165,422240.3,424015.4
E01011166,421507.5,423924.0
E01011167,421807.2,423596.8
E01011168,409826.8,410351.0
E01011169,414634.4,411829.9
E01011170,413510.0,411444.3
E01011173,413280.2,411534.6
E01011174,410558.1,410458.4
E01011175,409785.2,411182.1
E01011176,415357.3,410718.6
E01011177,409368.4,410936.3
E01011178,409947.7,410722.5
E01011179,416101.6,407395.9
E01011180,413001.1,407905.2
E01011181,414317.2,407941.1
E01011182,412171.9,406880.2
E01011183,414982.8,406580.6
E01011184,415410.2,408686.3
E01011185,416047.2,408719.7
E01011186,414085.8,409735.6
E01011187,414892.0,409161.8
E01011188,413736.6,408543.2
E01011189,415773.3,409283.9
E01011190,419052.0,413605.5
E01011191,419616.4,415118.2
E01011192,420102.8,415553.5
E01011193,424177.6,415125.4
E01011194,418936.7,415003.4
E01011195,417733.1,412474.1
E01011196,419546.9,413182.8
E01011197,420194.2,413002.4
E01011198,419057.9,409851.4
E01011199,419436.7,409906.0
E01011200,418256.1,416059.9
E01011201,411680.6,418116.0
E01011202,410117.0,417984.5
E01011203,411212.6,418230.4
E01011204,412441.3,417927.3
E01011205,409334.1,417952.2
E01011206,411542.5,417513.5
E01011207,411137.6,417559.6
E01011208,411987.3,417565.9
E01011210,412154.2,418572.4
E01011211,410467.3,418246.7
E01011212,419945.5,420261.2
E01011213,420620.3,420168.8
E01011214,419721.3,418979.9
E01011215,420224.5,419418.7
E01011216,418801.1,421018.4
E01011217,420162.9,421682.8
E01011218,420477.9,421179.1
E01011219,419417.2,420583.9
E01011220,419844.9,421225.4
E01011221,420113.8,420735.0
E01011222,413533.3,414017.6
E01011223,415461.8,415242.3
E01011224,414217.2,415245.7
E01011225,414828.7,415373.0
E01011226,414588.6,414671.9
E01011227,414064.3,414591.6
E01011228,413682.7,414134.3
E01011229,414680.5,415957.4
E01011230,413654.4,415538.4
E01011231,412931.2,417027.4
E01011232,413476.3,416618.5
E01011233,412570.9,416680.8
E01011234,411851.0,416645.3
E01011235,413787.7,416357.6
E01011236,414026.2,417111.4
E01011237,412543.6,416379.0
E01011238,413446.2,417369.0
E01011239,412932.4,417371.2
E01011240,412386.6,417106.8
E01011241,420729.0,426709.7
E01011242,420303.7,425843.8
E01011243,421162.7,425851.8
E01011244,420590.3,425982.9
E01011245,420982.0,424809.4
E01011246,420944.9,424274.5
E01011247,419522.6,424014.9
E01011248,420171.3,424187.7
E01011249,418227.4,424139.5
E01011250,420608.4,423635.5
E01011251,417894.0,424018.0
E01011252,423794.6,418249.6
E01011253,424773.5,418344.5
E01011254,425332.2,418633.9
E01011255,424477.0,418642.0
E01011256,425596.4,418215.8
E01011257,424546.0,420969.1
E01011258,424538.3,420642.4
E01011259,424076.0,419887.9
E01011260,423579.9,419538.2
E01011261,424525.4,419851.3
E01011262,424382.3,419514.6
E01011263,424865.5,419416.6
E01011264,421011.8,441621.2
E01011265,419074.8,442053.7
E01011266,417665.5,442750.9
E01011267,419707.1,441948.2
E01011268,420266.9,441817.4
E01011269,420759.0,441416.1
E01011270,417678.4,441574.6
E01011271,418661.5,441664.4
E01011272,419520.8,441089.1
E01011273,420210.5,441225.9
E01011274,420747.6,440822.2
E01011275,420035.6,440806.7
E01011276,421096.1,440689.6
E01011277,419882.1,440396.4
E01011278,420672.0,440037.6
E01011279,419318.0,442517.1
E01011280,418640.1,442677.3
E01011281,425771.4,435026.5
E01011282,424949.0,434829.2
E01011283,425735.1,434473.9
E01011284,427278.8,433865.4
E01011286,425236.1,434532.1
E01011287,424390.2,434185.7
E01011292,427085.7,433317.8
E01011293,427445.4,433454.6
E01011294,427819.5,433287.1
E01011295,425267.1,435020.1
E01011296,440055.8,436923.6
E01011297,443268.1,435920.8
E01011298,444434.3,432906.1
E01011299,442211.5,427813.3
E01011300,441003.0,431117.3
E01011301,441412.1,430933.5
E01011302,441891.4,430866.8
E01011303,442020.9,430288.8
E01011304,441692.7,430104.8
E01011305,441254.4,430122.2
E01011306,440984.9,430558.6
E01011307,441255.0,428351.0
E01011308,440628.7,428834.7
E01011309,440737.3,437618.7
E01011310,437933.9,440500.3
E01011311,436080.6,441317.2
E01011312,429904.8,431001.4
E01011313,429047.5,430766.3
E01011314,429153.0,430925.4
E01011315,428797.0,430630.6
E01011316,429702.3,430732.7
E01011317,427848.9,430269.8
E01011318,427434.2,430399.3
E01011319,429295.4,430247.6
E01011320,429032.3,430003.0
E01011321,428542.4,429839.8
E01011322,429018.8,429517.3
E01011323,424440.2,435522.0
E01011324,425405.1,435681.1
E01011325,424303.4,435950.2
E01011326,424893.1,435810.6
E01011327,423005.9,435661.2
E01011328,422655.4,435209.0
E01011329,423843.5,435434.9
E01011330,423573.3,435650.3
E01011331,424333.6,435060.8
E01011332,425121.2,435408.2
E01011333,423313.4,435121.7
E01011334,424096.4,434662.8
E01011335,422977.1,434724.5
E01011336,424652.5,434719.4
E01011337,423741.4,434772.1
E01011338,431600.1,433752.6
E01011339,433521.3,435238.5
E01011340,432975.5,434470.7
E01011341,434537.0,434185.3
E01011342,433544.3,434768.4
E01011343,434817.7,434845.1
E01011344,432448.2,434701.5
E01011345,435821.4,434542.8
E01011346,433742.5,434354.5
E01011347,432559.9,434410.7
E01011348,432614.5,434122.9
E01011349,431831.8,434027.0
E01011350,430154.9,437049.7
E01011351,430765.4,437295.7
E01011352,430527.7,436817.8
E01011353,431263.1,436695.8
E01011354,429399.4,436878.5
E01011355,429760.1,436670.6
E01011356,430867.8,436307.0
E01011357,430550.7,435855.4
E01011358,430389.0,436284.8
E01011359,431649.8,436072.1
E01011360,430749.2,435532.0
E01011361,431180.6,435556.8
E01011362,427706.1,432703.4
E01011363,428223.8,433051.0
E01011364,429645.4,431769.5
E01011366,428871.1,431877.4
E01011368,429073.5,431873.4
E01011369,428418.4,430974.9
E01011370,428975.2,431223.0
E01011371,429967.7,431573.9
E01011372,429870.7,431163.7
E01011373,429568.2,431371.5
E01011374,430355.9,431313.9
E01011375,429540.7,430959.3
E01011376,424893.0,440597.5
E01011377,425180.0,440299.4
E01011378,425695.8,440341.4
E01011379,425769.1,439942.8
E01011380,427713.5,439656.8
E01011381,426670.9,440279.9
E01011382,424670.3,439877.9
E01011383,426308.1,439567.6
E01011384,425107.9,439741.6
E01011385,427819.9,439248.4
E01011386,426951.5,439450.4
E01011388,425427.3,439168.6
E01011390,438522.6,430207.3
E01011391,438125.5,430421.9
E01011392,440193.3,429553.6
E01011393,439139.2,427095.8
E01011394,440122.1,427162.5
E01011395,439447.1,426004.3
E01011396,440286.9,433201.3
E01011397,441475.1,433311.4
E01011398,441821.6,433520.1
E01011399,439827.1,432960.3
E01011400,440857.2,433339.0
E01011401,441314.4,432538.6
E01011402,439712.7,432581.1
E01011403,440787.2,432925.7
E01011404,441667.2,432631.4
E01011405,440848.9,432286.1
E01011406,436481.8,435174.8
E01011407,436909.3,435396.5
E01011408,436406.8,434365.5
E01011409,436602.7,434708.0
E01011410,437491.3,435062.4
E01011411,437388.1,433383.7
E01011412,436849.6,434099.0
E01011413,435762.0,434081.2
E01011414,436386.9,433823.5
E01011415,435078.6,433477.9
E01011416,435868.1,433699.4
E01011417,435372.8,433440.1
E01011418,436908.2,433265.6
E01011419,436584.2,433053.3
E01011420,435575.2,432985.2
E01011421,433541.2,436118.2
E01011422,431843.5,435814.8
E01011423,433363.9,435809.9
E01011424,432885.2,435656.3
E01011425,434002.0,436177.8
E01011426,431575.8,435712.3
E01011427,432527.6,435547.5
E01011428,431958.5,435507.9
E01011429,431642.9,435398.9
E01011430,432234.8,435485.9
E01011431,432973.8,435274.7
E01011432,432330.6,435177.7
E01011433,432322.7,434925.1
E01011434,432022.2,435040.5
E01011435,427611.8,436103.2
E01011440,427842.0,436030.9
E01011441,427833.5,435429.3
E01011442,428207.5,435525.2
E01011443,428793.8,435514.8
E01011444,428672.8,435204.3
E01011445,428407.8,435225.8
E01011446,428101.9,435262.0
E01011447,428204.9,435026.1
E01011448,428549.8,434990.3
E01011449,428284.8,434881.1
E01011450,429021.6,436394.5
E01011451,428217.4,436268.6
E01011452,423324.9,437178.9
E01011453,424357.7,437267.9
E01011454,423556.8,437260.1
E01011455,423121.4,438972.9
E01011456,423811.8,439240.0
E01011457,421369.7,439182.5
E01011458,422050.7,437811.3
E01011459,424075.1,438647.8
E01011460,424402.7,438420.1
E01011461,423090.5,438183.2
E01011462,424167.2,437917.9
E01011463,424626.0,438041.4
E01011464,424987.7,437961
E01011465,423786.3,437578.3
E01011466,431213.0,428668.3
E01011467,431011.7,431770.3
E01011468,431504.4,431342.8
E01011469,431791.5,429306.5
E01011470,431536.9,430639.1
E01011471,430812.0,430502.9
E01011472,431113.6,430307.2
E01011473,430965.9,429824.4
E01011474,431429.4,429776.6
E01011475,431155.6,429214.8
E01011476,431581.9,428983.9
E01011477,426728.4,435473.7
E01011478,427468.2,435061.0
E01011479,427666.6,435205.7
E01011480,427038.7,435274.0
E01011481,428105.4,434688.1
E01011482,427303.5,434825.5
E01011483,428288.8,434500.8
E01011484,425853.3,437168.2
E01011485,426006.4,436794.9
E01011488,426349.1,435944.7
E01011489,426674.4,436124.6
E01011491,429494.0,427875.8
E01011492,430355.7,427671.8
E01011493,429324.4,427861.8
E01011494,430136.7,427697.9
E01011496,432660.8,427937.3
E01011497,429708.6,427548.1
E01011500,433259.4,426076.1
E01011502,431671.8,428541.7
E01011504,431229.7,437622.4
E01011505,429608.5,438113.8
E01011506,429925.1,437878.5
E01011507,429789.8,437374.5
E01011508,431763.9,438875.8
E01011509,431377.3,439094.3
E01011510,430155.1,438885.3
E01011511,431280.1,438590.0
E01011512,430821.7,438736.2
E01011513,428777.4,438061.7
E01011514,430290.4,438524.5
E01011515,430387.1,438121.6
E01011516,430823.0,437973.7
E01011517,431492.8,437904.8
E01011518,427195.5,429809.5
E01011519,424320.4,429560.5
E01011520,423992.9,429507.0
E01011521,422320.1,428988.1
E01011522,424886.5,429141.3
E01011523,424322.2,428830.2
E01011524,427162.1,429332.5
E01011525,426152.5,428352.1
E01011526,426428.1,429135.6
E01011527,422360.7,428351.1
E01011528,426145.0,428867.1
E01011529,422937.2,428438.0
E01011530,425535.5,427691.4
E01011531,426857.5,428528.4
E01011532,425808.0,428500.4
E01011533,426397.3,428207.3
E01011534,425574.6,427031.3
E01011535,428045.9,425053.7
E01011536,428285.0,424588.0
E01011537,430310.6,425208.6
E01011538,429562.9,425816.2
E01011540,427923.8,427905.9
E01011541,426407.6,427414.3
E01011545,426049.5,427105.1
E01011546,426268.6,426718.2
E01011547,426830.8,426850.3
E01011548,427573.1,425475.3
E01011549,428238.5,425851.4
E01011550,427737.2,426066.1
E01011551,430799.3,425782.5
E01011552,429034.7,425629.3
E01011553,428537.5,425823.4
E01011554,428872.1,439920.9
E01011555,429940.5,439769.2
E01011556,431089.3,439501.0
E01011557,431056.6,439898.1
E01011558,430144.4,439364.2
E01011559,429422.7,439040.3
E01011560,429045.4,439047.1
E01011561,432780.6,440722.8
E01011562,431598.6,440359.7
E01011563,429732.1,440679.8
E01011564,429191.9,440502.7
E01011565,430589.0,439992.1
E01011566,432540.9,440113.2
E01011567,429194.6,439918.1
E01011568,431793.8,439814.1
E01011569,420427.4,445563.6
E01011570,424639.7,444995.1
E01011571,419575.4,445112.9
E01011572,420784.0,445258.7
E01011573,418751.9,444819.3
E01011574,420297.7,445197.7
E01011576,425419.6,443368.6
E01011578,421457.7,440848.2
E01011579,421281.7,440085.5
E01011580,421273.4,439656.2
E01011581,419601.2,446519.7
E01011582,419092.9,446487.5
E01011583,420144.6,446567.3
E01011584,420426.0,446136.8
E01011585,421729.3,433735.8
E01011586,420128.9,433714.3
E01011587,421934.0,434113.2
E01011588,420890.3,436619.9
E01011589,420644.3,436987.5
E01011590,420073.7,436902.8
E01011591,422529.0,436223.2
E01011592,421610.0,435454.5
E01011593,422072.1,435540.4
E01011594,421325.5,435019.7
E01011595,420602.9,434550.6
E01011596,422079.4,434833.9
E01011597,420067.8,434057.4
E01011598,421634.8,434759.5
E01011599,420826.6,434036.5
E01011600,422601.8,432926.1
E01011601,423163.8,432619.8
E01011602,421684.5,433234.8
E01011603,421989.4,432418.9
E01011604,422191.3,432778.0
E01011605,421371.2,432910.3
E01011606,419660.8,432731.4
E01011607,422635.2,432401.0
E01011608,423946.4,433941.7
E01011609,423331.0,434092.8
E01011610,422754.3,433760.1
E01011611,423551.7,433787.3
E01011612,422430.8,433441.4
E01011613,420968.8,433419.7
E01011614,423081.8,433338.1
E01011615,432737.4,433613.7
E01011616,434419.8,433502.5
E01011617,433433.7,433839.0
E01011618,432429.3,433529.5
E01011620,434488.7,433043.6
E01011621,433283.2,432992.9
E01011622,433780.4,433626.9
E01011623,432081.6,433289.7
E01011624,434113.9,432920.5
E01011625,432019.9,432862.5
E01011626,431621.6,432856.5
E01011627,435042.8,428796.0
E01011628,434670.5,428834.4
E01011629,434404.5,428594.1
E01011630,433289.7,428940.9
E01011632,433936.1,428603.3
E01011633,434205.9,427899.0
E01011634,433408.2,427408.5
E01011635,436354.1,428119.4
E01011636,434811.3,427865.2
E01011637,436832.7,428921.8
E01011638,436304.2,429004.9
E01011639,434149.2,429042.4
E01011641,431807.5,437346.2
E01011642,431995.9,436662.4
E01011643,433162.4,436816.7
E01011644,433596.2,437032.1
E01011645,432412.3,436774.8
E01011646,433299.0,436459.8
E01011647,432290.2,436063.3
E01011648,432769.2,436123.8
E01011649,434570.9,439800.8
E01011650,432679.3,439151.8
E01011651,432181.5,439448.2
E01011652,432059.4,438820.0
E01011653,432490.5,438737.0
E01011654,431975.0,437944.6
E01011655,432437.3,438184.1
E01011656,434778.9,437310.4
E01011657,434983.1,437122.1
E01011658,434410.4,436737.6
E01011659,435201.1,436456.0
E01011660,434771.6,436333.8
E01011661,435678.5,436265.1
E01011662,434467.1,435600.2
E01011663,435202.1,435490.3
E01011664,435115.3,435803.9
E01011665,435876.8,435404.1
E01011666,435807.6,435002.9
E01011667,435120.2,435171.6
E01011668,429321.6,435648.1
E01011669,429548.5,435727.1
E01011670,429714.0,435391.6
E01011671,430146.9,434923.8
E01011673,431622.3,435057.3
E01011677,431778.3,434802.0
E01011678,428924.8,433944.1
E01011681,428685.4,434474.8
E01011684,426376.3,438464.4
E01011685,426924.3,437225.3
E01011686,425895.0,437812.5
E01011687,426381.1,437912.1
E01011688,429060.8,437276.1
E01011689,428478.5,437421.8
E01011690,427562.1,437063.6
E01011691,428794.9,436903.3
E01011692,428105.3,436816.4
E01011693,428440.3,436765.1
E01011694,427520.0,436574.8
E01011695,425951.3,438881.2
E01011696,438443.3,445623.4
E01011697,444055.0,446914.8
E01011698,440131.9,449273.8
E01011699,439870.7,449555.3
E01011700,440804.7,448967.5
E01011701,440001.2,448914.6
E01011702,439526.1,448644.1
E01011703,439167.3,448512.9
E01011704,440484.4,448401.8
E01011705,441022.1,448370.9
E01011706,438478.3,446124.2
E01011707,441950.4,445494.4
E01011708,436121.5,444446.9
E01011709,442558.5,445502.6
E01011710,442798.4,444302.1
E01011711,443379.0,445305.6
E01011712,442571.4,443036.0
E01011713,436619.4,443271.7
E01011714,436094.7,437770.8
E01011715,437659.9,437431.0
E01011716,435115.9,438167.2
E01011717,435601.8,437861.3
E01011718,436043.4,437385.6
E01011719,437910.2,436721.6
E01011720,436075.9,436656.2
E01011721,436415.2,436505.6
E01011722,436968.1,436026.4
E01011723,436696.3,436176.0
E01011724,436265.5,435912.8
E01011725,425583.8,433260.6
E01011726,425021.2,432770.1
E01011727,424762.0,433290.8
E01011728,424688.4,431018.8
E01011729,426346.9,433226.9
E01011730,425653.7,432642.2
E01011731,426431.3,432553.1
E01011732,426940.1,432709.8
E01011733,427326.6,432267.3
E01011734,426605.2,431516.0
E01011735,425531.9,432233.5
E01011736,426927.1,432116.9
E01011737,426119.1,431892.4
E01011738,424919.3,431395.5
E01011739,424935.9,433794.2
E01011740,445834.8,425741.0
E01011741,445996.1,425288.9
E01011742,445395.5,425620.1
E01011743,445799.9,424698.9
E01011744,445438.7,424549.9
E01011745,446114.7,426405.1
E01011746,445468.5,426415.8
E01011747,444654.0,425805.5
E01011748,443895.6,424753.0
E01011750,444924.5,425205.4
E01011751,443897.8,425617.3
E01011752,443163.6,425848.3
E01011753,443298.9,425379.1
E01011754,444454.7,425264.8
E01011755,444527.6,424692.4
E01011756,443066.5,424996.5
E01011757,441267.0,424626.5
E01011758,439513.9,423492.9
E01011759,441214.8,425408.5
E01011761,441971.4,424803.8
E01011762,442827.6,425327.9
E01011763,442581.0,424910.9
E01011764,442216.1,424362.0
E01011765,438111.0,417645.1
E01011766,438544.6,417597.3
E01011767,444778.9,417542.2
E01011768,443710.6,416457.0
E01011770,444166.2,416360.2
E01011771,439046.7,414327.3
E01011772,438521.9,414260.6
E01011773,437798.3,418330.0
E01011774,437204.3,418409.6
E01011776,439613.0,420285.3
E01011777,442452.6,421971.3
E01011778,442812.7,421008.0
E01011779,443454.1,419892.8
E01011780,441930.4,419769.4
E01011781,442708.3,420272.4
E01011782,442721.5,419533.0
E01011783,442463.7,419834.4
E01011784,440214.5,412534.1
E01011785,441448.2,415348.0
E01011786,439268.8,414079.3
E01011787,442813.2,413440.4
E01011788,443464.5,413111.8
E01011789,442168.3,413172.7
E01011790,443283.3,412597.0
E01011791,440905.3,415372.1
E01011792,441483.0,414597.0
E01011793,429245.7,419927.7
E01011794,429004.5,419224.4
E01011795,428711.8,419874.5
E01011796,428380.3,419226.0
E01011797,430198.8,418777.6
E01011798,429232.8,418243.0
E01011799,429239.3,418595.0
E01011800,428589.1,418318.7
E01011801,430236.3,418038.2
E01011802,429777.2,418053.3
E01011803,448743.6,423050.9
E01011804,447842.4,424083.7
E01011805,450224.1,424010.8
E01011806,448132.8,423909.3
E01011807,450514.8,423641.1
E01011808,449404.5,423724.3
E01011809,448703.1,423781.7
E01011810,450711.3,423060.3
E01011811,449160.7,423052.0
E01011812,439490.4,422293.9
E01011813,438794.2,421799.8
E01011814,438222.4,422096.3
E01011815,437354.2,421053.7
E01011816,438604.0,421379.4
E01011817,438808.5,419555.1
E01011818,439074.1,419155.5
E01011819,438630.4,422982.9
E01011820,439147.1,423079.3
E01011821,439067.5,422608.5
E01011822,438522.9,422327.8
E01011823,427337.0,422156.7
E01011824,427515.7,421743.5
E01011825,427632.0,421226.8
E01011826,427250.3,421367.3
E01011827,428691.0,420443.3
E01011828,428008.6,420844.6
E01011829,427890.7,419600.6
E01011830,427990.7,420258.5
E01011831,427428.6,420649.1
E01011832,428377.8,420120.5
E01011833,427289.8,420216.8
E01011834,445689.0,422952.6
E01011835,446962.4,423092.4
E01011836,446456.0,422804.2
E01011837,445822.7,421276.4
E01011838,445898.8,422318.7
E01011839,446903.2,422133.4
E01011840,446188.3,421684.9
E01011841,444918.2,421999.1
E01011842,444580.1,421390.5
E01011843,446737.7,423522.1
E01011844,445949.7,423369.0
E01011845,445194.2,420293.5
E01011846,445672.1,420838.6
E01011847,445071.5,420926.1
E01011848,446035.4,420571.8
E01011849,448479.2,420038.8
E01011850,446624.5,421642.3
E01011851,445069.0,421488.3
E01011852,446936.6,421394.3
E01011853,446415.6,420999.7
E01011854,448970.3,413744.9
E01011855,447587.4,413491.7
E01011856,448828.7,413775.9
E01011857,446675.7,415134.1
E01011858,447034.2,413277.8
E01011859,447274.8,411807.8
E01011860,447605.4,411554.0
E01011861,447547.2,410810.8
E01011862,446684.3,410354.6
E01011863,446760.6,410775.0
E01011864,444044.5,410490.8
E01011865,442626.0,412526.0
E01011866,445133.7,410543.9
E01011867,442532.9,412887.2
E01011868,445092.7,411278.8
E01011869,446466.9,411159.0
E01011870,446427.6,411540.7
E01011871,445599.2,411259.6
E01011872,444548.6,410627.7
E01011873,433551.8,425027.9
E01011874,437836.3,423968.2
E01011875,435789.8,424924.9
E01011876,434685.3,423608.3
E01011877,434025.0,424206.0
E01011878,434453.9,424378.9
E01011879,437540.8,423255.7
E01011880,434485.9,422837.3
E01011881,433044.4,423625.3
E01011882,437544.9,423506.3
E01011883,438186.0,423818.6
E01011884,433262.0,422217.7
E01011885,430795.0,423511.2
E01011886,431957.6,423121.9
E01011887,432559.7,422705.5
E01011888,431450.7,422876.9
E01011889,430596.6,421718.5
E01011890,430799.7,422294.8
E01011891,431631.5,422478.9
E01011892,431036.2,421592.4
E01011893,432573.0,424523.7
E01011894,433641.5,424483.9
E01011895,433518.5,424074.5
E01011896,432955.1,424195.2
E01011897,432592.9,423727.3
E01011898,433763.8,419202.1
E01011899,430763.6,419795.1
E01011900,431723.8,419940.6
E01011901,431348.0,419924.0
E01011902,433055.0,419469.1
E01011903,430782.2,419154.9
E01011904,431156.6,419533.8
E01011905,431975.2,419214.5
E01011906,433618.7,418723.4
E01011907,432289.3,420209.9
E01011908,434205.6,419286.3
E01011909,434555.4,421969.8
E01011910,434278.9,421537.7
E01011911,434763.7,421449.2
E01011912,433318.4,421436.5
E01011913,433722.9,421200.1
E01011914,434534.8,420948.8
E01011915,434143.3,420802.9
E01011917,434556.5,419456.9
E01011918,430426.6,420435.4
E01011919,431775.9,420620.0
E01011920,432508.2,420871.3
E01011921,431027.8,420481.6
E01011922,430360.1,420000.6
E01011923,432723.5,421698.2
E01011924,432118.4,421403.2
E01011925,431770.8,421377.9
E01011926,431983.5,420927.9
E01011927,431205.2,420999.1
E01011928,426302.0,416979.8
E01011929,431299.6,416714.5
E01011930,430914.0,416289.9
E01011931,427676.5,416352.3
E01011932,428094.4,417123.2
E01011933,431150.2,415672.0
E01011934,431705.8,416186.2
E01011935,430999.1,411352.1
E01011936,431752.5,415175.8
E01011937,431857.5,417292.2
E01011938,426444.6,417121.7
E01011939,433634.3,416595.9
E01011940,432863.3,416465.5
E01011941,435852.9,416989.1
E01011942,435052.1,413156.4
E01011943,432253.9,416097.8
E01011944,434606.1,418865.2
E01011945,434108.5,418214.9
E01011946,435443.3,417211.8
E01011947,434467.9,417730.0
E01011948,434006.5,417219.5
E01011949,449868.7,531291.8
E01011950,450434.8,531478.5
E01011951,450310.1,531776.8
E01011952,449801.5,534598.2
E01011953,449880.5,535091.3
E01011954,449199.2,535449.4
E01011955,450718.1,533632.3
E01011957,450097.8,533485.3
E01011959,445358.7,531978.6
E01011960,449005.1,528789.0
E01011961,449372.2,529244.3
E01011962,448666.2,529215.4
E01011963,449866.2,529100.4
E01011964,450142.5,532503.7
E01011965,449741.6,532239.6
E01011966,449628.1,532828.9
E01011967,450178.4,532027.8
E01011968,449256.0,528165.9
E01011969,448622.7,535775.7
E01011970,448156.4,535911.6
E01011971,448235.7,535439.2
E01011974,451316.1,533008.9
E01011975,449864.8,532849.6
E01011977,448661.5,529629.0
E01011978,449117.2,529850.3
E01011979,449061.4,530174.5
E01011980,448871.8,530751.1
E01011981,449109.4,531041.0
E01011982,448488.7,532155.3
E01011983,449109.5,532880.5
E01011984,449722.0,530699.9
E01011985,450634.2,530682.2
E01011986,450243.0,531043.0
E01011987,450559.5,531220.3
E01011988,449767.2,530087.2
E01011989,450485.9,529801.4
E01011990,449990.9,529466.2
E01011991,452855.7,533797.6
E01011992,450401.7,534930.6
E01011993,452309.8,534317.9
E01011994,451141.4,534483.5
E01011995,451962.6,529843.5
E01011996,452301.6,530068.4
E01011997,451806.0,529917.5
E01011998,452145.7,529159.0
E01011999,450558.9,532138.5
E01012000,451395.6,532338.9
E01012001,450921.9,531187.0
E01012002,449578.7,533267.8
E01012003,448532.9,533204.0
E01012005,448658.4,533985.2
E01012007,449119.3,517012.4
E01012008,449233.0,517437.3
E01012009,448328.0,517292.4
E01012010,448343.1,516871.3
E01012011,447613.9,518044.3
E01012012,447518.4,517410
E01012013,447830.4,518732.1
E01012014,448026.0,519295.8
E01012015,452614.0,517877.4
E01012016,453304.3,518101.0
E01012017,452815.1,517643.2
E01012018,450493.5,518140.5
E01012019,449884.6,517646.4
E01012020,450247.9,517682.8
E01012021,449908.6,517299.7
E01012022,447758.3,515355.5
E01012023,448475.7,515414.6
E01012024,447811.8,515995.4
E01012025,448180.4,515760.1
E01012026,450382.3,519002.9
E01012027,450386.8,518648.3
E01012030,450633.2,514309.8
E01012031,449977.7,515006.1
E01012032,451314.9,513953.4
E01012033,451140.9,514199.8
E01012034,450853.0,513467.3
E01012035,450782.5,515125.8
E01012036,448968.7,519625.8
E01012037,448442.6,519546.8
E01012038,448547.6,519350.4
E01012039,449167.2,519561.1
E01012040,448791.2,519342.4
E01012041,448854.6,520012.7
E01012042,448803.5,514863.0
E01012043,449646.9,514748.2
E01012044,449134.9,514276.8
E01012045,449485.4,514257.6
E01012046,449014.3,515678.7
E01012047,447562.4,517055.2
E01012048,448070.0,516527.4
E01012049,451150.3,515837.5
E01012050,450656.2,516959.3
E01012051,450803.2,516619.7
E01012052,450890.1,516144.5
E01012053,448209.9,517699.8
E01012054,448079.7,518079.1
E01012055,449019.8,517884.7
E01012056,448692.2,518905.8
E01012057,448461.9,518309.0
E01012058,451295.1,519713.0
E01012059,451015.4,519808.1
E01012060,452644.9,519499.8
E01012061,452194.2,519490.4
E01012062,452601.1,515661.0
E01012063,452340.4,515194.2
E01012065,452051.8,514607.0
E01012066,452575.5,514297.0
E01012067,451543.3,515287.9
E01012068,449651.0,519970.1
E01012071,453137.1,514563.2
E01012073,452936.3,515157.7
E01012074,451150.1,518582.9
E01012075,451791.2,518548.0
E01012076,451888.0,519204.1
E01012077,451227.1,519103.6
E01012078,448991.5,518999.0
E01012079,449377.5,518409.6
E01012080,449561.7,518711.0
E01012081,448921.1,518460.9
E01012082,452131.4,517245.0
E01012083,451364.1,518086.2
E01012084,451968.3,517835.7
E01012085,451717.5,517596.8
E01012088,452232.9,518741.8
E01012089,453089.4,519134.0
E01012090,452640.5,518801.3
E01012091,453015.2,518532.0
E01012092,449597.8,519468.4
E01012093,449941.1,519544.7
E01012095,468878.3,520073.5
E01012096,470733.4,519306.1
E01012097,468216.4,520016.4
E01012098,469099.3,519715.6
E01012099,468511.6,519517.5
E01012100,460052.3,525241.9
E01012101,459480.3,525039.2
E01012102,460622.0,524814.1
E01012105,459497.5,524236.5
E01012106,459127.6,524104.7
E01012107,458765.6,524001.5
E01012108,456067.3,519154.8
E01012109,457162.8,519708.0
E01012110,455820.4,518582.0
E01012111,455472.0,518341.9
E01012112,455264.2,517930.2
E01012113,455652.7,519575.2
E01012114,455190.6,520586.9
E01012117,461221.3,515777.5
E01012118,461007.8,515988.9
E01012119,460894.7,516424.3
E01012120,461847.8,515746.3
E01012121,460995.5,516368.9
E01012124,459343.5,515051.1
E01012127,460392.4,522806.5
E01012128,460122.3,522634.6
E01012129,459551.4,523058.6
E01012130,460544.9,522573.5
E01012131,460097.3,523094.0
E01012132,467404.8,516198.1
E01012134,474208.9,518095.4
E01012136,472079.2,518240.5
E01012137,471860.6,517843.2
E01012138,461742.9,522381.0
E01012139,461834.8,520727.5
E01012140,462269.0,520979.3
E01012141,463053.7,522586.7
E01012142,460051.4,524054.5
E01012143,459915.3,523720.8
E01012144,460158.5,524579.5
E01012145,454885.0,518217.6
E01012146,454212.3,518090.7
E01012147,454679.6,517474.2
E01012148,453764.2,517469.6
E01012149,454216.4,517285.0
E01012150,453348.0,517298.3
E01012151,453533.8,516798.8
E01012152,453808.3,516150.0
E01012154,463117.9,522060.4
E01012155,463933.8,521966.4
E01012156,464261.4,522150.9
E01012157,463656.2,522498.6
E01012158,465828.4,520631.2
E01012159,466372.4,521554.3
E01012160,465661.8,521228.0
E01012161,466311.5,521104.0
E01012162,467284.6,518556.9
E01012163,466326.6,519435.7
E01012164,465562.0,518569.1
E01012165,466146.5,519104.4
E01012167,453792.9,519270.0
E01012168,454564.4,519171.6
E01012170,453707.2,520554.2
E01012171,455680.0,519080.9
E01012172,455122.1,518964.1
E01012173,454771.4,518591.6
E01012174,454329.4,518614.7
E01012175,455089.6,519464.6
E01012176,461144.3,523916.5
E01012177,461595.7,523174.6
E01012178,460948.8,524285.4
E01012179,460879.0,523197.4
E01012180,461240.6,522765.5
E01012181,465929.4,516950.9
E01012182,461621.8,515177.3
E01012183,461363.0,514825.7
E01012184,461043.3,524767.2
E01012185,461779.4,523764.0
E01012186,461580.2,524174.8
E01012187,441373.3,520697.6
E01012188,440946.0,519834.2
E01012189,441321.3,520071.1
E01012190,441012.9,519364.6
E01012191,441582.2,519147.6
E01012192,444180.4,521771.0
E01012193,444247.7,521419.9
E01012194,444467.1,520660.8
E01012195,444309.0,521141.1
E01012196,446408.5,523492.5
E01012197,445744.2,523475.8
E01012198,447129.6,523271.4
E01012199,442293.4,513869.7
E01012200,441652.2,513565.8
E01012201,441325.0,514236.3
E01012202,442223.1,514377.7
E01012203,441705.5,514674.2
E01012204,442688.3,520129.2
E01012205,441656.0,519974.2
E01012206,442089.0,519932.8
E01012207,442192.2,519338.5
E01012208,442210.9,518861.9
E01012209,442616.9,518382.5
E01012210,444479.2,522737.0
E01012211,443980.8,522509.9
E01012212,443285.2,522150.8
E01012213,443562.3,521757.1
E01012214,446765.5,524338.3
E01012215,446542.9,524225.9
E01012216,447167.7,524817.7
E01012217,443556.5,518636.6
E01012218,443270.8,518379.9
E01012219,443095.2,519392.4
E01012223,442414.6,517838.4
E01012224,441869.9,518116.5
E01012225,441393.0,518275.4
E01012226,441223.5,518841.6
E01012227,443952.2,513584.4
E01012228,444637.5,514010.2
E01012230,444894.4,513487.0
E01012231,443807.0,513244.8
E01012232,444476.5,513169.5
E01012233,445236.3,512802.8
E01012234,444212.9,512848.5
E01012235,442241.0,510521.3
E01012236,444961.8,514661.8
E01012237,445104.0,514061.3
E01012238,445216.5,517200.4
E01012239,445756.7,517236.9
E01012240,446317.0,517013.1
E01012241,446316.5,516446.9
E01012242,446242.3,525005.2
E01012243,446172.2,525464.1
E01012244,446796.3,525674.7
E01012245,446979.0,525111.0
E01012246,446455.4,525880.5
E01012247,442753.7,521361.3
E01012248,442701.3,520867.0
E01012249,442432.1,521847.9
E01012250,441773.5,521691.9
E01012251,443768.3,520040.8
E01012252,443973.9,520268.9
E01012253,443225.0,519904.9
E01012254,443876.9,519551.1
E01012255,444678.0,524115.1
E01012256,444844.9,524652.4
E01012257,444974.8,524359.0
E01012258,445533.2,520809.5
E01012259,444885.5,521133.3
E01012260,444755.5,522137.5
E01012261,444960.7,521681.1
E01012262,444213.9,518216.6
E01012267,444196.6,519231.9
E01012268,444791.7,520528.8
E01012269,438478.5,516428.3
E01012270,442457.7,515554.2
E01012271,443691.2,520862.8
E01012272,443269.3,520943.1
E01012273,442882.0,521937.5
E01012274,443160.8,521472.7
E01012275,446228.5,524370.2
E01012276,445603.0,523954.0
E01012277,445785.0,524480.1
E01012278,446075.8,521953.5
E01012279,446056.6,522822.3
E01012280,445665.1,523000.4
E01012281,445986.0,522284.5
E01012282,445633.1,515259.3
E01012283,446078.5,515282.4
E01012284,445877.3,515677.1
E01012285,444887.7,515426.4
E01012286,445503.1,517817.6
E01012287,445014.1,517942.8
E01012288,445214.4,517647.2
E01012289,445725.5,517687.2
E01012290,445195.9,515878.2
E01012291,445311.9,516668.2
E01012292,445655.5,516368.3
E01012294,439365.0,521757.4
E01012295,437511.0,523365.6
E01012296,445615.9,524977.7
E01012297,445696.6,525482.8
E01012298,442926.2,511945.4
E01012299,441936.1,512648.3
E01012300,441659.8,511833.0
E01012301,443463.0,512174.1
E01012302,442078.7,511547.6
E01012303,441397.5,511223.8
E01012304,429838.9,514264.0
E01012305,429768.0,513968.8
E01012306,430323.2,514097.4
E01012307,429967.3,515440.5
E01012309,428239.3,516058.0
E01012310,427082.5,516082.5
E01012311,427649.6,515993.7
E01012312,426553.3,516251.9
E01012313,426668.6,515842.4
E01012314,425980.3,516155.4
E01012315,427553.8,514675.0
E01012317,429954.9,513129.6
E01012318,430700.4,513166.9
E01012319,430929.1,513741.7
E01012323,429061.4,517117.3
E01012324,429555.5,517019.0
E01012325,431304.0,516126.6
E01012326,430757.8,516074.5
E01012327,431355.8,515455.6
E01012328,431038.7,517149.4
E01012329,431308.9,516800.9
E01012330,430000.5,517121.5
E01012331,430393.6,516910.0
E01012332,430458.1,516615.0
E01012333,430285.3,516265.0
E01012334,424182.5,520048.7
E01012335,424647.8,522297.4
E01012336,426406.6,514446.0
E01012337,426957.9,514128.1
E01012338,430892.4,510434.7
E01012339,430082.1,510254.0
E01012340,429797.2,513570.8
E01012341,430382.2,513639.2
E01012342,430118.6,514730.5
E01012344,434592.7,513365.0
E01012345,435595.1,513101.8
E01012346,434475.2,513910.1
E01012347,427064.4,515111.6
E01012348,426491.3,514997.8
E01012349,429103.2,516126.5
E01012350,429256.7,516460.4
E01012351,429546.6,516536.2
E01012352,428879.1,516415.1
E01012353,428582.6,515349.6
E01012354,428839.4,515238.5
E01012355,428536.7,515004.3
E01012356,428886.6,513935.4
E01012357,429226.1,513693.3
E01012358,428823.1,513192.7
E01012359,429095.3,512864.2
E01012360,427966.4,513911.1
E01012361,427630.2,513398.1
E01012362,428571.4,515698.5
E01012363,428106.5,515677.4
E01012364,428086.8,515372.2
E01012365,427642.7,515507.0
E01012366,433703.7,517955.5
E01012367,351696.6,385750.1
E01012368,352091.7,386698.5
E01012369,351734.9,386937.9
E01012370,351918.0,386340.1
E01012371,353806.5,380032.6
E01012372,353484.6,379860.3
E01012373,352887.5,380457.1
E01012374,350550.7,387887.8
E01012375,350807.4,387457.2
E01012376,350124.8,387106.4
E01012377,349095.3,386423.3
E01012378,349947.7,386554.5
E01012379,349740.2,386108.6
E01012380,349276.6,385968.4
E01012381,354280.4,382480.4
E01012382,353773.3,382668.2
E01012383,353521.7,382138.1
E01012384,354160.9,381916.8
E01012385,356773.7,381247.5
E01012386,356246.2,383238.8
E01012387,357451.1,384267.7
E01012388,348997.5,385652.8
E01012389,348283.4,385818.2
E01012390,348729.4,386009.4
E01012391,348613.6,384232.8
E01012392,352570.6,387797.2
E01012393,351038.3,388432.0
E01012394,351793.3,387441.0
E01012395,351643.0,388200.1
E01012396,352830.3,381568.1
E01012397,352255.4,381715.4
E01012398,351735.1,381816.8
E01012399,352398.8,381252.5
E01012400,351433.7,382215.4
E01012401,346802.9,382534.5
E01012402,352656.0,382121.8
E01012403,353012.1,382094.6
E01012404,352956.2,382710.8
E01012405,352082.6,382537.6
E01012406,354489.4,381159.2
E01012407,354037.4,381172.6
E01012408,353162.1,380923.0
E01012409,353984.8,380585.0
E01012410,353447.3,387255.1
E01012411,352958.8,387186.0
E01012412,352504.2,386170.1
E01012413,352647.0,386712.6
E01012414,353091.0,386774.1
E01012415,351949.3,380676.2
E01012416,350977.6,380954.6
E01012417,350069.6,381253.7
E01012418,351552.7,381502.4
E01012419,349024.3,386935.8
E01012420,348633.8,387171.1
E01012421,349343.6,387073.4
E01012422,348475.7,386722.8
E01012423,349048.9,387457.3
E01012424,350914.1,385551.8
E01012425,351290.8,385952.2
E01012426,351159.2,386470.8
E01012427,350716.8,386010.7
E01012429,350338.2,381972.7
E01012430,351030.2,383126.3
E01012431,351477.1,382860.7
E01012432,355991.8,381279.4
E01012433,356169.1,380817.4
E01012434,355739.9,382106.2
E01012435,355298.5,381628.7
E01012436,355376.0,380933.9
E01012437,354874.1,380660.8
E01012438,355750.3,380662.5
E01012439,354601.2,380317.6
E01012440,355091.1,380169.8
E01012441,351202.5,384150.3
E01012442,349708.4,385664.0
E01012443,349636.1,385476.6
E01012444,355068.6,382418.7
E01012445,355205.3,382771.4
E01012446,362360.9,384705.2
E01012447,362349.8,383670.0
E01012448,363884.1,383748.3
E01012449,361806.9,383698.1
E01012450,361729.8,385534.5
E01012451,362069.4,385579.0
E01012452,361317.6,385005.5
E01012453,359808.3,390503.3
E01012454,359633.6,389188.5
E01012455,359849.1,389694.1
E01012457,359329.4,388587.8
E01012458,359068.3,387672.2
E01012459,365494.5,391243.6
E01012460,364858.9,391762.6
E01012461,366898.0,392573.8
E01012462,366419.9,392536.2
E01012463,364247.5,391777.6
E01012464,364478.9,392123.2
E01012465,366082.8,391611.5
E01012466,365605.4,391635.9
E01012467,356932.0,393025.8
E01012468,360463.5,392817.0
E01012469,356497.7,393155.9
E01012470,356412.3,392657.5
E01012471,365098.7,394081.3
E01012472,363383.3,393486.6
E01012473,365624.7,395626.4
E01012474,365633.5,394987.2
E01012475,366173.8,394842.6
E01012476,367273.8,396915.3
E01012477,364993.1,395887.0
E01012478,362418.7,388874.9
E01012479,361706.7,388858.4
E01012480,361308.6,388149.7
E01012481,362154.0,389254.9
E01012482,361625.5,389437.6
E01012483,360961.7,388981.1
E01012485,364101.1,387192.6
E01012486,363433.8,386886.3
E01012487,363810.2,386714.9
E01012488,364840.6,386766.5
E01012489,363385.4,386360.9
E01012490,364649.4,387353.3
E01012491,356182.0,388946.7
E01012492,356688.8,388783.4
E01012493,355966.8,388655.0
E01012494,355485.5,389110.8
E01012495,357682.6,387660.6
E01012496,357535.5,388138.1
E01012497,358640.5,388624.7
E01012498,358239.6,388479.7
E01012499,357857.9,388448.7
E01012500,357064.6,388439.9
E01012501,358313.7,387907.0
E01012502,360653.8,385930.7
E01012503,361979.0,382986.5
E01012505,361901.0,386915.5
E01012506,362775.2,387925.3
E01012507,362634.8,387389.7
E01012508,363003.4,387631.1
E01012509,360643.3,386490.5
E01012510,361207.3,387225.4
E01012511,361612.6,387407.3
E01012512,360666.0,387022.1
E01012513,367719.7,386864.7
E01012514,368972.6,386994.8
E01012515,367207.9,387105.2
E01012516,368275.7,387278.2
E01012517,369542.0,388020.2
E01012518,369788.8,387590.8
E01012519,367491.3,387552.1
E01012520,360750.4,390395.8
E01012521,361290.3,390622.8
E01012522,361709.3,390480.6
E01012523,361239.1,389548.9
E01012524,361728.3,389952.6
E01012525,360883.0,389573.9
E01012526,360715.6,390832.2
E01012527,357054.2,387552.8
E01012528,356524.7,387377.4
E01012529,356092.9,387630.4
E01012530,355809.8,387199.1
E01012531,356148.3,388106.9
E01012532,356707.1,387966.7
E01012533,362081.9,391058.6
E01012534,361558.3,391169.7
E01012535,361233.9,390984.1
E01012536,361969.9,390581.1
E01012537,360547.5,391322.3
E01012538,362472.4,391706.5
E01012539,360862.4,391545.6
E01012540,363049.8,390940.8
E01012541,363297.9,391435.6
E01012542,362833.0,391490.4
E01012543,363439.2,390852.3
E01012544,363870.3,390544.7
E01012545,362689.7,390765.1
E01012546,362402.3,390413.5
E01012547,362586.5,389690.4
E01012548,363376.3,390014.5
E01012549,363098.5,389561.9
E01012550,362964.9,389156.1
E01012551,365304.3,389246.7
E01012552,364586.7,389091.1
E01012553,365132.7,389014.4
E01012554,369447.8,391001.9
E01012555,364678.3,389626.0
E01012556,364021.2,389428.1
E01012557,361522.8,386147.6
E01012558,361124.5,385888.0
E01012559,362666.0,386681.1
E01012560,362042.2,386352.9
E01012561,359093.4,390940.5
E01012562,357533.7,390739.8
E01012563,358524.9,390474.0
E01012564,359214.1,390497.2
E01012566,358007.6,389590.7
E01012569,357594.2,389819.0
E01012570,358630.7,389479.7
E01012571,369792.8,427825.8
E01012572,368981.1,427775.3
E01012573,369495.2,427629.4
E01012574,369108.8,428774.3
E01012575,369327.0,427907.7
E01012576,370084.7,428108.7
E01012577,368864.2,429512.5
E01012578,369019.0,429198.4
E01012579,368375.0,429228.6
E01012580,368573.9,428976.6
E01012581,366760.8,429868.8
E01012582,366480.0,429406.6
E01012583,367384.5,429873.5
E01012584,366123.3,429150.4
E01012585,366746.5,428167.4
E01012586,367093.0,428419.9
E01012587,367039.9,428827.3
E01012588,366789.9,428619.3
E01012589,368582.1,423420.1
E01012590,368345.9,423925.2
E01012591,368040.5,423688.4
E01012592,371501.0,422314.6
E01012593,367375.8,425866.1
E01012594,367005.9,425555.4
E01012595,367728.3,426546.6
E01012596,368101.1,426683.6
E01012597,368909.5,424902.7
E01012598,367707.2,425202.0
E01012599,368222.8,424986.3
E01012600,368277.1,426295.1
E01012601,368593.4,425993.5
E01012602,369353.6,425240.4
E01012603,369232.7,425809.1
E01012604,369129.1,426396.8
E01012605,369340.2,429507.5
E01012606,369451.3,429126.5
E01012607,369555.8,430046.8
E01012608,368865.2,430243.8
E01012609,365111.8,425480.6
E01012610,364678.5,425471.2
E01012611,364670.6,426094.3
E01012612,365307.6,425913.9
E01012613,365824.5,425805.9
E01012614,370489.0,421821.6
E01012615,369804.1,421793.7
E01012616,370297.3,420953.7
E01012617,369979.8,422074.2
E01012618,366117.8,426531.8
E01012619,366348.9,426090.0
E01012620,366444.6,425675.3
E01012621,366871.3,425896.7
E01012622,367429.8,427236.6
E01012623,366735.1,427205.8
E01012624,367166.5,426466.4
E01012625,366791.3,426676.7
E01012628,367342.8,416265.1
E01012629,368457.9,427078.4
E01012630,369264.4,427458.8
E01012631,368738.3,427050.9
E01012632,369772.1,427048.2
E01012633,368459.3,430761.0
E01012634,368466.4,430060.9
E01012635,368109.1,429768.9
E01012636,368892.8,431395.5
E01012637,370785.9,427341.5
E01012638,370469.1,427149.1
E01012639,370539.4,428379.3
E01012640,370645.6,427925.9
E01012641,370248.0,427727.8
E01012642,367889.0,428877.6
E01012643,368469.4,428671.7
E01012644,368155.4,428676.8
E01012645,367843.7,429205.3
E01012646,369837.6,422344.1
E01012647,369939.1,422901.5
E01012648,368842.3,423086.8
E01012649,369384.8,422895.3
E01012650,369574.3,422624.8
E01012651,368506.1,422904.9
E01012652,368120.0,422808.9
E01012653,368849.8,422267.5
E01012654,369182.1,421959.6
E01012655,367650.7,427842.8
E01012656,367494.1,428279.9
E01012657,367200.8,428083.8
E01012658,366748.0,427701.9
E01012659,369492.4,420948.5
E01012660,369961.7,420398.9
E01012661,369768.3,420790.4
E01012662,332705.7,441586.6
E01012663,331605.5,442307.8
E01012664,332016.4,442357.2
E01012665,332267.6,441994.4
E01012666,331097.1,440094.4
E01012667,331360.2,440279.5
E01012668,331339.8,439740.9
E01012669,330898.0,439370.1
E01012670,331342.5,435509.5
E01012671,330755.3,434397.2
E01012672,330766.4,434996.0
E01012673,331079.3,435425.5
E01012674,331156.3,434500.2
E01012675,331615.4,436491.6
E01012676,332130.6,436574.1
E01012677,332039.3,436252.4
E01012678,331850.8,436868.9
E01012679,331363.2,436742.1
E01012680,331550.3,437193.5
E01012681,330786.7,436889.1
E01012682,331044.8,437009.2
E01012683,330944.8,437419.3
E01012684,331345.1,437489.5
E01012685,332976.8,434446.2
E01012686,334293.6,434203.3
E01012687,334670.9,434094.6
E01012688,333227.7,433804.6
E01012689,333626.2,434364.1
E01012690,332324.5,438575.4
E01012691,331849.7,439088.3
E01012692,332504.9,439108.6
E01012693,331898.1,438027.7
E01012694,332587.3,434473.7
E01012695,332072.3,433993.5
E01012696,332394.3,433965.2
E01012697,332674.9,433657.2
E01012698,331981.9,433651.1
E01012699,332137.0,432410.7
E01012700,331659.5,432365.3
E01012701,331947.6,433124.0
E01012702,331797.5,432769.9
E01012703,332076.5,440352.8
E01012704,332678.3,440576.1
E01012705,331888.3,439745.3
E01012706,332311.7,440052.0
E01012707,332442.6,437465.2
E01012708,332483.2,436817.6
E01012709,332237.9,437229.1
E01012710,332853.0,436803.6
E01012711,332278.8,437816.3
E01012712,332927.2,435076.4
E01012713,333288.5,435013.5
E01012714,333880.3,434747.7
E01012715,332501.0,435032.4
E01012716,331525.6,441429.4
E01012717,332267.6,441091.1
E01012718,331456.6,440948.5
E01012719,331680.9,441808.9
E01012720,333269.5,437561.2
E01012721,333593.8,437843.5
E01012722,333535.2,436890.9
E01012723,332977.7,438208.5
E01012724,332849.5,437743.9
E01012725,331336.6,432165.7
E01012726,330771.6,432423.3
E01012727,330800.6,432017.4
E01012728,331227.6,432622.2
E01012729,332429.7,433096.6
E01012730,333145.4,432518.7
E01012731,332535.2,432440.5
E01012732,333065.1,433137.5
E01012733,331749.1,435849.6
E01012734,332036.7,435855.7
E01012735,331539.9,436050.9
E01012736,331044.9,435827.0
E01012737,331229.6,436280.0
E01012738,331461.9,435279.0
E01012739,331757.7,435046.4
E01012740,332165.5,435312.2
E01012741,332135.3,434714.8
E01012742,331768.0,435496.4
E01012743,331525.9,434778.9
E01012744,331852.0,434535.2
E01012745,331521.4,434221.6
E01012746,331748.8,433976.8
E01012747,331300.2,438377.0
E01012748,330874.9,437873.8
E01012749,330922.2,438540.2
E01012750,331376.4,437956.4
E01012751,330778.2,433889.5
E01012752,330737.8,432847.7
E01012753,331192.6,433370.4
E01012754,330860.9,433282.3
E01012755,331394.1,433117.8
E01012756,507320.2,430066.3
E01012757,508056.7,429821.6
E01012758,507670.3,430297.4
E01012759,507293.8,429747.3
E01012760,507767.5,429814.7
E01012761,508733.5,430516.0
E01012762,508059.8,430532.4
E01012763,508385.9,430106.0
E01012764,508382.9,433396.5
E01012765,508491.9,432987.1
E01012766,508708.2,432683.3
E01012767,508650.0,431854.2
E01012768,507711.1,433875.7
E01012769,508162.9,433760.6
E01012770,505067.4,428548.9
E01012771,505679.2,428407.6
E01012772,506081.6,428618.5
E01012773,506357.6,429634.2
E01012774,505968.0,429752.0
E01012775,505626.6,429500.3
E01012776,506321.3,429031.7
E01012777,505552.4,428859.0
E01012778,511393.2,433622.5
E01012779,510150.4,436099.6
E01012780,510275.2,435316.5
E01012781,509943.4,435558.7
E01012782,510615.6,434633.6
E01012783,510913.4,434249.8
E01012784,511413.2,434079.8
E01012785,509844.3,433932.7
E01012786,509714.8,434497.4
E01012787,510651.7,433857.3
E01012788,510217.3,434154.9
E01012789,510193.1,433375.1
E01012790,511127.6,433295.2
E01012791,506996.9,430558.7
E01012792,506674.4,431427.5
E01012793,507572.7,430973.6
E01012794,506577.0,431049.9
E01012795,506235.7,430811.6
E01012796,504683.1,429546.2
E01012797,505663.3,430887.7
E01012798,505306.2,430641.8
E01012799,505202.6,430184.9
E01012800,504643.3,430212.4
E01012801,505643.8,430251.4
E01012802,505210.8,429761.9
E01012803,504789.7,429861.5
E01012804,510783.3,430747.6
E01012805,511552.3,429952.9
E01012806,510989.1,430394.8
E01012807,511377.6,430593.8
E01012808,511238.1,430176.6
E01012809,511010.5,429431.6
E01012810,511418.4,428883.1
E01012811,510819.0,428517.6
E01012812,511954.9,431775.6
E01012813,511421.2,432258.1
E01012814,511606.3,431936.8
E01012815,510923.7,431774.1
E01012816,512416.9,431225.0
E01012817,510559.7,431424.5
E01012818,511373.0,431394.9
E01012819,511344.1,431042.3
E01012820,511727.3,430804.4
E01012821,513134.0,432384.7
E01012822,512215.8,432453.3
E01012824,513575.8,432334.9
E01012825,513749.7,431734.2
E01012827,513146.1,431512.8
E01012828,512713.9,433082.4
E01012829,509256.5,433523.3
E01012830,509688.6,433581.6
E01012832,509750.3,435172.2
E01012833,514752.3,432318.0
E01012834,513993.9,432539.6
E01012835,515038.0,432540.1
E01012836,514637.2,431793.2
E01012837,514230.3,431770.1
E01012838,514133.2,433139.9
E01012839,514796.8,432998.7
E01012840,514387.2,432707.3
E01012841,514365.1,431005.4
E01012842,515156.4,430846.2
E01012843,514503.7,430653.3
E01012844,514104.0,430859.0
E01012845,515359.2,430159.9
E01012846,515027.7,430338.1
E01012847,515166.4,429917.3
E01012848,513525.0,429459.7
E01012849,514099.4,431345.1
E01012850,508643.8,429610.3
E01012852,508424.0,429365.5
E01012854,509101.1,428394.1
E01012855,508548.9,428408.9
E01012856,509412.4,429995.6
E01012857,508963.9,429960.6
E01012858,506391.6,427817.9
E01012859,507329.8,428526.4
E01012860,506258.1,428241.2
E01012862,507068.2,429270.9
E01012863,506727.8,429160.4
E01012864,507024.2,428829.1
E01012865,506775.0,428582.3
E01012866,508034.4,430827.5
E01012867,509140.1,430637.2
E01012868,508318.7,431264.0
E01012869,508784.8,431307.2
E01012870,508099.1,431154.3
E01012871,509009.0,431007.6
E01012872,508509.3,430939.3
E01012873,506816.4,432724.1
E01012874,506317.0,432719.0
E01012875,507207.8,433679.6
E01012876,507078.3,433918.2
E01012877,506254.6,433684.2
E01012878,506786.3,433315.6
E01012879,506560.8,433237.7
E01012880,507267.1,433224.2
E01012881,507881.3,433051.6
E01012882,505040.9,426936.0
E01012883,505617.1,426973.9
E01012884,504362.8,426926.9
E01012886,505943.1,427570.4
E01012887,504606.0,427348.9
E01012888,506388.1,427279.3
E01012889,507870.5,427873.7
E01012891,508159.4,428296.8
E01012892,507887.1,428338.2
E01012893,507521.5,428332.1
E01012894,512833.8,430100.6
E01012896,512807.1,430814.8
E01012898,513294.6,430990.1
E01012899,512300.1,430067.8
E01012900,511876.3,429806.7
E01012901,512380.6,430598.0
E01012902,512098.4,430517.7
E01012903,511880.2,430139.9
E01012904,511804.5,432741.3
E01012905,510516.1,432861.4
E01012906,510961.0,432735.1
E01012907,511456.7,432962.4
E01012908,511768.7,433664.2
E01012909,512220.2,433389.5
E01012910,509836.0,433253.6
E01012911,512073.7,433139.0
E01012912,509610.4,433034.1
E01012913,506625.9,431965.0
E01012914,507956.2,431728.8
E01012915,507690.8,432772.0
E01012916,508117.9,432027.2
E01012917,507186.3,432584.7
E01012918,506777.2,432239.2
E01012919,500216.8,438420.4
E01012921,499766.9,436950.4
E01012922,494647.2,449466.9
E01012923,501914.4,443668.8
E01012924,506477.8,441864.4
E01012925,498828.4,442205.3
E01012926,510687.3,445158.7
E01012927,501118.0,443588.2
E01012928,516845.1,468089.9
E01012929,517816.3,467679.3
E01012930,518407.8,468097.4
E01012931,517733.3,467973.4
E01012932,517169.1,467686.9
E01012933,518961.9,472251.6
E01012934,517184.1,468354.3
E01012935,518901.9,468080.8
E01012936,518971.4,467522.9
E01012937,522780.8,470547.5
E01012939,519129.9,469326.3
E01012940,518557.6,468834.2
E01012941,517839.8,468655.3
E01012942,519394.4,468840.1
E01012943,517585.0,467160.3
E01012944,518528.6,467027.9
E01012945,518087.9,467153.1
E01012946,516668.6,466549.7
E01012947,517687.7,466452.9
E01012948,518153.4,466585.4
E01012949,517309.2,466897.1
E01012950,517230.1,465957.6
E01012951,517853.8,466248.3
E01012952,518593.5,467371.7
E01012953,505937.6,433925.6
E01012954,503245.1,433078.5
E01012955,504888.8,433379.7
E01012956,503880.4,432923.2
E01012957,504317.5,432950.6
E01012958,503451.2,432690.9
E01012959,505931.6,432468.1
E01012960,504834.1,432652.0
E01012961,503566.8,432252.2
E01012962,505330.9,432468.9
E01012963,504206.3,432202.7
E01012964,506063.3,431604.5
E01012966,501339.4,433515.7
E01012967,491672.9,430754.3
E01012968,492240.6,431371.0
E01012969,491106.6,430623.1
E01012970,494482.6,428106.9
E01012972,494187.2,427108.2
E01012974,494657.9,426972.2
E01012975,502740.1,458460.3
E01012976,502569.5,458527.1
E01012978,501800.0,458084.8
E01012979,502103.5,458054.7
E01012980,502684.9,457682.5
E01012981,496774.2,456769.5
E01012982,502345.4,457326.1
E01012983,501743.6,457016.7
E01012984,505029.7,456693.6
E01012985,505711.1,459128.5
E01012986,515923.6,455088.3
E01012987,510263.0,453354.1
E01012988,511569.8,447487.5
E01012989,502462.7,452240.4
E01012990,507730.7,471548.9
E01012991,505703.6,464438.8
E01012992,511532.9,462597.8
E01012993,473828.3,424520.0
E01012994,474195.1,424457.6
E01012995,474733.8,424323.1
E01012996,476041.5,425262.2
E01012997,474366.6,424029.7
E01012998,474840.0,424802.0
E01012999,474063.9,423762.5
E01013000,474887.9,423605.4
E01013001,473743.4,423731.7
E01013002,474627.8,422359.4
E01013003,475694.5,424338.3
E01013004,475028.9,423964.1
E01013005,502554.6,426257.0
E01013006,504028.2,426742
E01013007,502961.1,426568.0
E01013008,503691.3,426279.6
E01013009,503184.2,426003.3
E01013010,503953.3,427373.7
E01013011,503145.4,426826.8
E01013012,502186.5,426995.4
E01013013,503530.5,427186.1
E01013014,503617.5,426803.3
E01013015,475162.3,428365.7
E01013016,474083.0,427895.9
E01013017,474729.9,428403.3
E01013018,483349.7,429407.9
E01013019,490102.9,431107.7
E01013020,479496.6,429797.2
E01013021,483526.2,428914.1
E01013022,471441.0,436214.4
E01013023,480842.8,437954.1
E01013024,480421.1,438207.2
E01013025,489303.1,432408.9
E01013026,485238.7,430410.8
E01013027,509183.4,436977.4
E01013028,524774.5,431212.7
E01013029,524334.5,438534.8
E01013030,519234.0,434826.3
E01013031,516421.4,433088.5
E01013032,515994.4,433091.6
E01013033,522762.0,427843.8
E01013034,512803.1,442400.1
E01013035,514043.9,439279.9
E01013036,504051.5,439598.0
E01013037,504723.0,439665.0
E01013038,504063.3,439935.0
E01013039,505620.1,437824.7
E01013040,504561.7,439230.5
E01013041,503748.9,439210.2
E01013042,503197.9,438486.4
E01013043,503156.8,438029.6
E01013044,502617.2,437737.4
E01013045,504470.1,440052.8
E01013046,520159.1,448219.5
E01013047,520578.8,448399.6
E01013048,518824.4,448361.5
E01013049,520318.2,447581.4
E01013050,520432.7,446445.2
E01013051,520506.3,446783.6
E01013053,479692.1,449437.9
E01013054,480282.9,448426.8
E01013055,480493.3,449474.3
E01013056,480509.4,449017.6
E01013057,472140.2,449598.3
E01013058,477823.5,448984.7
E01013059,472972.7,451016.0
E01013060,471679.8,455551.0
E01013061,471309.4,455004.9
E01013062,503251.9,439640.6
E01013063,503084.2,439064.8
E01013064,503440.9,441275.0
E01013065,503999.9,440893.6
E01013066,502885.7,440847.2
E01013067,503345.4,440925.3
E01013068,502287.8,440894.3
E01013069,503736.2,440479.6
E01013070,502913.2,440187.5
E01013071,503672.1,440118.1
E01013072,468710.5,422536.0
E01013073,464661.0,421964.1
E01013074,471540.2,424057.0
E01013075,461508.3,419848.9
E01013076,477521.4,422231.6
E01013077,464039.6,421767.7
E01013078,529110.6,430417.0
E01013079,534348.6,425858.8
E01013080,533871.7,428342.3
E01013081,526283.4,424487.4
E01013082,533800.5,427689.6
E01013083,534393.9,427677.5
E01013084,534297.2,427278.6
E01013085,524788.0,425534.1
E01013086,531271.7,422460.0
E01013087,539186.5,419557.4
E01013088,499131.8,427105.0
E01013089,498699.9,425790.7
E01013090,498194.4,425804.6
E01013091,499429.8,428152.9
E01013092,495837.8,426817.2
E01013093,499968.8,428229.1
E01013094,518953.1,429779.2
E01013095,518900.2,428591.3
E01013096,518190.7,428585.7
E01013097,519670.7,428619.7
E01013098,519580.5,428174.5
E01013099,517828.6,427394.0
E01013100,520983.6,426217.0
E01013101,520498.7,426325.5
E01013102,519030.7,430469.0
E01013103,504709.9,429018.0
E01013104,505035.7,429215.1
E01013105,503424.6,429120.0
E01013106,504069.5,428714.9
E01013107,503636.5,428597.9
E01013108,502768.7,428691.7
E01013110,502635.3,430156.3
E01013111,503564.7,429894.3
E01013112,503326.0,430289.3
E01013113,502341.8,430645.3
E01013114,501554.7,429335.2
E01013115,503695.6,429531.3
E01013116,502038.2,429989.9
E01013117,502956.2,429654.2
E01013118,502131.6,429075.4
E01013119,482193.9,451988.6
E01013120,487598.2,442114.6
E01013121,488055.9,441127.5
E01013122,479545.0,442805.8
E01013123,487377.4,441576.7
E01013124,488035.8,441512.0
E01013125,492664.3,458499.9
E01013126,474377.3,454942.6
E01013127,474994.0,444113.0
E01013128,530216.6,408686.2
E01013129,530627.8,408659.4
E01013130,529597.2,408355.6
E01013131,530479.5,408372.8
E01013132,530444.5,407922.8
E01013133,530884.3,408258.5
E01013134,529938.5,407799.6
E01013135,529416.0,407864.8
E01013136,528316.4,410157.4
E01013138,528505.9,409885.9
E01013140,528240.1,409564.1
E01013141,528581.4,409425.7
E01013142,527949.0,409360.4
E01013143,528275.1,409083.3
E01013144,524287.2,409990.7
E01013145,523721.6,409649.6
E01013146,524040.5,410300.3
E01013147,524355.3,409754.2
E01013148,523123.6,409275.2
E01013149,523662.0,409137.5
E01013150,523331.0,408862.3
E01013151,531403.6,407323.0
E01013152,531058.4,407896.4
E01013153,531508.6,406410.8
E01013154,529703.8,407249.1
E01013155,530791.9,407360.8
E01013156,529907.9,406828.6
E01013157,530616.6,406304.9
E01013158,528649.4,408934.5
E01013159,527871.5,409070.2
E01013160,529112.5,408782.7
E01013161,527778.4,408619.5
E01013162,527647.8,408396.1
E01013163,528768.9,408104.8
E01013164,528095.9,408301.7
E01013165,527538.2,409086.6
E01013167,531689.5,405918.8
E01013170,528561.7,405331.4
E01013171,528027.1,404943.2
E01013172,528418.8,404620.6
E01013173,520046.3,411479.4
E01013174,518991.1,414353.8
E01013175,517042.8,414615.3
E01013176,518433.2,415082.1
E01013177,518762.6,414781.2
E01013178,517646.0,414674.4
E01013179,518336.6,414349.1
E01013180,517877.9,414109.2
E01013181,527312.4,408531.9
E01013182,526412.1,408293.9
E01013183,527358.0,408045.8
E01013184,526969.6,408662.9
E01013185,526660.9,406893.5
E01013186,526740.5,407715.4
E01013187,526541.3,408985.1
E01013188,525986.2,409000.8
E01013189,525791.6,405674.9
E01013191,526932.5,406110.6
E01013192,526379.6,405834.9
E01013193,526801.0,405417.2
E01013194,526102.7,405195.3
E01013195,529428.1,409588.2
E01013196,529053.9,409666.4
E01013197,528895.6,409350.2
E01013198,529896.8,409452.3
E01013199,530328.5,409104.4
E01013200,529717.7,409181.2
E01013201,529109.5,410075.5
E01013202,529591.3,409849.7
E01013203,528864.4,409846.8
E01013204,525774.7,407748.0
E01013205,526217.8,407613.0
E01013206,525075.3,407757.5
E01013207,524610.3,407815.2
E01013208,525831.1,407196.6
E01013209,524971.2,407225.0
E01013210,525440.4,407019.6
E01013211,525426.2,408426.7
E01013212,525174.6,408130.9
E01013213,526052.9,404058.8
E01013214,525417.2,403155.4
E01013215,526463.1,403814.1
E01013216,525127.0,403898.1
E01013217,525658.9,403652.9
E01013218,525879.6,410168.2
E01013219,525979.4,409597.4
E01013220,526206.0,409812.2
E01013221,526362.5,409493.5
E01013222,526516.7,409520.0
E01013224,521237.6,406866.3
E01013225,523439.3,403147.8
E01013226,521136.2,406368.0
E01013227,523918.1,407671.4
E01013228,523554.4,407941.9
E01013229,524249.2,408032.2
E01013231,525446.0,409440.1
E01013233,525648.0,409154.1
E01013234,525061.2,408687.9
E01013236,489444.3,408145.8
E01013237,490290.4,408166.6
E01013238,490467.8,408497.1
E01013239,489503.6,408494.3
E01013241,478591.4,403707.4
E01013242,477887.2,407389.0
E01013243,477511.5,404389.3
E01013244,477980.5,404340.2
E01013245,483488.1,410957.7
E01013246,483059.0,416739.9
E01013247,478456.0,411591.0
E01013248,477471.0,413051.6
E01013249,477046.2,412725.7
E01013250,476718.2,399628.9
E01013251,477169.7,400071.5
E01013252,474916.1,399738.0
E01013253,481059.8,400625.8
E01013254,503027.4,422407.9
E01013255,503469.7,422125.8
E01013256,502467.2,422350.6
E01013257,502535.9,421225.5
E01013258,502827.9,421675.1
E01013259,503869.9,421337.0
E01013260,488836.0,407482.6
E01013261,489335.9,407352.9
E01013262,490145.2,407421.5
E01013263,489718.0,407721.9
E01013264,488165.3,407363.0
E01013265,488748.1,406903.5
E01013266,489586.6,406760.9
E01013267,501536.5,413805.0
E01013268,498646.8,420221.2
E01013269,501927.6,408851.4
E01013270,505768.7,409843.3
E01013271,500267.6,407906.9
E01013272,499992.8,407210.5
E01013273,500815.5,407349.2
E01013274,496256.6,411159.2
E01013275,495805.1,409095.6
E01013276,496077.8,408801.5
E01013277,496264.4,409181.3
E01013278,487559.9,409214.2
E01013279,487489.5,409682.7
E01013280,487529.1,408704.7
E01013281,488031.8,408387.5
E01013282,488711.9,408329.9
E01013283,488017.6,408037.6
E01013284,488513.4,408030.2
E01013285,487812.2,409651.9
E01013286,486861.9,410878.6
E01013287,484181.2,410884.9
E01013288,492770.8,418854.7
E01013289,487251.3,412696.5
E01013290,487436.2,418245.4
E01013291,492113.4,418540.0
E01013292,492609.8,418355.7
E01013293,487167.0,417649.6
E01013294,492850.1,422164.5
E01013295,487664.5,411856.3
E01013296,488983.4,411851.3
E01013297,488959.7,412455.2
E01013298,488587.8,411653.6
E01013299,488275.3,411680.5
E01013300,489274.7,411865.3
E01013301,487542.4,411384.3
E01013302,487876.5,412395.7
E01013303,508413.4,423599.2
E01013304,510330.3,421569.7
E01013305,506927.5,421171.3
E01013306,511180.8,414991.3
E01013307,507234.1,421234.6
E01013308,514803.4,416376.5
E01013309,510426.7,414870.5
E01013310,490275.2,409803.5
E01013311,490533.0,409339.7
E01013312,489839.6,410664.9
E01013313,490044.4,410471.0
E01013314,489450.9,410250.9
E01013315,489912.8,409101.2
E01013316,488785.1,409358.9
E01013317,489358.5,409503.4
E01013318,489322.8,409014.4
E01013319,488414.2,408778.6
E01013320,490330.0,408944.4
E01013321,488769.4,409833.5
E01013322,493493.8,398858.8
E01013323,493929.8,398281.6
E01013324,489732.5,404668.8
E01013325,498145.4,403759.3
E01013326,496983.6,405319.6
E01013327,489378.2,404622.0
E01013328,489336.8,404137.0
E01013329,498021.4,402419.3
E01013330,489328.5,411418.5
E01013331,489788.4,411207.1
E01013332,488980.5,411272.5
E01013333,488535.1,410958.2
E01013334,487892.6,410921.3
E01013335,457270.7,452092.8
E01013336,457260.5,451671.3
E01013337,456780.2,452001.8
E01013338,457492.5,452579.6
E01013339,456949.3,452654.1
E01013340,458985.6,447619.1
E01013341,459455.5,447348.7
E01013342,458916.3,445550.8
E01013343,460365.1,453183.7
E01013344,459724.1,452609.2
E01013345,459883.5,453212.7
E01013346,459319.1,452998.1
E01013347,459799.3,453570.5
E01013348,460753.6,453292.5
E01013349,459481.2,453539.9
E01013350,460121.3,453739.5
E01013351,467382.5,452620.9
E01013352,466914.4,452538.1
E01013353,458034.5,449535.1
E01013354,456820.6,449103.1
E01013355,457752.1,449054.1
E01013356,457471.5,449495.9
E01013357,458746.6,449079.0
E01013358,458733.5,450190.2
E01013359,457983.8,449865.2
E01013360,461313.8,449759.8
E01013361,460676.7,450546.4
E01013362,460848.9,450087.7
E01013363,461463.4,451212.8
E01013364,460983.2,451050.0
E01013366,460172.3,452450.8
E01013368,460680.8,452864.9
E01013369,460664.5,452424.7
E01013370,460530.5,457972.6
E01013371,460280.4,457348.2
E01013372,460160.4,458310.9
E01013373,460875.9,457887.3
E01013374,460628.7,457285.1
E01013375,461528.7,458390.4
E01013376,460761.9,458561.7
E01013377,459609.6,458438.1
E01013378,462627.1,450365.0
E01013379,461945.4,452851.8
E01013380,461670.4,452551.3
E01013381,462422.4,452414.9
E01013382,461143.5,452958.1
E01013383,461296.2,452238.9
E01013384,462123.2,452186.7
E01013385,461580.4,453783.9
E01013386,461105.6,453732.8
E01013387,462149.1,453350.5
E01013388,462861.9,453394.0
E01013389,462838.8,452891.3
E01013390,458769.1,452390.9
E01013391,459001.5,451764.7
E01013392,457868.0,452240.4
E01013393,458226.3,451973.1
E01013394,457901.3,451766.7
E01013395,458541.8,451364.1
E01013396,458066.3,451284.8
E01013397,458730.3,450922.3
E01013398,462840.8,451481.0
E01013399,462065.3,451726.3
E01013400,461609.7,451429.6
E01013401,462507.3,451675.0
E01013402,463260.6,451007.7
E01013403,462159.7,451188.5
E01013404,460868.8,454955.7
E01013405,461465.9,454554.4
E01013406,461475.9,454167.5
E01013407,461511.8,455979.1
E01013408,461952.2,456519.4
E01013409,462035.5,455631.7
E01013410,460915.8,455539.1
E01013411,461535.2,455002.1
E01013412,459736.7,450288.4
E01013413,459992.7,450704.5
E01013414,459979.6,450197.9
E01013416,459891.0,451136.3
E01013417,459423.2,450996.4
E01013418,460251.8,450933.2
E01013419,463036.9,452044.9
E01013420,463677.6,451594.8
E01013421,454302.5,448783.8
E01013422,456515.4,453670.3
E01013423,456737.9,447351.1
E01013424,456394.1,446618.5
E01013425,456768.3,446854.0
E01013426,455628.8,454454.5
E01013427,456102.7,454591.8
E01013428,459282.1,453937.6
E01013429,458526.6,454963.9
E01013430,457080.4,456172.7
E01013431,459270.3,454482.5
E01013432,458005.3,454887.9
E01013433,458403.5,454436.6
E01013434,458575.4,453994.5
E01013435,458918.4,454040.5
E01013436,462462.6,458281.0
E01013437,465513.1,455881.5
E01013438,463143.0,460728.5
E01013439,463819.0,461069.8
E01013440,462927.8,459987.5
E01013441,457670.6,451210.4
E01013442,456726.3,451145.9
E01013443,457757.8,450422.0
E01013444,456391.5,451174.1
E01013445,457316.9,450982.0
E01013446,456793.6,450346.8
E01013447,457190.9,450485.0
E01013448,457198.4,449855.1
E01013449,456915.2,449796.5
E01013450,462682.9,445017.9
E01013451,469828.1,447750.4
E01013452,468105.6,445023.1
E01013453,434068.7,335852.8
E01013454,433999.6,335492.8
E01013455,433442.3,335379.0
E01013456,434653.8,335503.1
E01013457,434304.6,335302.2
E01013458,433912.3,334639.7
E01013459,434274.8,334455.8
E01013460,434529.8,335885.5
E01013461,435025.3,339637.6
E01013462,434173.2,339970.1
E01013463,435469.7,340107.8
E01013464,434054.4,339453.5
E01013465,433539.5,339447.1
E01013466,433592.1,338968.7
E01013467,434354.3,339067.7
E01013468,433626.0,338402.8
E01013469,434101.8,338533.3
E01013470,439018.9,333375.4
E01013471,437646.5,333806.6
E01013472,437342.1,333156.7
E01013473,438234.6,333504.6
E01013474,439357.5,332900.2
E01013475,437857.6,333153.9
E01013476,439675.9,332768.0
E01013477,438210.6,333754.1
E01013480,435161.0,335451.7
E01013481,435479.7,334880.7
E01013483,434915.8,335075.1
E01013484,435249.1,334772.7
E01013485,434903.7,334831.6
E01013486,435721.3,334505.3
E01013487,435573.1,334255.3
E01013488,433910.3,333194.8
E01013489,433396.9,333539.0
E01013490,432894.5,333490.8
E01013491,433882.3,333909.2
E01013492,433519.0,332786.0
E01013493,434123.8,332597.6
E01013494,433335.7,332269.0
E01013495,433811.3,332133.4
E01013496,439392.6,332305.9
E01013497,436889.8,332366.1
E01013498,438997.4,332268.7
E01013499,438009.6,332241.2
E01013500,438493.7,332262.7
E01013501,438687.8,332816.0
E01013502,438221.6,332868.2
E01013503,437755.9,332687.2
E01013504,437223.1,332605.2
E01013505,437983.1,337344.8
E01013506,438350.2,337203.7
E01013507,437827.0,336698.6
E01013508,438983.1,336880.3
E01013509,437795.7,336134.0
E01013510,438957.6,336459.2
E01013511,438662.0,336136.9
E01013512,438538.2,335782.5
E01013513,438228.9,337760.9
E01013514,438130.9,330554.7
E01013515,438052.9,329857.5
E01013517,436923.4,331784.6
E01013518,437482.3,331633.7
E01013519,438482.4,330748.4
E01013520,438049.1,331132.9
E01013521,437104.9,331303.6
E01013522,434247.4,336852.8
E01013523,435153.5,336927.0
E01013524,434653.8,336693.1
E01013525,435532.0,337393.2
E01013526,435047.2,338678.5
E01013527,434698.5,337873.0
E01013528,434729.3,337296.8
E01013529,434202.0,337599.6
E01013530,436753.5,338543.7
E01013531,436744.5,338277.5
E01013532,437100.6,338236.9
E01013533,437124.7,337492.2
E01013534,437677.3,337751.3
E01013535,436726.8,337201.9
E01013536,436536.7,337419.8
E01013537,437381.0,337229.3
E01013538,436861.8,336792.0
E01013539,432303.0,332804.6
E01013540,431415.9,333356.4
E01013541,431738.3,332864.7
E01013542,433101.0,334986.2
E01013543,432360.4,334757.7
E01013544,432243.8,333698.8
E01013545,432707.3,334245.4
E01013546,433466.0,334195.2
E01013547,433703.4,336637.0
E01013548,432899.3,336746.1
E01013549,431645.6,336660.1
E01013550,433306.1,336388.2
E01013551,433801.9,336354.7
E01013552,432382.2,336792.7
E01013553,431943.5,336942.1
E01013554,434173.3,336307.6
E01013555,432234.3,336222.2
E01013556,430180.8,335211.6
E01013557,431031.4,335252.7
E01013558,431719.0,335098.4
E01013559,430518.8,335078.1
E01013560,431258.6,334258.1
E01013561,431101.8,334746.5
E01013562,430648.0,334278.0
E01013563,430277.3,334438.4
E01013564,430727.5,335781.5
E01013565,434594.6,334515.8
E01013566,434866.3,334472.4
E01013567,435154.2,334211.5
E01013568,434750.5,334181.4
E01013569,435375.0,333731.8
E01013570,434886.5,333894.9
E01013571,435045.2,333529.7
E01013572,434305.7,333062.6
E01013573,434647.2,333047.9
E01013574,437794.1,339077.2
E01013575,437195.8,338855.8
E01013576,438997.3,338787.8
E01013577,438703.2,339034.8
E01013578,439291.4,339167.3
E01013579,438106.6,338654.9
E01013580,438651.9,338198.2
E01013581,437687.7,338273.2
E01013582,438137.5,338134.0
E01013583,436642.2,333071.9
E01013584,435183.3,332407.8
E01013585,434394.1,331975.6
E01013586,433946.8,331516.2
E01013587,434722.5,331710.5
E01013588,434227.2,331432.0
E01013589,434425.1,330607.4
E01013590,436017.8,333622.2
E01013591,436413.1,333703.3
E01013592,440408.5,336231.3
E01013593,440757.7,335982.8
E01013594,440386.0,336605.0
E01013595,439857.8,335466.9
E01013596,439874.4,336359.8
E01013597,440331.9,335574.3
E01013598,440665.5,335253.3
E01013599,440975.6,336699.0
E01013600,457698.1,308269.6
E01013601,457797.7,307787.1
E01013602,458280.3,308028.4
E01013603,458646.7,307404.4
E01013604,458149.2,307323.5
E01013605,458618.3,306933.8
E01013606,457792.3,306825.0
E01013608,457981.3,300479.7
E01013609,457056.0,300702.2
E01013610,457608.6,300383.2
E01013611,456814.3,299907.7
E01013612,457707.7,301259.9
E01013613,458331.1,301539.5
E01013614,458113.4,301071.3
E01013615,457219.7,309348.9
E01013616,456689.8,308767.4
E01013617,455743.6,307353.4
E01013618,456129.2,308520.9
E01013619,457136.4,307748.7
E01013620,457405.8,307426.4
E01013621,457264.2,307033.3
E01013622,456689.7,307193.4
E01013623,456602.7,306836.4
E01013624,460535.5,306483.7
E01013625,459613.5,306726.6
E01013626,459848.8,306618.1
E01013627,460243.9,306426.9
E01013628,459408.6,307054.8
E01013629,460066.8,307040.8
E01013630,459967.2,306833.3
E01013631,456394.8,302767.5
E01013632,455373.9,303147.1
E01013633,456701.3,302992.1
E01013634,456472.2,302398.1
E01013635,457187.5,302562.3
E01013636,456953.5,302094.1
E01013637,455996.9,303773.7
E01013638,454792.1,303579.2
E01013639,456385.7,303516.4
E01013640,455113.0,303553.2
E01013641,457068.4,303298.7
E01013642,459919.8,302410.3
E01013643,459494.1,302210.9
E01013648,458302.5,303314.4
E01013649,459902.5,302730.7
E01013650,459629.0,302473.6
E01013651,460994.6,305981.2
E01013652,461069.0,306229.1
E01013653,461492.7,305590.6
E01013654,460409.0,305320.0
E01013655,460797.5,305480.6
E01013656,460650.1,305144.2
E01013657,460455.4,304864.5
E01013658,460905.9,305148.1
E01013659,460646.9,304757.8
E01013660,461788.2,305058.2
E01013661,461911.7,304549.4
E01013662,461081.3,304601.5
E01013663,461460.9,304567.8
E01013664,462406.9,304484.4
E01013665,461328.9,305036.1
E01013666,463775.2,303895.4
E01013667,462725.2,304056.7
E01013668,462104.6,303419.8
E01013669,463515.6,303289.8
E01013670,462724.2,303166.3
E01013671,462768.9,304646.9
E01013672,463115.0,303899.6
E01013673,457819.2,299891.0
E01013674,457725.9,299428.7
E01013675,457309.9,299712.3
E01013676,457499.0,299094.2
E01013677,457373.5,298714.0
E01013678,458453.8,300005.4
E01013679,458960.1,300069.7
E01013680,457612.7,305756.0
E01013681,457727.6,305269.5
E01013682,457104.2,305086.5
E01013683,457509.9,304883.1
E01013684,457696.3,304618.2
E01013685,457146.1,306163.1
E01013686,457671.0,306133.3
E01013687,458202.8,301953.0
E01013688,458470.6,302043.4
E01013689,459267.6,302071.6
E01013690,459066.3,301535.1
E01013691,458679.9,300875.8
E01013692,458954.6,300556.6
E01013693,458431.2,300503.5
E01013694,463546.1,306237.4
E01013696,463060.3,306700.5
E01013698,463994.0,305756.8
E01013699,462281.0,305546.3
E01013700,463373.7,305659.0
E01013702,459823.6,301898.7
E01013703,460334.7,301362.1
E01013704,460794.4,301573.6
E01013705,459534.7,301192.1
E01013706,460965.7,301227.4
E01013707,460011.9,300934.8
E01013709,459498.6,300639.5
E01013710,460644.8,302649.7
E01013711,460540.4,302326.7
E01013712,460952.6,302127.8
E01013713,459691.4,306347.8
E01013714,459912.0,306224.8
E01013715,459336.7,306351.3
E01013717,460360.8,305968.6
E01013718,459905.2,305972.9
E01013719,459324.9,306013.0
E01013720,459642.2,305842.7
E01013721,456434.5,305891.8
E01013722,455620.7,306103.6
E01013723,456095.8,305847.2
E01013725,456986.8,305312.8
E01013726,456049.2,305449.8
E01013727,454844.0,305002.6
E01013728,456566,305189.2
E01013729,455103.3,304326.0
E01013730,454480.8,304755.5
E01013731,454387.1,304522.6
E01013732,461247.6,306644.0
E01013733,462049.7,307928.7
E01013734,460313.1,307990.2
E01013735,460910.1,308288.7
E01013736,461856.0,308194.6
E01013737,461308.8,308048.1
E01013738,459841.0,307424.6
E01013739,460675.6,307652.5
E01013740,460954.7,307355.0
E01013741,460786.9,306985.8
E01013742,460014.0,304678.0
E01013743,460272.5,304784.2
E01013744,460178.1,304512.5
E01013745,460344.8,304481.3
E01013746,459903.0,304470.7
E01013747,461016.1,304123.0
E01013748,459849.8,304204.2
E01013749,461529.3,304017.6
E01013750,460777.9,304188.3
E01013751,460233.8,304142.7
E01013752,460493.4,304024.8
E01013753,460139.7,303998.0
E01013754,459359.4,305288.8
E01013755,459507.4,305090.2
E01013756,460411.6,303264.2
E01013757,461467.1,302906.7
E01013758,460697.4,303464.6
E01013759,461080.4,302869.7
E01013760,459846.2,303793.5
E01013761,460203.3,303786.4
E01013762,460453.9,303678.6
E01013763,460045.4,303588.8
E01013764,461428.7,303398.5
E01013765,460270.7,303423.1
E01013766,461014.6,303268.5
E01013767,463756.1,304521.0
E01013768,463844.3,305254.6
E01013770,462979.1,305247.3
E01013771,462638.7,305134.9
E01013772,464366.4,304878.6
E01013773,463260.9,304883.8
E01013774,457674.9,303750.4
E01013776,457554.3,303418.4
E01013777,457373.0,302934.4
E01013779,457491.2,303895.6
E01013780,456502.5,304380.1
E01013781,457291.2,304379.9
E01013782,457126.7,304118.1
E01013783,456734.3,304032.2
E01013784,457199.9,303657.3
E01013785,456267.6,304786.4
E01013786,456980.3,304592.8
E01013787,483984.8,303341.5
E01013788,490997.6,314782.7
E01013789,491123.6,310746.1
E01013790,495509.6,317089.3
E01013791,498010.5,304557.5
E01013792,497976.4,303898.2
E01013793,484289.6,311067.3
E01013794,487959.8,297414.4
E01013795,489382.2,303105.0
E01013796,494954.8,308401.5
E01013797,493600.8,303400.1
E01013798,486375.5,309678.4
E01013799,485997.1,308904.2
E01013800,484933.4,308745.3
E01013803,485504.3,308211.0
E01013804,503752.4,310992.9
E01013805,500531.0,309308.5
E01013806,486472.9,299678.6
E01013807,486800.9,299947.9
E01013808,486227.3,300105.8
E01013809,482637.0,314302.7
E01013810,455370.7,341285.6
E01013811,455751.4,341237.6
E01013812,455642.4,341004.7
E01013813,456933.1,340615.1
E01013814,456066.8,340685.8
E01013815,456370.7,340765.4
E01013816,456599.8,340266.5
E01013817,452999.7,342683.5
E01013818,452531.9,342685.3
E01013819,454034.9,342691.9
E01013820,453658.0,342642.5
E01013821,453195.8,342426.0
E01013822,452671.2,342397.8
E01013823,453999.2,342192.5
E01013824,453423.3,342158.0
E01013825,453650.1,343134.7
E01013826,453135.5,343138.7
E01013827,455852.0,343659.8
E01013828,455467.8,343304.5
E01013829,454760.7,343591.2
E01013830,454372.7,343244.2
E01013831,453965.6,343762.8
E01013832,454909.4,342746.2
E01013833,454870.9,342355.6
E01013834,454953.9,344288.4
E01013835,455477.8,344090.6
E01013836,455072.9,343753.4
E01013837,456389.2,343097.6
E01013838,455959.3,343155.8
E01013839,455731.3,342530.9
E01013840,456386.8,342533.8
E01013841,456124.0,342229.0
E01013842,455793.8,341763.7
E01013843,456662.1,341897.2
E01013844,456367.5,341892.0
E01013845,456202.8,341706.9
E01013846,455971.0,341486.3
E01013847,456380.3,341606.2
E01013849,456261.4,345691.6
E01013850,456587.6,345463.5
E01013851,456089.9,345998.8
E01013852,456835.7,345764.7
E01013853,456806.0,345010.2
E01013854,456210.2,344930.0
E01013855,455510.6,344680.9
E01013856,456525.8,344453.9
E01013858,451546.5,341018.2
E01013859,453552.6,340774.5
E01013860,451658.2,340696.9
E01013861,452585.4,341032.5
E01013862,451015.3,340176.3
E01013863,451256.8,340085.0
E01013864,451640.5,342667.7
E01013865,451988.6,342292.3
E01013866,451879.2,341853.8
E01013867,452552.4,341813.7
E01013868,451991.4,341340.0
E01013870,456692.8,338502.1
E01013871,457347.9,338719.2
E01013872,457163.0,338401.4
E01013873,457496.4,338347.6
E01013874,457809.1,338212.1
E01013875,452767.9,344286.7
E01013876,453921.4,344189.4
E01013877,453788.2,344818.5
E01013878,453262.1,344638.2
E01013879,454470.2,346726.5
E01013880,453555.1,345686.6
E01013881,454232.8,346424.0
E01013882,453955.2,345735.0
E01013883,452781.3,345481.3
E01013884,452999.5,345203.9
E01013885,453774.9,345383.8
E01013886,454643.5,345520.9
E01013887,455766.8,346291.2
E01013888,454346.9,344955.0
E01013889,454919.6,344799.1
E01013890,454573.4,344932.7
E01013891,454331.6,344459.3
E01013892,455118.8,346440.7
E01013893,455619.4,345488.0
E01013894,455313.5,345963.6
E01013895,456392.2,335581.2
E01013896,455746.3,335442.2
E01013897,455330.7,334839.4
E01013898,454887.2,335295.1
E01013899,455794.3,334907.7
E01013900,455918.1,334529.4
E01013901,456677.7,337117.7
E01013902,456457.1,336253.4
E01013903,455386.3,335514.9
E01013904,454995.6,333755.8
E01013905,454684.8,334138.8
E01013906,455689.9,334031.4
E01013907,455232.8,334373.7
E01013908,454660.1,333508.8
E01013909,454273.0,334128.6
E01013910,455543.1,333628.0
E01013911,455211.8,333342.3
E01013912,454517.5,334627.1
E01013913,459658.2,340817.7
E01013914,460028.9,340834.3
E01013915,460444.5,340387.8
E01013916,459322.9,340592.2
E01013917,459253.6,339982.5
E01013918,458927.0,339950.7
E01013919,458721.0,339651.6
E01013920,458478.6,339531.1
E01013921,459044.5,339592.6
E01013928,455097.0,338272.1
E01013929,453452.7,341677.3
E01013930,455140.6,341545.7
E01013931,454172.5,341410.0
E01013932,454258.0,340901.6
E01013933,454622.0,340427.4
E01013934,454686.4,341984.7
E01013935,458459.7,343104.5
E01013936,458799.3,342377.4
E01013937,458056.5,342418.8
E01013938,457331.8,342071.7
E01013939,459146.7,341235.6
E01013940,458717.2,341951.8
E01013941,457159.5,341572.0
E01013942,458698.9,341477.4
E01013943,457565.6,341489.8
E01013944,455176.4,340931.0
E01013945,455474.0,340730.5
E01013947,455349.0,340466.6
E01013948,455746.4,340590.1
E01013953,455439.7,339722.0
E01013954,458521.3,340494.5
E01013957,458535.9,340080.3
E01013958,457652.1,341115.1
E01013959,458260.2,341212.9
E01013960,458287.5,340880.9
E01013961,457233.8,340862.8
E01013962,458852.5,340923.8
E01013963,457556.7,344607.7
E01013964,457197.6,344412.1
E01013965,457544.0,343834.8
E01013966,457159.7,343567.7
E01013967,456823.3,343354.9
E01013968,457883.0,343053.7
E01013969,457326.2,342999.1
E01013970,456926.8,342931.9
E01013971,457232.5,342700.7
E01013972,456905.7,342354.4
E01013977,453292.5,340271.6
E01013978,453824.9,340363.5
E01013979,453884.3,340086.2
E01013980,452025.5,339961.4
E01013981,452643.8,340123.4
E01013982,452227.0,339137.5
E01013983,451298.2,339554.8
E01013984,451434.3,339218.5
E01013985,451895.7,338858.0
E01013986,351449.5,240890.9
E01013987,351902.1,241178.3
E01013988,352119.1,240234.6
E01013989,351305.7,241355.2
E01013990,356913.0,236507.3
E01013991,360008.1,240454.7
E01013992,349370.4,237912.0
E01013993,349750.6,237944.5
E01013994,349973.6,238956.9
E01013995,349844.4,238376.8
E01013996,349455.6,238628.2
E01013997,348966.5,238374.9
E01013998,349007.9,267258.5
E01013999,344475.5,261682.9
E01014000,364724.9,258785.5
E01014001,370262.7,256381.3
E01014002,364994.1,254254.4
E01014003,364713.3,254719.3
E01014004,360257.3,250161.7
E01014005,365289.3,254735.9
E01014006,347608.5,244528.7
E01014008,334079.6,248174.0
E01014009,329917.3,249934.7
E01014010,351151.7,240089.5
E01014011,351543.1,239716.5
E01014012,346586.7,241645.3
E01014013,345091.8,243339.6
E01014014,364401.5,241619.0
E01014015,366211.9,248345.0
E01014016,340469.3,251599.2
E01014017,342678.3,256022.2
E01014018,327445.1,243419.8
E01014019,334697.8,238713.9
E01014020,332974.5,231788.2
E01014021,338910.9,228670.3
E01014022,356079.3,241256.7
E01014023,356345.4,243068.1
E01014024,355164.7,257142.8
E01014025,354201.3,251058.6
E01014026,353203.6,234927.9
E01014027,370174.3,242637.2
E01014028,375597.9,243568.3
E01014029,375312.8,242197.8
E01014030,373199.2,247277.6
E01014031,355131.2,217440.7
E01014032,359350.7,220448.0
E01014033,329882.8,256495.9
E01014034,329644.7,256752.7
E01014035,370632.8,237654.0
E01014036,371228.7,237177.7
E01014037,370845.9,237148.9
E01014038,370625.4,236987.5
E01014039,370374.5,238240.7
E01014040,370837.1,238240.5
E01014041,349305.1,259314.1
E01014042,349553.9,259723.0
E01014043,348332.1,258898.8
E01014044,347825.3,258743.7
E01014045,349919.8,258285.6
E01014046,348828.5,258627.5
E01014047,349345.7,258656.4
E01014048,349742.9,258960.7
E01014049,357547.8,224909.5
E01014050,352651.9,219832.5
E01014051,340882.7,272085.2
E01014052,339476.3,267431.2
E01014053,361167.3,227859.5
E01014054,363542.5,233779.8
E01014055,339472.4,261534.6
E01014056,333881.2,256380.2
E01014057,365004.1,223606.5
E01014058,366162.6,222085.0
E01014059,349236.2,224896.5
E01014060,350338.4,230858.8
E01014061,360692.1,224839.8
E01014062,360276.6,224139.3
E01014063,359748.7,222994.4
E01014064,360094.8,224779.2
E01014065,359844.8,225025.3
E01014066,359725.5,223843.8
E01014067,359314.9,223150.2
E01014068,351240.7,238598.0
E01014069,351881.0,238153.9
E01014070,350750.4,238388.9
E01014071,350244.7,238632.4
E01014072,350524.2,237958.1
E01014073,351295.3,238102.7
E01014074,350794.3,239020.6
E01014075,349954.0,239831.4
E01014076,350144.2,240066.7
E01014077,348787.9,240668.3
E01014078,349359.7,240393.9
E01014079,341883.4,238714.2
E01014080,345078.9,237567.0
E01014081,353375.5,245772.1
E01014082,351416.0,246794.6
E01014083,348787.4,241157.6
E01014084,350379.2,241095.9
E01014085,349456.7,240851.7
E01014086,350677.9,240489.2
E01014087,349292.0,241880.6
E01014088,349677.2,242057.6
E01014089,349539.8,241466.4
E01014090,353130.5,239610.7
E01014091,352559.7,239687.5
E01014092,351835.1,239537.5
E01014093,353521.7,239356.5
E01014094,353011.5,240358.8
E01014095,352675.5,240539.0
E01014096,353125.3,267601.8
E01014097,349519.8,262639.8
E01014098,342441.4,235921.5
E01014099,346097.7,232125.2
E01014100,348849.7,248292.5
E01014101,342028.7,245531.3
E01014102,366044.2,313188.4
E01014103,365864.4,312541.3
E01014104,366264.4,310648.1
E01014105,366029.9,310882.6
E01014106,369843.8,306086.7
E01014107,370068.4,306394.3
E01014108,370271.5,305958.3
E01014109,370564.3,305921.4
E01014110,369986.9,305687.6
E01014111,372699.0,315468.8
E01014112,374528.3,317829.3
E01014113,365822.1,311317.3
E01014114,365362.8,312000.2
E01014115,370471.9,303670.1
E01014116,370431.0,304266.7
E01014117,370059.0,303343.7
E01014118,370137.7,303787.9
E01014119,369068.1,306781.9
E01014120,368328.7,307027.6
E01014121,368516.3,306292.8
E01014122,369298.8,305838.8
E01014123,368897.7,305719.3
E01014124,368310.4,307750.1
E01014125,370185.6,313122.4
E01014126,370520.6,313139.0
E01014127,370832.9,313314.5
E01014128,370570.2,314165.8
E01014129,364413.0,312604.1
E01014130,364947.6,312899.9
E01014131,370823.8,320513.9
E01014132,372424.3,319674.2
E01014133,364989.3,310975.4
E01014134,364267.7,310679.7
E01014135,363781.9,319228.9
E01014136,359319.4,317702.1
E01014137,367086.2,313056.9
E01014138,366616.0,312905.0
E01014139,366862.8,312052.6
E01014140,366329.1,312162.9
E01014142,366725.1,311732.6
E01014143,367280.7,311937.8
E01014144,364263.5,311662.0
E01014145,364813.0,311476.5
E01014148,367812.0,303452.7
E01014149,366894.8,304428.6
E01014150,368930.0,310264.3
E01014151,369620.6,310105.7
E01014152,369093.9,311461.0
E01014153,369375.4,310793.7
E01014154,367962.7,310688.8
E01014155,367611.8,311178.1
E01014157,368485.9,309803.2
E01014158,368399.8,308957.4
E01014159,369130.5,304262.0
E01014160,369240.1,303881.2
E01014161,368327.6,303877.8
E01014162,369817.6,304566.1
E01014163,369351.1,307906.9
E01014164,368906.4,307686.7
E01014165,369195.3,308469.8
E01014166,368641.6,308336.9
E01014167,371873.9,313574.7
E01014168,371141.5,313976.2
E01014169,371068.2,312892.3
E01014170,371570.4,314226.0
E01014171,374875.3,319376.5
E01014172,375276.5,319562.3
E01014173,374171.6,319413.7
E01014174,374713.2,320114.5
E01014175,375354.8,319064.9
E01014176,374669.0,318413.7
E01014177,374094.2,318517.2
E01014178,374456.1,318956.9
E01014179,364237.1,312266.9
E01014180,364746.3,312301.1
E01014181,372046.1,310552.7
E01014182,371741.1,310088.0
E01014183,370919.0,310000.4
E01014184,371024.6,311461.8
E01014185,370434.0,310470.3
E01014186,370652.1,310931.1
E01014187,370350.3,311700.5
E01014188,370218.2,311136.5
E01014189,364202.3,313819.3
E01014190,364026.1,313439.1
E01014191,370428.6,308666.0
E01014192,370877.1,308435.7
E01014193,370710.1,306925.8
E01014194,370681.0,307552.9
E01014195,370437.4,307265.9
E01014196,370979.9,306657.3
E01014197,368738.8,304610.3
E01014198,368415.5,304767.7
E01014199,367784.0,304572.9
E01014200,368076.5,304373.4
E01014201,368851.9,304931.4
E01014202,364205.4,311243.4
E01014203,363209.2,312909.6
E01014204,362303.7,314106.2
E01014205,369232.3,312751.1
E01014206,369594.6,313014.6
E01014207,368936.8,312549.4
E01014208,369953.1,312679.6
E01014209,369327.4,312120.8
E01014210,390537.3,348560.7
E01014211,390936.8,348693.3
E01014212,390981.1,348167.6
E01014213,390425.2,347946.5
E01014214,391363.9,351244.7
E01014215,391049.8,350973.3
E01014216,391020.2,350407.6
E01014217,390845.3,349193.4
E01014218,390950.2,347260.2
E01014219,390468.5,347335.1
E01014220,391672.2,346609.8
E01014221,390982.0,346690.0
E01014222,391485.1,346307.3
E01014223,392104.8,345693.5
E01014224,391693.3,345799.8
E01014225,391340.4,347506.0
E01014226,390635.7,346491.9
E01014228,390052.8,346600.2
E01014229,391657.0,345480.5
E01014230,390121.1,347256.9
E01014233,390083.0,342322.5
E01014234,389235.1,342809.6
E01014235,389699.0,341672.6
E01014237,389330.3,341621.4
E01014238,389745.9,341028.8
E01014239,389402.1,343446.7
E01014240,389262.3,343109.5
E01014241,386885.2,352336.0
E01014242,387065.7,351650.3
E01014243,387438.5,351274.9
E01014244,387008.9,351049.1
E01014245,387617.8,350621.5
E01014246,388255.4,350509.3
E01014247,387207.5,350298.5
E01014248,387777.1,350259.2
E01014249,387544.6,349155.8
E01014250,386189.0,349560.8
E01014252,386414.2,350309.9
E01014253,388452.0,349302.7
E01014254,387606.2,348537.2
E01014255,387153.1,348855.1
E01014256,387881.0,348357.5
E01014257,387644.0,353621.0
E01014258,386434.8,353589.8
E01014259,386747.7,352931.6
E01014260,387382.3,353098.4
E01014261,387684.6,352661.4
E01014262,387387.3,352371.2
E01014263,388091.1,352289.5
E01014264,386771.6,354357.0
E01014265,390457.4,350670.8
E01014266,388443.5,350096.2
E01014267,389862.5,350344.2
E01014268,388949.4,350596.1
E01014269,389512.0,349509.8
E01014270,388766.9,349611.0
E01014271,389171.4,349717.0
E01014272,390744.0,351106.5
E01014273,390451.2,344132.1
E01014274,389697.2,344666.3
E01014275,389209.6,344904.0
E01014276,388863.9,344543.1
E01014277,388416.2,344203.4
E01014278,390674.6,344375.1
E01014279,389313.0,343973.4
E01014280,390614.4,344792.5
E01014281,387779.7,346579.8
E01014282,388328.5,346008.1
E01014283,387850.8,346053.0
E01014284,388201.6,345924.0
E01014285,387126.8,347094.2
E01014286,387642.7,346893.9
E01014287,388338.2,346847.0
E01014288,386004.9,346336.8
E01014289,385968.7,345862.3
E01014290,386345.3,345823.8
E01014291,386540.6,346212.6
E01014292,387031.2,345399.2
E01014293,387344.4,345497.9
E01014294,386288.4,345038.4
E01014295,386990.0,344822.8
E01014296,391613.5,344593.3
E01014297,391003.6,344762.7
E01014298,391171.9,344365.5
E01014299,391745.3,343777.1
E01014300,391484.6,344101.2
E01014301,392121.3,343950.5
E01014302,391345.0,343630.0
E01014303,392052.2,343463.8
E01014304,392376.6,343091.0
E01014305,391691.4,342512.5
E01014306,391225.9,342683.9
E01014307,391952.3,342509.3
E01014308,389917.1,342825.8
E01014309,391005.5,342310.1
E01014310,391838.4,341929.3
E01014311,390586.6,342768.5
E01014312,391362.4,342200.8
E01014313,390330.3,343309.3
E01014314,392402.7,341586.1
E01014315,394183.0,341316.9
E01014316,392965.1,341907.7
E01014317,393149.0,341623.2
E01014318,393558.7,341165.3
E01014319,392906.6,341104.2
E01014320,393422.4,340798.8
E01014321,393067.5,342573.6
E01014322,392625.1,342213.5
E01014323,388862.1,348640.2
E01014324,389018.3,349047.9
E01014325,389897.6,348523.0
E01014326,389580.9,348651.1
E01014327,389121.0,348527.7
E01014328,388947.7,347841.6
E01014329,389199.5,348136.4
E01014330,388656.4,348038.5
E01014331,389010.2,351481.5
E01014332,389426.2,351070.5
E01014333,388098.9,351494.1
E01014334,388097.4,351074.4
E01014335,389813.8,351988.9
E01014336,388953.9,351853.9
E01014337,388978.5,352620.0
E01014338,386924.7,344153.7
E01014339,387759.4,344541.6
E01014340,387343.3,344343.8
E01014341,386223.9,344269.4
E01014342,386491.0,343786.5
E01014343,386869.5,343667.8
E01014344,386274.9,343166.9
E01014345,387508.8,344961.6
E01014346,386778.5,342139.4
E01014347,387957.2,341559.2
E01014348,386800.5,341528.7
E01014349,387269.9,341163.7
E01014350,387860.5,341200.6
E01014351,388177.6,340775.6
E01014352,388087.0,340253.9
E01014353,387033.9,342321.2
E01014354,385654.1,351473.0
E01014355,386202.0,351574.8
E01014356,386241.0,350903.6
E01014357,385301.1,353316.8
E01014358,385364.6,352831.5
E01014359,386188.0,352079.5
E01014360,385873.6,352708.7
E01014361,385761.2,351767.6
E01014362,392559.5,343996.4
E01014363,393728.8,343831.1
E01014364,393117.6,343354.1
E01014365,393401.7,343590.7
E01014366,393805.0,343004.3
E01014367,393773.2,342600.6
E01014368,393516.1,342389.0
E01014369,393761.7,344306.6
E01014370,375103.0,165092.3
E01014371,375439.5,165074.2
E01014372,374856.8,165366.2
E01014373,377977.4,167859.4
E01014374,378547.9,166890.1
E01014375,374866.4,168320.6
E01014376,378876.8,167275.1
E01014377,377546.9,166000.3
E01014380,377290.5,164650.3
E01014381,375876.4,164948.9
E01014382,357073.0,162804.6
E01014383,353494.2,157868.4
E01014384,358635.8,159608.0
E01014385,361146.0,161696.9
E01014386,362256.7,159218.7
E01014387,375154.4,162382.8
E01014388,376266.7,162521.3
E01014389,375705.4,162504.3
E01014390,375063.6,162730.9
E01014391,366122.8,160680.4
E01014392,366537.3,165331.6
E01014393,364503.0,158496.5
E01014394,363415.6,156179.4
E01014395,366143.7,166909.3
E01014396,365981.7,168351.9
E01014397,365998.9,167609.6
E01014398,366404.9,167676.6
E01014399,364609.9,168181.3
E01014400,365270.6,168817.0
E01014401,364757.1,168401.3
E01014403,365338.4,168144.7
E01014404,365060.9,167705.1
E01014405,373440.2,165287.5
E01014407,374657.9,164712.3
E01014409,375984.6,166825.4
E01014410,375378.8,166612.3
E01014411,376407.6,166815.6
E01014412,375002.4,166068.8
E01014413,374356.4,166715.3
E01014414,374749.0,165651.9
E01014415,374708.8,163784.1
E01014416,374393.2,162326.7
E01014417,374385.3,163369.4
E01014418,356706.3,156165.4
E01014419,362323.1,158064.0
E01014420,366901.7,154872.0
E01014421,366266.2,154922.8
E01014422,365815.0,154875.0
E01014423,366644.8,154424.0
E01014424,366650.7,153165.9
E01014425,365880.0,153772.8
E01014426,365583.8,154040.1
E01014427,372890.1,165088.4
E01014428,372889.6,165579.7
E01014429,372468.4,165251.4
E01014430,372425.2,165955.1
E01014431,373487.6,162449.4
E01014432,373635.7,162054.4
E01014433,373878.6,161727.3
E01014434,373208.5,162797.6
E01014435,373807.8,164254.0
E01014436,373902.4,164005.4
E01014437,373792.1,163544.6
E01014438,373354.4,163418.7
E01014439,365279.0,155962.4
E01014440,364815.7,156606.6
E01014441,365377.0,156687.0
E01014442,371046.6,157643.7
E01014443,370324.4,157642.2
E01014444,370768.1,157212.2
E01014445,370285.4,157204.9
E01014446,362011.3,163675.3
E01014447,361492.8,167494.9
E01014448,368602.7,155587.4
E01014449,369335.9,155138.9
E01014450,370062.0,154642.9
E01014451,369080.8,154460.7
E01014452,368098.4,167290.3
E01014453,368415.8,166741.7
E01014454,367612.3,167056.1
E01014455,372583.0,163614.9
E01014456,372813.8,163273.2
E01014457,372953.9,163915.5
E01014458,372217.5,163864.0
E01014459,366864.0,158607.2
E01014460,366869.9,159118.6
E01014461,372728.8,164261.2
E01014462,371879.1,164233.8
E01014463,371925.2,164776.1
E01014464,372511.1,164654.7
E01014465,375536.6,166311.3
E01014466,375343.5,165940.7
E01014467,375940.5,166103.9
E01014468,375512.3,165673.7
E01014469,367666.4,154230.6
E01014470,367697.9,153943.8
E01014471,368147.4,154439.2
E01014472,366912.8,153784.0
E01014473,373442.1,164286.1
E01014474,373063.3,164537.1
E01014476,373277.1,163789.5
E01014477,372411.8,167178.0
E01014478,372797.0,166810.1
E01014479,373368.8,166179.2
E01014480,372791.9,166463.6
E01014481,374715.3,164248.2
E01014482,375750.5,163938.3
E01014483,375530.0,164260.3
E01014484,374122.8,164452.0
E01014485,360245.3,174708.3
E01014486,359864.4,174272.9
E01014487,359247.8,174707.2
E01014488,359662.6,174543.4
E01014489,359309.7,174271.9
E01014491,359671.8,175038.8
E01014492,353203.8,177050.6
E01014493,352650.8,177042.3
E01014494,352873.8,176567.9
E01014495,353233.4,176605.4
E01014496,351717.8,178067.9
E01014497,353769.6,177598.8
E01014498,353296.2,177579.5
E01014499,352470.4,177443.2
E01014500,357848.5,170623.5
E01014501,356601.2,170538.3
E01014502,358227.1,170676.4
E01014504,357589.5,171069.3
E01014505,357770.2,171212.7
E01014506,357269.4,170912.9
E01014507,359490.7,176013.8
E01014508,359349.3,175708.3
E01014509,359796.6,175722.7
E01014510,359679.8,176364.5
E01014511,358925.1,175690.4
E01014512,359257.2,175400.9
E01014513,358655.9,175813.7
E01014514,359146.0,176135.3
E01014515,356616.9,168148.9
E01014516,356658.2,167691.9
E01014517,356270.7,167609.4
E01014518,357550.2,170089.9
E01014519,357315.9,169641.5
E01014520,356580.5,169285.4
E01014521,356988.5,169057.0
E01014522,356617.2,168683.8
E01014523,362269.7,171484.6
E01014524,362669.6,171522.2
E01014525,361894.0,171085.9
E01014526,363090.4,171083.1
E01014527,362022.6,170804.7
E01014528,362040.3,172625.0
E01014529,362446.0,172625.5
E01014530,362662.0,172415.3
E01014531,361410.7,171563.0
E01014532,361653.2,171662.9
E01014533,361527.9,171019.0
E01014534,361165.9,171059.6
E01014535,361761.4,170386.4
E01014536,362069.7,170053.0
E01014537,361801.6,172004.8
E01014538,358160.3,173743.1
E01014539,358660.6,173892.1
E01014544,356833.2,173644.5
E01014545,357114.5,173510.1
E01014546,357120.0,173020.8
E01014547,356836.4,172946.1
E01014548,356921.7,172632.0
E01014549,357673.8,172727.8
E01014550,357304.7,172536.3
E01014551,357587.9,173603.4
E01014552,357450.4,173944.4
E01014553,357477.3,174328.3
E01014554,357477.7,173345.7
E01014555,357562.5,173071.8
E01014556,357213.3,174507.5
E01014557,358279.9,174148.6
E01014558,357924.3,174094.9
E01014559,357659.2,174727.0
E01014560,357852.8,174458.2
E01014561,358495.5,174431.5
E01014562,358124.4,174445.0
E01014563,358871.9,174383.6
E01014564,361173.8,173969.2
E01014565,361356.4,173687.7
E01014566,361484.4,173465.3
E01014567,361265.9,173201.3
E01014568,360982.4,174325.6
E01014569,361166.1,174565.7
E01014570,361429.8,174270.2
E01014571,362315.5,175971.1
E01014572,362561.8,175426.0
E01014573,362177.4,175251.9
E01014574,361244.0,174942.8
E01014575,361723.2,175089.1
E01014576,362124.9,174438.6
E01014577,361753.7,176346.6
E01014578,359386.9,170488.8
E01014579,358560.9,169771.0
E01014580,358683.4,169172.3
E01014581,359176.0,169520.8
E01014582,359060.3,169737.8
E01014583,359724.1,169546.4
E01014584,358924.0,170168.7
E01014585,359604.6,169945.8
E01014586,363300.0,177199.6
E01014587,362598.6,176729.2
E01014588,363047.8,176025.2
E01014589,363976.3,176647.8
E01014590,363424.2,176039.5
E01014591,364224.7,176467.9
E01014592,363775.4,176144.0
E01014593,358328.5,168188.4
E01014594,357710.9,168319.6
E01014595,357239.3,167854.5
E01014596,357801.6,167814.2
E01014597,357207.0,167553.8
E01014598,358001.1,168967.0
E01014599,357551.8,169121.3
E01014600,357218.7,168486.3
E01014601,357453.6,179296.3
E01014602,356491.6,179416.3
E01014603,358032.4,179295.0
E01014605,356997.9,179258.6
E01014607,359970.5,168742.3
E01014608,360420.2,168819.9
E01014609,360090.5,169268.4
E01014610,360928.2,168364.3
E01014611,360380.5,167831.2
E01014612,360740.7,168018.9
E01014613,360686.6,169715.9
E01014614,360692.6,169313.1
E01014615,358333.6,176484.4
E01014616,357603.9,176628.4
E01014617,358609.1,176924.6
E01014618,358022.3,176936.4
E01014619,357460.1,175886.1
E01014620,357902.8,176065.5
E01014621,357731.1,175701.3
E01014622,363603.7,175058.1
E01014623,363209.7,175055.9
E01014624,364101.2,174855.1
E01014626,362845.1,174541.2
E01014627,363961.9,174492.0
E01014629,364045.5,175385.2
E01014630,360174.3,177839.6
E01014631,359271.7,178006.7
E01014632,359460.5,177521.9
E01014633,358626.6,177434.5
E01014634,359958.1,177451.2
E01014635,359682.2,177086.1
E01014636,359071.0,177022.9
E01014637,359340.5,176583.9
E01014638,354290.3,178177.8
E01014639,355010.4,178482.4
E01014640,354918.6,178689.6
E01014641,355346.4,177411.1
E01014642,354997.7,177550.3
E01014643,355088.1,176458.3
E01014644,355050.6,177014.1
E01014645,360785.5,170255.5
E01014646,360355.4,170305.3
E01014647,360056.0,169978.9
E01014648,360622.9,171059.7
E01014649,360258.0,171065.4
E01014650,359912.0,170613.3
E01014651,360903.5,170821.7
E01014653,360591.1,173794.8
E01014654,360225.7,173889.9
E01014655,360610.1,174167.1
E01014658,361026.6,172983.0
E01014659,360467.4,177679.9
E01014660,361063.2,177297.8
E01014661,360381.0,177122.9
E01014662,360110.7,176660.9
E01014663,360738.3,176641.5
E01014664,360362.0,175900.1
E01014665,360812.9,175387.3
E01014666,358296.4,175617.1
E01014667,357925.6,175501.2
E01014668,358875.3,175184.3
E01014669,358326.3,174875.1
E01014670,358719.3,174940.0
E01014671,359059.1,174935.5
E01014672,357618.4,175135.4
E01014673,364353.2,174029.3
E01014674,363683.4,174153.4
E01014675,363903.6,173874.5
E01014676,363776.3,173462.9
E01014677,362984.0,172884.9
E01014678,363389.4,173178.8
E01014679,363769.4,172796.7
E01014680,363400.5,172614.2
E01014681,361763.5,173632.3
E01014682,362890.7,173723.6
E01014683,362555.9,173632.2
E01014684,362124.7,173461.3
E01014685,363155.1,174125.2
E01014686,362489.6,174028.9
E01014687,363314.8,173682.0
E01014688,358611.8,178005.0
E01014689,358434.4,178345.5
E01014690,358660.6,178767.6
E01014691,357745.5,178190.9
E01014692,359012.2,178465.1
E01014693,358792.3,179492.0
E01014694,358055.5,178755.5
E01014695,357107.2,171668.4
E01014696,357810.4,171685.6
E01014698,358103.9,171672.6
E01014699,357602.7,171894.1
E01014700,357365.6,171429.2
E01014701,358066.0,171974.2
E01014702,362714.2,168593.0
E01014703,361781.5,169041.9
E01014704,361384.3,168643.9
E01014705,362238.5,168633.1
E01014706,361729.6,168188.3
E01014707,362349.2,168123.6
E01014708,361229.6,169458.5
E01014709,355848.9,175247.0
E01014710,356414.3,175187.0
E01014711,355736.8,176807.6
E01014712,355932.6,176141.0
E01014713,355335.1,175817.2
E01014714,356598.2,175832.9
E01014715,356802.2,176926.4
E01014716,356215.8,177007.5
E01014717,356821.7,176373.5
E01014718,357004.6,178063.5
E01014719,357164.6,177199.2
E01014720,358063.1,177503.6
E01014721,357390.5,177490.7
E01014722,360082.7,167412.1
E01014723,359749.3,167567.8
E01014725,360370.3,167212.1
E01014726,358126.3,167448.3
E01014727,358482.4,167250.7
E01014729,358669.4,170592.3
E01014730,359984.8,171578.2
E01014731,359675.0,171665.6
E01014732,360286.1,171436.3
E01014733,358741.0,171148.9
E01014734,359109.3,171208.3
E01014735,359633.4,171214.3
E01014736,359067.6,170937.0
E01014737,348610.4,168528.5
E01014738,348112.8,168974.0
E01014739,348369.7,168074.5
E01014740,351083.9,169352.5
E01014741,341859.5,157443.3
E01014742,342343.7,157624.7
E01014744,338665.3,159336.3
E01014745,342182.1,159464.6
E01014746,339467.9,159121.0
E01014747,350075.2,158904.0
E01014748,345575.8,160539.5
E01014749,345014.2,160134.3
E01014750,340546.4,171110.5
E01014751,340911.5,170814.6
E01014752,341643.3,171477.0
E01014753,341313.9,171100.9
E01014754,340487.4,171853.7
E01014755,340350.5,171504.3
E01014756,340955.7,170263.9
E01014757,341345.6,170448.9
E01014758,341147.2,172514.3
E01014759,340988.2,171922.5
E01014760,339834.3,170752.9
E01014761,339658.7,170155.4
E01014762,340215.3,170027.8
E01014763,340553.4,170366.7
E01014764,344165.3,164049.2
E01014765,343861.9,163265.5
E01014766,354709.9,173526.0
E01014767,351688.1,175768.5
E01014770,335769.6,159689.6
E01014771,334946.7,158838.4
E01014772,334011.7,157039.3
E01014773,336434.5,164398.7
E01014774,333580.6,163716.9
E01014775,348426.1,170397.6
E01014776,348119.8,170086.6
E01014777,346968.2,170007.6
E01014778,347492.0,169977.7
E01014779,348036.0,170849.7
E01014780,347531.1,171137.6
E01014781,346735.7,170718.7
E01014782,346508.0,170931.9
E01014783,346089.5,170290.2
E01014784,346999.9,170358.9
E01014785,346183.7,169739.1
E01014786,352286.6,175998.7
E01014787,352600.0,175611.3
E01014789,344933.7,176378.8
E01014790,346754.5,177025.2
E01014792,347018.5,175784.4
E01014793,344525.2,175424.4
E01014794,344059.0,175533.7
E01014795,346160.1,176140.2
E01014796,346326.7,175411.6
E01014797,345718.6,176186.1
E01014798,345098.7,175909.1
E01014799,332659.3,161396.1
E01014800,332285.7,161492.3
E01014801,331958.2,161061.2
E01014802,332141.0,160685.7
E01014803,331884.5,158594.4
E01014804,331843.5,159673.2
E01014805,333057.5,158166.4
E01014806,331914.9,160165.9
E01014807,332279.2,160183.3
E01014808,332395.2,159684.7
E01014809,333184.0,161229.3
E01014811,333289.5,161548.2
E01014812,334560.3,161747.9
E01014813,333927.3,161740.8
E01014815,333947.9,162327.8
E01014816,334574.2,162295.3
E01014817,335562.5,163005.2
E01014818,333624.5,162857.0
E01014819,334666.7,162710.3
E01014820,335368.2,162638.8
E01014821,336595.3,164018.7
E01014822,336102.6,163971.8
E01014823,336836.9,163668.1
E01014824,335538.2,163446.5
E01014825,335857.1,163535.6
E01014826,336558.8,163517.5
E01014827,336302.4,163277.7
E01014828,333338.4,158701.2
E01014829,333195.1,160315.0
E01014830,332558.2,160436.9
E01014831,332761.9,159889.6
E01014832,333201.9,159766.2
E01014833,332869.0,159361.6
E01014834,332898.6,158783.4
E01014835,336213.5,162878.5
E01014836,336068.6,162487.9
E01014838,335610.6,162091.0
E01014839,336179.2,161969.6
E01014840,335187.5,161911.3
E01014841,331212.4,162217.2
E01014842,331554.1,162099.0
E01014843,332325.2,162140.5
E01014844,332010.6,161826.3
E01014845,333291.5,162129.8
E01014846,332795.1,161842.9
E01014847,354573.6,165842.4
E01014848,352553.3,165435.0
E01014849,352673.3,171174.9
E01014850,354715.5,170514.8
E01014851,353650.7,170063.1
E01014852,348592.9,171033.8
E01014853,346971.1,162638.2
E01014854,349511.8,163220.8
E01014855,344675.1,165838.0
E01014856,342467.9,166465.2
E01014857,343068.5,165774.6
E01014858,342039.3,166485.6
E01014859,342664.0,165856.1
E01014860,343013.5,165265.0
E01014861,357474.7,180908.1
E01014862,361071.0,184288.0
E01014863,362974.7,188053.9
E01014864,363259.8,187935.1
E01014865,367910.3,169869.5
E01014866,366966.2,170695.9
E01014867,369820.5,176274.9
E01014869,377900.6,173755.7
E01014870,371707.6,173703.7
E01014871,370036.2,173101.3
E01014872,363007.6,181005.7
E01014873,362301.8,180714.6
E01014874,363057.7,180680.7
E01014875,361244.7,182726.2
E01014876,362222.6,182592.3
E01014877,361849.8,182764.8
E01014878,361492.5,182200.1
E01014879,361374.2,183070.3
E01014880,362057.5,181612.9
E01014881,362776.9,181358.3
E01014882,361786.9,181655.3
E01014883,362439.4,181095.8
E01014884,370258.0,191574.4
E01014885,372276.1,192177.8
E01014886,373070.3,181983.5
E01014887,373302.6,182354.4
E01014888,372483.3,182177.2
E01014889,371974.9,181553.9
E01014890,377739.1,186602.4
E01014891,376514.3,180354.4
E01014892,370615.6,181209.7
E01014893,370218.9,181132.1
E01014894,371533.5,181208.8
E01014895,371168.7,181066.2
E01014896,370692.5,180711.5
E01014897,364700.0,177420.5
E01014898,365407.7,176604.7
E01014899,365007.2,176530.6
E01014900,364463.8,176346.6
E01014901,365268.6,178026.3
E01014902,364889.6,178039.4
E01014903,365226.2,177368.2
E01014904,361021.2,179229.1
E01014905,360722.4,179070.4
E01014906,360135.1,178819.4
E01014907,360708.9,178489.9
E01014908,359668.2,178429.0
E01014909,360436.1,178179.2
E01014910,360555.4,179549.3
E01014911,366229.8,181973.1
E01014912,367430.8,181382.2
E01014913,366893.4,181347.7
E01014914,366864.0,180842.6
E01014915,364444.5,172500.6
E01014916,364121.6,172242.3
E01014917,364865.8,172422.6
E01014918,363727.1,172053.1
E01014919,364065.6,171525.6
E01014920,364886.2,171966.9
E01014921,364126.8,171157.3
E01014922,365102.6,174493.7
E01014923,364863.2,174794.1
E01014924,364669.6,174232.5
E01014925,366131.0,174276.8
E01014926,365658.4,174273.7
E01014927,365259.1,173969.9
E01014928,366040.9,173939.5
E01014929,369092.9,184603.6
E01014930,372498.9,188317.5
E01014931,365759.8,171350.4
E01014932,366191.8,171013.4
E01014933,366560.8,171306.9
E01014934,365552.6,170839.6
E01014935,365831.7,171760.1
E01014936,367486.3,171673.3
E01014937,367063.8,171439.5
E01014938,367580.5,172624.9
E01014939,367187.2,172284.4
E01014940,367472.1,172106.1
E01014941,366398.4,171976.7
E01014942,366337.6,171616.8
E01014943,366488.3,172756.7
E01014944,365945.8,172432.2
E01014945,366688.2,172384.4
E01014946,359607.6,181965.2
E01014947,361014.0,182129.6
E01014948,359866.3,182156.7
E01014950,360047.5,181661.7
E01014951,359528.8,181361.1
E01014953,355322.8,185205.1
E01014954,354087.1,184839.7
E01014955,365829.3,175560.8
E01014956,365561.8,175154.3
E01014957,365916.9,174864.8
E01014958,365602.6,174673.1
E01014959,365949.0,176857.3
E01014960,366298.0,176309.7
E01014961,365837.3,176270.4
E01014962,361538.4,191168.5
E01014963,360231.7,187032.4
E01014964,365960.5,178286.7
E01014965,365760.3,177729.6
E01014967,366764.3,177230.9
E01014968,366149.4,177449.8
E01014969,366475.4,176812.7
E01014972,367502.2,173201.3
E01014973,365186.5,175520.6
E01014974,365244.6,176003.1
E01014975,364660.2,175711.5
E01014976,364809.4,175255.9
E01014977,364770.9,176048.4
E01014978,362914.1,180164.6
E01014979,362021.8,180028.7
E01014980,362462.4,180323.8
E01014982,361316.0,181482.7
E01014983,361802.4,181004.0
E01014984,361425.6,180674.5
E01014985,364629.7,190777.5
E01014986,364083.2,190632.0
E01014987,363896.5,191270.6
E01014988,364669.5,190415.7
E01014989,364850.4,191370.0
E01014990,364432.3,190048.8
E01014991,364100.8,189751.1
E01014992,364752.6,189646.3
E01014993,365579.7,189000.4
E01014994,368381.4,180409.5
E01014995,367498.1,180730.8
E01014996,364029.9,178068.0
E01014998,365383.3,181200.9
E01014999,365481.9,180834.3
E01015000,364865.3,180356.0
E01015001,365158.8,180040.7
E01015002,366077.6,173272.7
E01015003,364412.2,173013.0
E01015004,365629.8,172975.3
E01015005,364620.8,173435.6
E01015006,365180.4,172914.1
E01015007,365060.1,173532.7
E01015008,365807.9,173531.7
E01015009,371227.0,181997.9
E01015010,370617.5,181675.2
E01015011,370774.7,182227.7
E01015012,371771.1,181942.5
E01015013,370989.1,181498.5
E01015014,371579.2,184141.1
E01015015,371019.7,183937.6
E01015016,371856.1,183334.0
E01015017,371484.4,182779.8
E01015018,372066.8,182828.2
E01015019,370491.8,183010.2
E01015020,370861.1,182791.9
E01015021,371272.8,183388.8
E01015022,370799.8,183386.0
E01015023,248037.8,59438.3
E01015024,246376.1,60366.1
E01015025,249313.0,60296.2
E01015026,246654.4,60075.4
E01015027,248567.9,59967.9
E01015028,246990.2,59985.7
E01015029,248826.7,58855.9
E01015030,247461.1,59678.8
E01015031,248809.3,55935.2
E01015032,248448.7,55822.3
E01015033,248651.8,57463.3
E01015034,248608.3,56588.8
E01015035,249706.5,57031.2
E01015036,249011.7,56847.3
E01015037,249659.2,56632.1
E01015038,249236.4,56285.5
E01015039,245201.2,56868.9
E01015040,245686.8,56660.9
E01015041,245308.6,56579.4
E01015042,245466.0,56218.3
E01015043,245248.8,55719.2
E01015044,245612.8,55711.1
E01015045,245394.3,55346.0
E01015046,245202.3,54845.6
E01015047,245597.6,54293.5
E01015048,245380.6,54509.2
E01015049,248011.8,55716.4
E01015050,248181.7,55425.3
E01015051,247898.6,55315.5
E01015052,248470.2,55268.5
E01015053,248502.5,55005.5
E01015054,248264.7,54903.9
E01015055,251000.0,56424.9
E01015056,250699.2,56145.2
E01015057,250241.4,56183.1
E01015058,249810.0,56385.7
E01015059,250021.1,55947.5
E01015060,249647.5,55737.0
E01015061,249154.4,55594.3
E01015062,248729.8,55570.6
E01015063,250693.0,56843.7
E01015064,248849.5,58258.3
E01015065,249346.1,58063.0
E01015066,249453.4,57469.3
E01015067,250115.5,57714.9
E01015068,250321.2,58157.9
E01015069,250397.7,57363.1
E01015070,247792.8,58538.4
E01015071,248261.5,58335.3
E01015072,246371.0,56653.3
E01015073,246075.8,57660.7
E01015074,247067.7,57746.3
E01015075,245479.0,57317.4
E01015076,245263.8,57828.7
E01015077,247522.7,57647.6
E01015078,246139.6,57091.2
E01015079,246589.7,57358.9
E01015080,245794.8,57064.8
E01015081,247020.9,58453.4
E01015082,245168.9,60064.7
E01015083,245427.6,59790.4
E01015084,245822.7,59737.4
E01015085,246171.6,59343.7
E01015086,247634.5,59021.0
E01015087,246289.5,58897.5
E01015088,246577.5,59245.1
E01015089,247062.2,58987.4
E01015090,250868.6,59607.5
E01015091,251596.1,58919.2
E01015092,250085.3,59689.3
E01015093,250758.4,59190.1
E01015094,250895.0,58677.3
E01015095,251131.9,58078.4
E01015096,251306.6,58018.4
E01015097,250550.6,60774.0
E01015098,248132.7,56470.1
E01015099,247773.4,56313.0
E01015100,248168.1,56175.2
E01015101,248193.3,57205.6
E01015102,247280.7,57198.0
E01015103,247687.7,57165.7
E01015104,246824.7,56915.3
E01015105,247924.6,56798.1
E01015106,246772.7,56511.8
E01015107,255756.8,56256.0
E01015108,255051.2,56240.6
E01015109,255952.4,55884.0
E01015110,255529.5,56523.5
E01015111,256235.8,56372.5
E01015112,253412.0,56030.7
E01015113,252816.8,56066.6
E01015114,253945.4,55958.2
E01015115,254845.6,55570.8
E01015116,255379.2,55499.8
E01015117,255761.2,55321.7
E01015118,252475.1,56940.5
E01015119,255488.2,56947.6
E01015120,253226.8,57073.4
E01015121,253732.9,57157.9
E01015122,252968.1,56883.9
E01015123,253909.1,56632.1
E01015124,254533.4,56577.7
E01015125,254259.0,57278.0
E01015126,252019.4,52975.5
E01015127,253018.2,52910.5
E01015128,252277.6,52395.3
E01015129,251933.7,51999.4
E01015130,251531.9,52072.3
E01015131,253680.8,53426.9
E01015132,252074.1,53555.9
E01015133,252592.8,53314.7
E01015134,251431.2,53496.0
E01015136,250902.2,53221.4
E01015137,250194.9,53322.3
E01015138,249555.4,52740.2
E01015139,250101.7,52409.8
E01015140,251436.9,52596.5
E01015141,250848.7,52448.7
E01015142,243908.8,58155.4
E01015143,245256.0,58170.0
E01015144,244721.1,58138.1
E01015145,244243.2,57409.7
E01015146,244412.2,57805.7
E01015147,245071.0,58866.8
E01015148,245674.6,58604.7
E01015149,244929.1,58435.6
E01015150,244393.6,58481.7
E01015151,247357.8,55009.1
E01015152,247384.3,54772.7
E01015153,246939.9,54833.5
E01015155,246635.7,54499.2
E01015156,247910.1,54177.9
E01015159,248909.2,60945.6
E01015160,249761.4,60941.0
E01015161,248060.2,60892.6
E01015162,248265.4,60637.2
E01015163,247528.7,60762.8
E01015164,250071.8,61866.8
E01015165,247185.6,61496.5
E01015166,249181.8,61353.3
E01015167,245731.2,56053.4
E01015168,245979.9,56198.4
E01015169,247208.4,55410.9
E01015170,246309.4,55722.9
E01015171,245885.5,55509.0
E01015172,246664.4,55150.1
E01015173,246251.1,55264.2
E01015174,246364.6,56117.2
E01015175,249323.0,55292.4
E01015176,249841.8,55153.9
E01015177,249411.4,55002.9
E01015178,249022.7,55092.3
E01015179,248912.6,54824.7
E01015180,249594.1,54549.4
E01015181,249198.9,54503.7
E01015182,249268.0,54163.8
E01015183,292890.1,55875.3
E01015184,291415.1,55877.9
E01015185,292014.5,55893.5
E01015186,292477.9,55960.5
E01015187,293290.9,56289.4
E01015188,291836.1,56390.9
E01015189,292320.5,56248.7
E01015190,286783.0,60870.6
E01015191,287173.9,61617.0
E01015192,287343.0,61166.9
E01015193,287666.8,61124.7
E01015194,287304.5,60561.2
E01015196,287485.3,61674.7
E01015197,288745.4,57581.0
E01015198,288864.8,58013.1
E01015199,289431.6,56902.8
E01015200,288415.6,58000.9
E01015201,288894.7,56277.4
E01015202,288053.7,61319.6
E01015203,287999.8,61800.1
E01015204,288425.3,61180.6
E01015205,287924.3,60697.5
E01015206,288256.1,60546.2
E01015207,289850.0,64167.0
E01015208,289850.5,62970.3
E01015209,290228.4,63723.1
E01015210,289928.6,64810.1
E01015211,289205.0,64979.3
E01015212,290290.4,64324.0
E01015213,289611.6,64585.5
E01015214,291757.4,64626.5
E01015215,292375.7,64568.4
E01015216,292132.5,64635.5
E01015217,291742.5,64288.8
E01015218,292005.0,64917.7
E01015219,288807.0,60020.9
E01015220,288413.3,59734.8
E01015221,287549.8,59326.9
E01015222,288890.8,58639.6
E01015223,287851.7,58778.1
E01015224,289352.0,62441.0
E01015225,289007.0,62055.4
E01015226,287918.6,62303.4
E01015227,288552.3,61966.2
E01015228,289392.2,61915.8
E01015229,289134.6,61477.3
E01015230,288455.0,62760.5
E01015231,288629.6,60884.3
E01015232,289115.7,60841.2
E01015233,288583.8,60383.4
E01015234,288281.4,60140.2
E01015235,289266.7,60117.5
E01015236,291817.3,66562.6
E01015237,291371.3,65742.5
E01015238,291645.0,66151.7
E01015239,291980.1,65711.9
E01015240,292554.9,65370.6
E01015241,291674.1,65161.4
E01015242,291609.5,65376.1
E01015243,292718.9,65033.5
E01015244,291573.0,54708.7
E01015245,291184.0,54808.4
E01015246,291878.1,55351.8
E01015247,292704.5,55231.7
E01015248,292330.3,55342.4
E01015249,288902.5,65419.7
E01015250,288766.2,65751.8
E01015251,289681.2,65549.8
E01015253,289545.6,66933.6
E01015254,289325.1,66031.7
E01015255,290983.3,64292.6
E01015256,291586.1,63827.0
E01015257,290847.6,65976.8
E01015258,290608.6,65156.8
E01015259,291205.6,65210.9
E01015260,291155.3,64792.3
E01015261,290768.3,64577.3
E01015262,290985.3,66680.0
E01015263,291182.1,66411.3
E01015264,291144.2,67742.9
E01015265,291254.9,67276.3
E01015266,291561.7,66980.6
E01015267,292207.0,63441.7
E01015268,292791.2,63581.9
E01015269,293043.1,64267.4
E01015270,292277.8,63996.4
E01015271,293517.0,63826.7
E01015272,412109.9,91648.4
E01015273,412574.1,92186.1
E01015274,412966.0,92151.3
E01015275,412382.3,92024.5
E01015276,412447.9,92497.7
E01015277,411754.4,92233.7
E01015279,410909.8,91716.1
E01015280,411620.6,91769.9
E01015281,411092.7,92191.5
E01015286,408802.0,92171.2
E01015288,410067.8,92110.3
E01015289,410575.7,91716.7
E01015290,409988.4,91726.2
E01015291,410321.6,91365.5
E01015292,410980.9,92687.3
E01015293,410921.5,92417.3
E01015294,410482.2,92326.0
E01015295,415186.8,91358.4
E01015296,414594.8,91496.1
E01015297,414026.4,91457.4
E01015298,415421.9,91829.2
E01015299,414559.9,92228.2
E01015300,414273.0,91930.8
E01015301,407769.1,96424.8
E01015302,406061.0,96597.0
E01015303,407070.2,96604.7
E01015304,406426.7,96178.5
E01015305,407247.2,95859.3
E01015306,407766.2,96837.6
E01015307,405912.2,95258.1
E01015308,404962.2,95364.6
E01015309,406327.1,95250.6
E01015310,406822.9,95344.3
E01015311,405461.9,96309.9
E01015312,405813.2,95750.7
E01015313,406496.0,95628.1
E01015314,412699.8,93077.1
E01015315,411692.3,93320.2
E01015316,413404.1,93387.7
E01015317,413623.3,93021.8
E01015318,413039.4,92829.3
E01015319,412572.0,93727.8
E01015320,409216.3,94667.7
E01015321,409153.3,94350.1
E01015322,409698.4,94319.6
E01015323,408684.4,94973.7
E01015324,409029.9,95316.8
E01015325,409328.6,95142.1
E01015326,409614.3,92732.2
E01015327,410142.0,92586.7
E01015328,409532.2,92364.7
E01015329,410513.5,92921.7
E01015330,410104.2,93417.4
E01015331,409964.8,92996.3
E01015332,408567.0,95783.3
E01015333,408089.2,95935.9
E01015334,407653.9,95677.8
E01015335,408069.7,95298.0
E01015336,407190.7,94937.2
E01015337,407783.9,94923.6
E01015338,411965.1,94625.7
E01015339,410803.7,94436.6
E01015340,411558.4,94308.6
E01015341,412393.4,94745.1
E01015342,410403.1,93885.5
E01015343,409925.3,94850.1
E01015344,407528.2,92301.3
E01015345,409186.9,92915.9
E01015346,408675.8,93126.2
E01015348,408000.2,93256.4
E01015349,410144.1,95225.2
E01015350,409430.3,95729.5
E01015351,409868.8,95685.4
E01015352,410502.0,95417.6
E01015353,410881.8,95453.6
E01015354,410830.9,94946.7
E01015355,406705.0,94433.7
E01015356,408510.5,94388.6
E01015357,407317.8,94580.4
E01015358,408014.9,94493.4
E01015359,406124.0,94352.0
E01015360,408137.1,93773.8
E01015361,413603.0,92631.5
E01015362,414112.0,92728.3
E01015363,413377.3,92382.0
E01015364,413742.9,92088.0
E01015365,413232.2,91880.0
E01015366,413268.6,91548.5
E01015367,408237.5,90935.5
E01015368,407692.1,90839.7
E01015369,407020.1,90985.5
E01015370,407062.8,90428.4
E01015371,406890.7,91368.5
E01015372,407568.9,91323.9
E01015373,409640.1,93633.6
E01015374,408527.8,93836.3
E01015375,408826.7,93569.0
E01015376,409228.6,93321.8
E01015377,409018.2,94068.9
E01015378,409348.8,93818.8
E01015379,404433.3,94764.0
E01015380,404674.1,94181.2
E01015381,405726.5,94173.2
E01015382,405806.8,93449.7
E01015383,406203.3,93870.1
E01015384,405252.4,93455.4
E01015385,405236.3,93146.2
E01015386,406292.7,91805.5
E01015387,406482.7,93055.5
E01015388,407063.3,93519.2
E01015389,406515.4,92256.4
E01015390,405015.3,92178.7
E01015391,405393.8,92518.2
E01015392,404924.0,92651.9
E01015393,404626.4,92547.4
E01015394,405881.3,92424.8
E01015395,400442.8,95277.9
E01015396,401154.0,95172.0
E01015397,399510.7,94795.1
E01015398,399909.2,95190.5
E01015399,400711.8,96209.1
E01015400,399596.0,95876.6
E01015401,400017.8,96175.0
E01015402,405884.8,91598.9
E01015403,406509.5,91193.3
E01015404,405539.2,89630.0
E01015405,406418.2,90461.8
E01015406,404945.2,88577.3
E01015407,402345.7,93583.6
E01015408,402756.9,93680.1
E01015409,403037.4,94724.9
E01015410,403352.3,94607.8
E01015411,402979.7,94109.3
E01015412,402014.7,95104.7
E01015413,402288.4,94909.6
E01015414,401600.4,94639.8
E01015415,402332.2,94573.6
E01015416,401611.1,94260.8
E01015417,400182.8,93401.1
E01015418,399693.4,93748.2
E01015419,399850.4,94446.6
E01015420,400650.9,94457.9
E01015421,400872.0,94298.1
E01015422,399488.9,93994.2
E01015424,399173.4,91721.1
E01015425,399457.1,91124.7
E01015426,399321.1,90632.0
E01015427,398750.4,91438.6
E01015428,398942.8,90816.0
E01015429,398673.3,91953.4
E01015430,397993.0,91603.8
E01015431,403031.6,98462.5
E01015432,402451.2,98378.1
E01015433,401501.9,98170.7
E01015434,402115.1,97855.4
E01015435,404558.0,96453.6
E01015436,404966.4,96702.3
E01015437,404929.1,96129.9
E01015438,404269.5,92633.5
E01015439,403644.9,92779.1
E01015440,403251.7,92801.3
E01015441,404045.8,92349.0
E01015442,404335.1,93652.6
E01015443,403980.9,93333.4
E01015444,404629.8,93103.7
E01015445,402116.1,92200.5
E01015446,401741.1,91970.1
E01015447,402585.6,92574.5
E01015448,401295.2,92973.4
E01015449,402323.9,93010.9
E01015450,401321.5,92405.1
E01015451,401903.8,92774.2
E01015452,403056.4,91101.0
E01015453,403623.8,91395.4
E01015454,403981.1,91865.4
E01015455,403650.6,90669.3
E01015456,402948.1,91756.1
E01015457,403374.4,92031.0
E01015458,404373.4,90646.0
E01015459,404204.2,89852.6
E01015460,404392.4,91918.1
E01015461,404795.7,91777.4
E01015462,405190.0,91726.5
E01015463,404356.5,91357.3
E01015464,405025.0,91129.7
E01015465,401455.4,91569.2
E01015466,402247.2,91575.4
E01015471,413866.6,189617.9
E01015473,417319.2,189376.9
E01015475,415615.0,185020.8
E01015477,414266.1,184297.9
E01015478,413963.9,184127.3
E01015479,416325.5,185466.2
E01015480,415453.2,185262.7
E01015481,418045.6,185687.1
E01015482,419049.3,185200.1
E01015483,418634.5,185650.6
E01015484,417891.5,185214.3
E01015485,419178.5,184793.2
E01015486,418335.4,184980.6
E01015487,418211.1,183573.6
E01015488,418931.6,183447.5
E01015489,418776.3,183096.9
E01015490,419167.3,182847.1
E01015491,418547.2,183874.7
E01015492,418402.7,184371.8
E01015493,415701.8,184660.0
E01015494,414719.4,184339.2
E01015496,414984.9,184197.7
E01015497,415084.2,183905.0
E01015498,414284.5,183869.1
E01015499,410756.9,183996.9
E01015500,411136.6,183889.1
E01015501,411694.2,183368.0
E01015502,411452.7,183909.8
E01015503,411281.0,183366.0
E01015504,410955.8,184657.0
E01015505,411367.7,184495.1
E01015506,415438.8,187151.7
E01015507,414975.1,186818.9
E01015508,415274.9,186563.2
E01015509,415688.2,186262.0
E01015510,415561.7,185788.0
E01015511,415129.2,185884.7
E01015512,414285.4,188402.7
E01015513,413419.7,188396.4
E01015514,413878.7,187900.9
E01015515,412982.0,187959.1
E01015516,413513.1,187829.8
E01015517,414421.2,187595.6
E01015518,414020.1,188761.2
E01015519,420007.8,192772.8
E01015520,420050.4,192282.8
E01015521,419802.0,193130.6
E01015522,420478.9,193273.6
E01015523,420408.8,192565.4
E01015524,419535.9,192707.2
E01015525,412501.6,187825.7
E01015526,412701.7,187496.6
E01015527,414405.7,186996.7
E01015528,413156.3,187328.3
E01015529,413909.8,187219.2
E01015530,413522.7,186923.1
E01015532,415264.5,183538.4
E01015533,416412.4,183243.7
E01015534,415783.5,183434.9
E01015535,416555.6,182810.2
E01015537,417700.7,184351.1
E01015538,417571.0,184688.4
E01015539,417760.5,183645.6
E01015540,417143.7,183972.4
E01015541,417463.3,183674.2
E01015542,417183.3,183399.1
E01015543,415358.9,187665.6
E01015544,415389.5,188063.6
E01015545,415150.0,188560.8
E01015546,414833.4,188360.3
E01015547,420769.1,182517.2
E01015548,421302.5,183391.3
E01015549,417287.5,186317.0
E01015550,417791.0,186047.0
E01015551,418150.0,186514.6
E01015552,417480.3,187555.0
E01015553,417804.0,187226.8
E01015554,417702.2,186643.5
E01015555,416044.5,187938.5
E01015556,416235.1,188419.3
E01015557,416914.9,188092.5
E01015558,416651.1,187419.6
E01015559,416326.8,187668.2
E01015560,416025.8,187133.9
E01015561,411980.4,185068.1
E01015562,411750.0,186688.2
E01015563,411122.7,186361.5
E01015564,411728.3,185571.7
E01015565,411014.9,185578.5
E01015566,411260.8,185187.7
E01015567,412283.8,184632.1
E01015568,412607.1,184368.1
E01015569,411857.4,183920.7
E01015570,412286.3,183934.6
E01015571,412337.2,183567.6
E01015572,417104.5,184867.1
E01015573,416743.5,184546.2
E01015574,416125.3,184562.0
E01015575,416761.6,185040.0
E01015576,416318.0,184150.1
E01015578,413958.3,185388.9
E01015579,413532.7,185090.1
E01015580,414496.2,186495.7
E01015581,413975.3,186164.5
E01015582,414693.2,185868.6
E01015584,414394.0,181024.4
E01015585,414835.8,181355.9
E01015586,413942.0,181173.1
E01015587,414454.9,180609.0
E01015588,418827.3,179743.4
E01015589,511842.6,305302.0
E01015590,507553.5,305276.0
E01015591,516028.6,301662.7
E01015592,516464.8,301509.1
E01015593,516801.2,301802.1
E01015594,516315.4,300588.5
E01015595,516068.4,299768.4
E01015596,516285.7,301963.2
E01015597,516203.1,299389.7
E01015598,515772.9,299212.9
E01015599,518993.2,299120.8
E01015600,518791.3,299549.8
E01015601,518791.8,299950.1
E01015603,518486.1,300660.4
E01015604,518535.3,300179.1
E01015605,520296.9,300885.8
E01015606,521061.7,301068.9
E01015607,520033.5,301880.8
E01015608,519568.6,301291.5
E01015609,520746.5,301444.8
E01015610,520062.5,301421.3
E01015612,519973.4,299222.6
E01015613,521552.3,301172.2
E01015614,521494.1,300526.8
E01015615,520486.0,300117.2
E01015616,520320.7,299484.8
E01015617,528223.5,304313.0
E01015618,528962.7,304134.3
E01015619,522769.0,302761.3
E01015620,522358.8,302587.6
E01015622,518554.4,297804.0
E01015623,518876.2,296879.2
E01015624,518861.0,297391.5
E01015626,505718.3,302216.0
E01015627,512029.5,298782.4
E01015628,505902.3,302161.6
E01015629,515491.4,305757.8
E01015630,522572.9,303901.7
E01015631,520414.8,305990.4
E01015632,518183.2,301269.3
E01015633,519202.8,301672.3
E01015634,518595.3,301430.1
E01015635,515165.4,308401.8
E01015636,512987.6,308114.5
E01015637,515683.1,295194.2
E01015638,517102.3,296215.8
E01015639,517281.2,295863.4
E01015640,516933.5,295604.1
E01015641,516127.0,295720.8
E01015642,516158.6,295464.4
E01015643,516228.1,295180.8
E01015644,514681.1,295809.7
E01015645,514886.2,296386.6
E01015646,515746.6,296140.7
E01015647,515335.6,294978.8
E01015648,514584.3,296841.6
E01015650,517464.1,297313.5
E01015651,519161.1,300959.1
E01015652,518808.3,300775.2
E01015653,519911.5,300581.7
E01015654,519179.6,300247.3
E01015655,519557.7,299763.8
E01015656,518614.7,302371.0
E01015658,519161.8,302416.9
E01015659,518770.4,302842.3
E01015660,518190.7,302687.1
E01015661,517210.3,300733.4
E01015662,516819.8,300658.5
E01015663,517439.3,300048.9
E01015664,517145.2,300263.3
E01015665,518092.6,299497.5
E01015666,520181.2,297335.7
E01015667,520762.6,297083.8
E01015668,519538.0,296997.9
E01015669,520600.9,296664.0
E01015670,520996.4,296425.3
E01015672,521786.0,296267.7
E01015673,521598.6,296597.2
E01015674,517522.6,302535.7
E01015675,518079.7,302100.5
E01015676,517282.3,302078.8
E01015677,517825.6,301778.0
E01015678,516986.5,304277.5
E01015679,516325.6,303946.2
E01015680,517259.7,303857.4
E01015681,516836.9,304857.9
E01015682,516328.4,304621.5
E01015683,517176.4,303199.9
E01015684,517756.8,303364.0
E01015685,518247.8,303302.1
E01015686,516624.2,303264.0
E01015687,516490.6,298956.0
E01015688,518278.1,298737.0
E01015689,516378.8,298243.0
E01015690,517416.6,299022.2
E01015691,517243.1,299546.6
E01015692,518122.1,299138.0
E01015693,509204.0,223524.8
E01015694,508530.6,223802.6
E01015695,508560.8,223383.7
E01015696,509227.4,224696.8
E01015697,509307.9,224324.4
E01015698,508443.9,222120.0
E01015699,508611.3,221938.8
E01015700,508483.6,222872.0
E01015701,507915.4,222831.4
E01015702,508275.3,222548.4
E01015703,507683.4,222354.3
E01015704,508016.5,222532.8
E01015705,508097.9,222237.6
E01015706,507303.8,226075.8
E01015707,508171.6,226211.1
E01015708,507834.9,226334.7
E01015709,507087.2,225955.8
E01015710,507626.5,225501.1
E01015711,506379.6,222981.1
E01015712,505958.9,222811.5
E01015713,505494.4,222432.9
E01015714,504924.8,222435.7
E01015715,505986.5,222333.8
E01015716,505814.0,223274.1
E01015717,506561.8,223302.3
E01015718,504956.1,223335.3
E01015719,510420.7,221354.9
E01015720,510106.6,221730.7
E01015721,511471.7,222171.6
E01015722,511142.6,222065.4
E01015723,510831.1,221898.4
E01015724,507239.7,221714.3
E01015725,507936.0,221933.6
E01015726,507539.9,222095.1
E01015727,508166.9,221762.7
E01015728,506635.3,221606.1
E01015729,508258.0,221379.7
E01015730,507913.7,221452.3
E01015731,506825.6,222414.7
E01015732,508011.9,220125.3
E01015733,507281.6,221092.2
E01015734,508191.6,220896.9
E01015735,508632.7,220800.4
E01015736,507592.9,220640.7
E01015737,508194.4,220499.8
E01015738,508819.1,220554.6
E01015739,508937.1,222129.2
E01015740,509181.0,222634.0
E01015742,509801.3,222221.6
E01015743,509731.4,221761.6
E01015744,508034.3,224792.8
E01015745,508446.8,224310.5
E01015746,508254.7,225593.6
E01015747,508578.4,225120.7
E01015748,507865.3,225026.1
E01015749,505028.1,224002.5
E01015750,506134.3,223526.8
E01015751,505449.2,223897.1
E01015752,505063.5,224530.2
E01015753,504733.5,224567.2
E01015754,505413.3,224415.2
E01015755,505919.0,223988.6
E01015756,504076.8,223958.5
E01015757,503261.4,223551.4
E01015758,504491.6,223920.5
E01015759,503826.5,223700.8
E01015760,504127.9,223418.3
E01015761,503626.0,223264.9
E01015762,504626.3,222833.1
E01015763,504235.5,222956.7
E01015764,506943.4,224562.4
E01015765,506470.1,224208.8
E01015766,507523.6,224155.8
E01015767,506972.4,224047.6
E01015768,507349.0,224772.7
E01015769,506745.8,225102.8
E01015770,506912.9,225470.4
E01015771,506303.7,225477.4
E01015772,506450.0,224951.6
E01015773,506283.7,225973.9
E01015774,505971.4,225926.1
E01015775,509728.6,223143.4
E01015776,510618.0,223123.7
E01015777,510148.5,222777.4
E01015778,509666.4,222640.6
E01015779,510859.7,222555.8
E01015780,510333.1,222424.8
E01015781,510400.9,222075.3
E01015782,507824.2,223598.8
E01015783,507454.4,223634.9
E01015784,508090.0,223382.9
E01015785,506931.3,223696.6
E01015786,507531.7,223200.4
E01015787,506904.7,222846.5
E01015788,507339.0,222687.0
E01015789,509642.8,220728.1
E01015790,509710.0,220352.8
E01015792,509360.1,220417.0
E01015793,509175.8,220098.9
E01015795,508714.3,221039.4
E01015796,510199.4,223671.6
E01015797,511085.0,224472.5
E01015798,510819.4,224025.6
E01015799,511408.7,223851.0
E01015800,511095.0,223728.2
E01015801,505745.3,225001.0
E01015802,506038.0,225201.6
E01015803,505372.8,225976.7
E01015804,505375.2,225265.3
E01015805,505672.0,225684.2
E01015806,512378.3,222868.5
E01015807,511065.7,222958.4
E01015808,512365.4,222481.1
E01015809,511799.1,222870.8
E01015810,512741.2,222518.6
E01015811,511821.6,222328.9
E01015812,511526.9,223396.1
E01015813,511267.2,223235.1
E01015814,584042.4,187214.7
E01015815,583802.2,186956.8
E01015816,582881.3,188510.5
E01015817,583336.4,188121.6
E01015818,584046.0,188058.7
E01015819,583967.6,187735.3
E01015820,584846.2,187032.7
E01015821,584582.9,186715.6
E01015822,585641.1,187020.2
E01015823,585459.8,186585.7
E01015824,585119.5,188084.3
E01015825,584732.2,187900.1
E01015826,584371.4,187468.5
E01015827,586016.0,185584.2
E01015828,586408.7,185519.5
E01015829,585170.3,186176.2
E01015830,585456.0,185898.6
E01015831,586638.4,185991.3
E01015832,586209.7,186104.7
E01015833,584557.1,189019.5
E01015834,583837.7,188715.0
E01015835,584172.1,188682.3
E01015836,583195.2,189410.0
E01015837,582886.3,189122.5
E01015838,584057.6,189221.2
E01015839,589366.2,185842.5
E01015840,589110.3,185491.8
E01015841,588966.9,185297.3
E01015842,589205.5,185216.9
E01015843,589163.5,186098.8
E01015844,588814.0,185943.0
E01015845,583927.5,186269.4
E01015846,584863.8,185968.1
E01015847,584456.6,186041.7
E01015848,584171.5,185809.9
E01015849,584260.0,186296.9
E01015850,584800.9,186322.7
E01015851,586848.6,185376.8
E01015852,588399.6,185483.5
E01015853,587505.6,185336.0
E01015854,587881.5,185665.1
E01015855,586939.5,185853.6
E01015856,587305.2,185660.9
E01015857,585510.7,187772.7
E01015858,585963.3,187588.7
E01015859,586508.1,187724.8
E01015860,586979.6,187425.3
E01015861,587625.9,186998.8
E01015862,587225.6,186775.9
E01015863,585326.2,189030.8
E01015864,585016.3,188645.7
E01015865,586700.4,188427.8
E01015866,587455.0,187964.3
E01015867,587256.4,188501.9
E01015868,586834.4,188076.6
E01015869,588995.6,186566.7
E01015870,589383.0,186650.4
E01015871,588900.5,187128.0
E01015872,589610.9,186483.8
E01015873,589740.1,186190.4
E01015874,588373.1,187203.3
E01015875,589461.2,187043.2
E01015876,594128.7,185298.6
E01015877,593858.5,185059.1
E01015878,593126.7,186494.7
E01015879,593371.5,186221.5
E01015880,593617.3,185945.4
E01015881,594158.5,185969.9
E01015882,593251.6,185837.2
E01015883,591262.9,186103.7
E01015884,589973.0,185994.6
E01015885,591888.7,186013.9
E01015886,590146.1,187019.9
E01015887,590166.4,186724.8
E01015888,590678.4,186541.1
E01015889,590699.0,185117.7
E01015890,591435.0,185482.2
E01015891,589989.4,184861.0
E01015892,589731.9,185405.7
E01015893,591836.2,185085.9
E01015894,590079.1,185544.6
E01015896,587381.2,186106.9
E01015897,588403.4,186792.6
E01015898,588592.0,186414.2
E01015899,587658.7,186538.8
E01015900,587188.6,186289.5
E01015901,586150.0,186537.6
E01015902,586693.9,186427.2
E01015903,586144.6,186858.0
E01015904,586492.1,186755.1
E01015905,585845.3,186690.7
E01015906,586793.5,186751.5
E01015907,587024.9,186538.6
E01015908,582872.9,186243.4
E01015909,583598.3,186247.8
E01015910,582327.0,186343.2
E01015911,582355.8,187058.1
E01015912,582758.9,186868.7
E01015913,583138.1,186533.7
E01015914,592469.9,186146.0
E01015915,592654.9,185727.1
E01015916,592289.9,185351.0
E01015917,592977.0,185202.3
E01015918,592866.7,184923.9
E01015919,592313.6,184873.9
E01015920,592711.0,184551.2
E01015921,556557.3,178694.3
E01015922,556367.3,179941.1
E01015923,556542.1,180698.8
E01015924,556382.3,181334.0
E01015925,556089.7,180265.1
E01015926,556798.9,180333.1
E01015927,558682.3,180765.9
E01015928,557916.3,181062.4
E01015929,558374.5,180957.4
E01015930,559124.3,180766.9
E01015931,558854.3,181128.1
E01015932,559199.4,181654.5
E01015933,564977.4,178592.1
E01015934,564589.1,178769.0
E01015935,564203.5,178532.3
E01015936,564988.8,179134.7
E01015937,564383.6,179400.4
E01015938,564987.3,179666.2
E01015939,560965.8,179485.9
E01015941,559985.8,179495.6
E01015942,560357.7,179808.6
E01015943,570382.5,184186.3
E01015944,570766.6,184225.3
E01015945,570645.9,183552.8
E01015946,571153.1,183982.5
E01015947,568117.2,179005.3
E01015948,567747.1,178687.2
E01015949,568337.6,178685.0
E01015950,567143.6,179353.4
E01015951,560548.9,177787.5
E01015952,561884.8,177530.2
E01015953,561009.8,177726.0
E01015954,561591.7,177558.4
E01015955,560767.9,178329.5
E01015956,561508.6,178083.7
E01015957,561387.2,179396.7
E01015958,561323.6,179044.9
E01015959,561665.8,178470.0
E01015960,562058.1,178990.7
E01015961,562123.3,178103.3
E01015962,562194.7,177710.4
E01015963,562904.8,180012.2
E01015964,562283.5,179576.7
E01015965,563434.9,179144.8
E01015966,562515.1,180118.6
E01015967,562766.9,178485.9
E01015968,562446.3,178723.8
E01015969,562682.1,177922.0
E01015970,562623.7,179015.0
E01015971,559353.3,183005.9
E01015972,558189.3,181566.3
E01015974,559924.3,182512.1
E01015975,559330.0,182418.7
E01015976,558773.2,181607.2
E01015977,564217.7,181774.9
E01015978,564029.8,185766.1
E01015979,566018.1,181264.5
E01015980,566752.3,183369.3
E01015982,559317.3,179114.0
E01015983,569932.2,183257.2
E01015984,569429.1,183404.7
E01015985,569426.0,182943.6
E01015986,569001.2,183073.5
E01015987,570126.4,183785.7
E01015988,569612.5,183784.7
E01015989,568370.8,182508.4
E01015990,569222.5,182482.8
E01015991,567895.7,182106.6
E01015992,568444.8,181958.2
E01015993,561979.5,180434.9
E01015994,561468.6,180010.8
E01015995,561852.5,179693.9
E01015996,561412.3,180433.9
E01015997,569609.9,184494.8
E01015998,569766.2,184172.2
E01015999,569207.9,183979.6
E01016000,568472.2,183206.3
E01016001,569077.0,183654.3
E01016002,568783.8,183540.6
E01016003,563674.3,176483.9
E01016004,564380.2,176060.3
E01016005,565006.9,176296.5
E01016006,563871.1,176668.3
E01016007,564418.5,177064.1
E01016008,565131.8,176717.4
E01016009,564635.7,176521.7
E01016010,564350.1,176647.7
E01016011,559372.7,177737.0
E01016013,555853.9,178271.1
E01016014,555127.8,178595.5
E01016015,559897.9,177933.2
E01016016,575831.9,167301.8
E01016017,575432.2,167449.9
E01016018,576114.4,167019.6
E01016019,576296.6,167222.0
E01016020,575133.4,167102.0
E01016021,575716.1,166838.8
E01016022,575391.5,167010.0
E01016023,576101.4,166625.0
E01016024,576464.7,166844.1
E01016025,575893.6,166108.4
E01016026,570515.4,163838.9
E01016027,570737.9,167084.3
E01016028,570941.4,166664.3
E01016029,570097.3,164739.4
E01016030,579081.4,168440.3
E01016031,577355.2,168632.6
E01016032,578377.3,168514.8
E01016033,578117.6,169080.7
E01016034,578875.9,168826.7
E01016035,577132.4,168951.0
E01016037,577403.3,169071.6
E01016038,578286.1,168677.3
E01016039,577543.6,168727.6
E01016040,578028.4,168316.2
E01016041,577576.3,168124.7
E01016042,578095.3,168153.8
E01016043,578465.2,167829.8
E01016044,577389.3,167749.1
E01016045,577045.7,167902.0
E01016046,577613.0,167304.3
E01016047,577388.9,167357.9
E01016048,577177.6,167258.0
E01016049,577074.3,168294.1
E01016050,579402.3,164372.3
E01016051,579119.4,163983.4
E01016052,579715.0,163339.8
E01016053,580061.0,163833.7
E01016054,578944.7,164765.1
E01016055,577027.4,162736.0
E01016056,577713.5,162712.5
E01016057,577507.3,162372.9
E01016058,577089.8,164256.0
E01016059,576982.5,163775.6
E01016060,577161.7,163140.6
E01016061,577166.3,166814.2
E01016062,576739.9,166622.9
E01016063,576798.3,166914.7
E01016064,577489.6,166550.2
E01016065,577074.8,166007.7
E01016066,576586.7,165650.9
E01016067,575859.9,165047.1
E01016068,576211.4,165205.7
E01016069,576749.7,167223.9
E01016070,583910.3,177798.9
E01016071,588685.1,176446.6
E01016072,583036.2,175893.5
E01016073,578315.2,175528.6
E01016074,578303.7,171928.3
E01016075,577744.9,172755.9
E01016077,577867.8,172334.2
E01016078,576424.2,164861.1
E01016079,577012.6,164773.4
E01016080,576768.6,164507.3
E01016081,576335.9,164139.7
E01016082,576561.5,163672.5
E01016083,577291.5,165770.8
E01016084,576957.6,165357.0
E01016085,580028.8,164604.2
E01016086,580214.0,166048.8
E01016087,581177.2,165823.7
E01016088,580747.7,165610.3
E01016089,581682.0,165626.3
E01016090,581053.5,165184.9
E01016091,580383.7,165106.7
E01016092,580892.5,164823.5
E01016093,581435.1,166807.2
E01016094,582229.5,166790.7
E01016095,582601.5,166408.5
E01016096,581704.7,166421.7
E01016097,582467.1,166153.4
E01016098,581843.8,166127.8
E01016099,580793.6,163649.0
E01016100,580513.1,163230.3
E01016101,581202.2,163544.7
E01016102,582312.0,165855.4
E01016103,582039.0,165391.5
E01016104,581482.5,165151.8
E01016105,580771.8,164377.1
E01016106,580577.2,163988.6
E01016107,581282.8,163847.1
E01016111,576359.4,167640.5
E01016113,574694.7,166874.2
E01016114,574411.4,167519.4
E01016115,574317.7,166759.7
E01016116,574418.5,166199.1
E01016117,574456.7,167884.8
E01016118,574531.4,167257.5
E01016119,574705.5,165581.1
E01016120,574388.6,165438.4
E01016121,575001.2,163957.6
E01016122,574998.8,164896.7
E01016123,575398.2,164375.3
E01016124,574975.6,166430.5
E01016125,575354.2,166486.6
E01016126,575123.6,165880.8
E01016127,572924.2,166778.8
E01016128,573877.1,165902.5
E01016129,573487.0,167428.2
E01016130,574268.3,168240.6
E01016131,574026.4,167485.1
E01016132,573520.0,166695.8
E01016133,572748.7,170062.2
E01016134,573387.7,170257.4
E01016135,573903.0,170103.8
E01016136,574111.2,169627.3
E01016137,573450.6,169798.1
E01016138,572232.7,169701.9
E01016139,572815.2,169549.3
E01016140,573812.4,169574.8
E01016141,573390.2,169535.7
E01016142,573522.7,175757.4
E01016143,576051.0,171923.4
E01016144,573746.0,173342.9
E01016145,573965.4,173418.6
E01016147,574306.8,170497.8
E01016148,573908.2,170716.9
E01016149,573808.7,176577.7
E01016150,572106.8,168739.2
E01016151,572330.0,169175.0
E01016152,571171.0,169082.9
E01016153,572810.5,169055.6
E01016154,572922.2,168831.1
E01016155,571639.9,169008.4
E01016156,571654.1,168514.1
E01016157,572586.6,168251.9
E01016158,572092.7,168174.9
E01016159,579012.7,167632.9
E01016160,579877.7,167506.0
E01016161,580067.7,167089.6
E01016162,579192.3,166936.7
E01016163,579480.5,167150.2
E01016164,580430.5,167143.3
E01016165,579699.5,166766.3
E01016166,580874.4,166810.8
E01016167,580380.3,166542.5
E01016168,575599.8,163601.5
E01016169,576182.6,163442.6
E01016170,576635.6,163113.1
E01016171,575291.8,163672.7
E01016172,575987.3,162852.3
E01016173,575766.3,164036.4
E01016174,577913.6,167015.8
E01016175,578152.1,166552.3
E01016176,578665.7,166103.2
E01016177,578159.5,167740.9
E01016178,578013.4,167533.6
E01016179,578405.6,167127.3
E01016180,490495.9,169305.0
E01016181,489906.1,169231.5
E01016182,491314.5,170022.4
E01016183,490893.2,169423.0
E01016185,484949.6,169860.3
E01016187,484165.8,171056.4
E01016188,485392.6,170304.6
E01016190,487826.9,169653.6
E01016191,488479.6,169569.4
E01016192,483996.2,161421.3
E01016193,484830.1,161709.1
E01016194,483813.3,161818.5
E01016195,484421.3,161833.4
E01016196,485513.6,161163.4
E01016197,485291.9,161811.8
E01016198,484833.9,161270.8
E01016199,485009.9,160855.0
E01016200,488150.0,166794.4
E01016201,488590.6,167329.1
E01016202,488454.3,167699.5
E01016203,488239.5,167189.4
E01016204,488013.8,167559.9
E01016205,487695.5,167283.7
E01016206,483340.9,164012.8
E01016207,484532.4,164135.2
E01016208,484261.5,163816.4
E01016209,485970.6,167392.6
E01016210,485630.2,167646.6
E01016212,485739.0,166970.7
E01016213,485149.4,166993.9
E01016214,485437.0,166563.5
E01016215,485418.8,167083.8
E01016216,486284.5,166842.5
E01016217,487427.2,166610.0
E01016218,486696.2,166677.3
E01016219,485988.3,166426.7
E01016220,486550.0,166332.1
E01016221,487180.5,166286.2
E01016222,488925.0,168270.0
E01016223,488493.9,168202.5
E01016224,488065.8,168245.4
E01016226,488544.8,168758.8
E01016227,483280.7,162374.3
E01016228,483255.3,161712.3
E01016229,482821.2,162077.6
E01016230,483111.3,163458.4
E01016231,486731.1,167383.7
E01016232,487240.1,167252.2
E01016233,486671.7,167762.2
E01016234,485501.0,162371.5
E01016235,484789.2,162637.8
E01016236,485170.9,162512.1
E01016237,484775.5,162188.5
E01016238,487111.0,169933.8
E01016239,486314.1,170235.7
E01016240,486581.3,169988.9
E01016241,485686.3,169897.2
E01016242,486013.4,169632.7
E01016243,488549.8,169903.2
E01016245,487823.9,170297.3
E01016246,488474.8,170452.7
E01016247,486961.8,170622.4
E01016248,486357.4,167969.9
E01016250,486417.2,168447.1
E01016252,492564.6,172834.8
E01016253,489733.9,170698.6
E01016254,459169.5,165190.2
E01016255,456762.3,166549.7
E01016256,459772.5,176438.0
E01016257,458842.1,180741.5
E01016258,465652.9,173093.1
E01016259,465857.5,172848.7
E01016260,466342.4,172610.7
E01016261,465951.7,174310.9
E01016262,465988.8,173535.7
E01016263,451172.1,173478.7
E01016264,460424.6,172552.5
E01016265,454055.1,168886.6
E01016266,459028.8,170382.8
E01016267,465465.6,166820.1
E01016268,465098.7,167272.3
E01016269,466317.4,168057.6
E01016270,465638.0,167465.7
E01016271,467888.5,171778.9
E01016272,467370.7,171802.4
E01016273,466110.8,172024.0
E01016274,467407.3,171543.3
E01016275,466514.4,171698.9
E01016276,465808.9,171576.4
E01016277,447651.6,174120.0
E01016279,448169.0,167747.0
E01016280,448900.9,167714.1
E01016281,448181.7,168224.3
E01016282,448893.4,168208.9
E01016284,451364.7,169315.3
E01016285,453508.7,176132.7
E01016286,452031.2,179857.7
E01016287,442647.4,179039.5
E01016288,447721.3,178236.7
E01016289,445542.1,164219.7
E01016290,445402.7,164619.4
E01016291,446161.4,165985.4
E01016292,445850.6,165259.8
E01016294,447908.9,166087.3
E01016295,447621.4,165686.6
E01016296,433741.3,168231.4
E01016297,433690.0,167732.4
E01016298,434056.0,169016.7
E01016299,433284.2,168308.7
E01016300,438549.6,166605.2
E01016301,437568.7,165514.3
E01016302,442007.3,165227.8
E01016303,438355.4,175460.4
E01016304,432629.2,178563.1
E01016305,432455.7,179113.1
E01016306,432958.8,178783.6
E01016307,464833.5,164682.0
E01016308,465847.8,164464.3
E01016309,463283.0,166536.1
E01016310,447046.3,167936.6
E01016311,446720.3,167385.2
E01016312,446401.5,166837.6
E01016313,463960.3,176345.2
E01016314,463099.9,176228.0
E01016315,465762.2,175077.7
E01016316,466319.4,176129.5
E01016317,466478.0,175883.5
E01016318,466075.6,175621.2
E01016319,446518.9,166456.3
E01016320,447195.7,166193.7
E01016321,447117.8,165524.1
E01016322,446630.2,165677.8
E01016323,445895.5,168178.0
E01016324,447582.0,168591.6
E01016325,446171.8,168038.0
E01016326,443533.8,169839.1
E01016327,459133.8,168742.3
E01016328,464551.7,166941.6
E01016329,451383.6,166773.5
E01016330,451795.9,166864.9
E01016331,451309.3,167898.4
E01016332,451429.2,167307.4
E01016333,452572.8,167830.4
E01016334,452086.6,167879.3
E01016335,451498.3,168225.6
E01016336,451902.8,167753.6
E01016337,452164.8,166943.0
E01016338,452772.3,167056.9
E01016339,452407.1,166470.8
E01016340,450698.7,167811.1
E01016341,450742.2,167396.8
E01016342,450060.3,167411.1
E01016343,450654.9,168277.5
E01016344,464277.0,171520.8
E01016345,463974.8,171093.8
E01016346,447616.9,167674.7
E01016348,447724.2,166759.0
E01016349,466532.4,175178.3
E01016350,466192.8,174710.7
E01016353,470706.7,173563.9
E01016355,471141.4,174244.7
E01016356,469496.7,173219.3
E01016357,469894.5,173187.7
E01016358,470425.5,173437.7
E01016359,469567.3,173835.4
E01016360,470068.3,173623.6
E01016361,469772.1,173474.7
E01016362,471538.1,174764.6
E01016363,472837.1,174714.7
E01016364,471226.8,175029.8
E01016365,472059.8,174499.1
E01016366,472064.7,174892.0
E01016367,472527.6,174842.6
E01016368,472443.0,170605.3
E01016369,472796.1,169871.0
E01016370,472747.4,171734.3
E01016371,473043.1,170950.2
E01016372,472536.0,171112.8
E01016373,473115.7,170509.6
E01016374,471558.8,172605.6
E01016375,471791.2,172315.1
E01016376,471988.6,172014.4
E01016377,471897.7,171688.3
E01016379,471828.1,172559.6
E01016380,466864.4,174345.5
E01016381,468060.8,174213.3
E01016382,468505.1,174221.5
E01016383,467505.6,174076.1
E01016384,467055.6,174989.9
E01016385,467663.3,174694.6
E01016386,470036.6,175529.3
E01016387,469967.6,176345.6
E01016388,470768.3,172241.5
E01016389,470085.6,171986.6
E01016390,470667.6,172827.3
E01016391,471168.8,172665.3
E01016392,469899.1,172855.3
E01016393,470322.0,172484.4
E01016394,467878.4,172869.0
E01016395,468454.0,172980.6
E01016396,468261.6,173574.2
E01016397,468525.1,173712.9
E01016398,468824.6,173796.7
E01016399,468958.3,173348.3
E01016400,469212.8,173547.2
E01016401,473558.3,172796.9
E01016402,474159.6,172714.4
E01016403,474150.9,172352.1
E01016404,473090.7,173427.2
E01016405,473368.2,173486.1
E01016406,473561.9,173185.8
E01016407,472182.4,176665.4
E01016408,473005.2,176212.7
E01016409,471776.1,176200.5
E01016410,473119.4,175570.5
E01016411,472059.4,177254.4
E01016412,473006.4,176577.8
E01016413,472697.7,172292.8
E01016414,472600.1,172921.2
E01016415,472417.4,171528.5
E01016416,472966.6,173056.3
E01016417,473122.0,172833.8
E01016418,473214.5,172574.5
E01016419,469451.0,172502.6
E01016420,468729.6,172118.6
E01016421,468293.9,171779.1
E01016422,468033.5,172144.0
E01016423,468783.4,171735.9
E01016424,469611.1,172038.3
E01016425,470690.1,176078.5
E01016426,470598.5,175508.1
E01016427,471715.6,175439.6
E01016428,471118.9,175630.6
E01016429,472381.6,175426.9
E01016430,470922.8,176580.4
E01016431,466639.7,173995.4
E01016432,466285.4,173738.6
E01016433,467162.5,173701.8
E01016434,467841.5,173316.2
E01016435,467164.0,173287.2
E01016436,466582.7,173187.0
E01016437,471951.7,169802.4
E01016438,472131.5,169998.4
E01016439,471825.9,169326.6
E01016440,472323.5,169324.0
E01016441,472071.2,168927.3
E01016443,472039.5,170427.9
E01016444,497117.3,181842.7
E01016445,497339.2,181529.3
E01016446,496905.3,181348.5
E01016447,497168.7,181005.2
E01016448,496766.2,180772.9
E01016449,496676.6,181971.3
E01016450,495585.0,182307.9
E01016451,495144.9,182741.4
E01016452,495442.2,182754.3
E01016453,494066.8,182325.8
E01016454,494795.7,182740.6
E01016455,494649.6,182299.0
E01016456,498414.7,179915.1
E01016457,499085.5,180056.8
E01016458,497760.3,180965.0
E01016460,498414.2,180813.7
E01016462,497159.6,179469.2
E01016463,496448.0,179332.3
E01016464,496871.9,179683.0
E01016465,496499.1,180273.5
E01016467,494739.3,180792.7
E01016468,493595.7,180784.9
E01016469,494204.3,180783.9
E01016470,494997.8,180520.1
E01016471,494412.0,180453.7
E01016472,493780.2,180353.6
E01016473,494832.9,180077.8
E01016474,495733.2,180005.2
E01016475,496183.1,179853.3
E01016476,494267.0,180004.0
E01016477,495284.3,179814.6
E01016478,495790.0,179476.9
E01016479,501625.0,177893.9
E01016480,501898.9,177446.1
E01016481,502597.2,177123.4
E01016482,503358.5,176765.5
E01016483,496289.8,181672.9
E01016484,495892.4,181853.6
E01016485,496339.3,182020.5
E01016486,495512.6,181892.3
E01016487,496409.2,181284.9
E01016488,496110.0,182294.5
E01016490,501529.0,178320.8
E01016491,501496.6,179013.2
E01016492,502053.9,178863.0
E01016493,493245.8,181278.3
E01016494,494094.3,181318.6
E01016495,493575.1,181297.3
E01016496,493262.4,181787.3
E01016497,493816.8,181871.6
E01016498,494533.9,181950.5
E01016499,495023.7,181955.3
E01016500,500507.5,178569.2
E01016501,500030.8,179130.1
E01016502,501038.4,178995.0
E01016503,500877.4,178721.3
E01016504,499599.8,179324.3
E01016505,500510.1,179093.1
E01016506,501818.3,179595.4
E01016507,500196.5,179676.0
E01016508,500886.7,179568.3
E01016509,501540.4,179372.9
E01016510,499581.0,179759.0
E01016511,498385.5,179563.8
E01016514,497524.8,179300.5
E01016515,499053.8,179158.1
E01016516,498925.1,180532.4
E01016517,499004.8,180751.5
E01016518,499322.2,180448.2
E01016519,498821.6,181691.1
E01016520,498598.8,181123.9
E01016521,499223.3,181160.1
E01016522,491167.2,169250.4
E01016523,493325.3,168927.4
E01016524,491844.5,170072.9
E01016525,488097.6,181449.9
E01016526,487649.3,181459.7
E01016527,487319.4,181171.7
E01016528,488243.5,181844.8
E01016529,488656.2,181743.7
E01016530,488122.8,184614.2
E01016531,485599.2,184777.8
E01016532,488904.2,185002.6
E01016533,488110.9,185221.8
E01016534,486486.6,180305.4
E01016535,487139.8,180461.0
E01016536,488345.6,180905.1
E01016537,487803.9,180587.8
E01016538,487460.8,180650.9
E01016539,490023.6,179173.7
E01016540,491116.8,177972.3
E01016541,489908.5,178391.0
E01016542,489925.2,177867.5
E01016543,489100.4,177226.3
E01016544,496776.2,176491.1
E01016545,496296.7,176485.3
E01016546,496537.4,176150.3
E01016547,496057.9,176840.9
E01016548,495118.6,175973.2
E01016549,495519.8,176278.7
E01016550,495929.9,175828.7
E01016551,493921.9,176672.8
E01016552,495327.2,176891.2
E01016553,493578.9,176760.7
E01016554,494485.7,176847.8
E01016555,494718.2,176501.9
E01016556,494508.8,176069.5
E01016557,493966.5,176053.0
E01016558,493483.6,176080.9
E01016559,486969.8,179345.9
E01016560,486847.9,179689.4
E01016561,486226.4,179886.3
E01016562,487688.7,179289.4
E01016563,486304.0,179156.5
E01016564,499436.7,177117.4
E01016565,498494.7,177368.9
E01016566,499505.0,176691.2
E01016567,496711.6,177933.4
E01016568,494510.5,178552.0
E01016569,494976.8,178485.5
E01016570,486897.4,182280.0
E01016571,487830.6,182386.1
E01016572,487869.6,182977.0
E01016573,488153.3,182812.1
E01016574,488486.3,182607.3
E01016575,499753.5,174327.7
E01016576,501373.4,172826.4
E01016577,501523.1,175127.9
E01016578,485505.0,178520.1
E01016579,482499.8,182109.5
E01016580,486119.9,178624.1
E01016581,482890.4,176329.8
E01016582,488827.0,182309.5
E01016583,489768.7,182140.5
E01016584,489054.9,181823.3
E01016585,489817.2,181649.1
E01016586,490067.4,183095.5
E01016587,498673.1,174208.0
E01016588,498267.7,174532.2
E01016589,498922.9,173918.6
E01016591,489720.0,180780.2
E01016592,488592.2,180206.7
E01016593,487969.4,180154.4
E01016594,487681.0,179908.0
E01016595,494969.3,175578.6
E01016596,496473.5,175640.6
E01016597,494126.1,175562.4
E01016598,486666.2,181012.9
E01016599,486666.9,181833.9
E01016600,486145.6,182001.0
E01016601,486996.5,181565.1
E01016602,486225.7,181325.3
E01016603,495622.5,166774.2
E01016604,494523.4,166698.4
E01016605,495159.2,167598.1
E01016606,493448.0,167517.6
E01016607,492500.7,167203.7
E01016608,493687.1,168016.5
E01016609,492205.2,167994.0
E01016611,476818.5,165816.6
E01016612,478558.8,167434.9
E01016613,474308.8,173390.7
E01016614,474696.1,173590.7
E01016615,475538.0,173474.2
E01016616,476118.9,173233.9
E01016617,476681.5,172894.5
E01016618,474531.8,172803.9
E01016619,477389.6,175768.8
E01016620,477710.7,175823.2
E01016621,477051.0,173681.2
E01016622,477139.3,174149.3
E01016623,476546.8,173682.8
E01016624,476445.7,174057.9
E01016625,480147.6,168858.4
E01016626,480610.5,168604.8
E01016627,479712.3,170029.0
E01016628,480303.0,169788.9
E01016629,479276.2,169442.6
E01016630,479054.8,168632.8
E01016631,479505.0,168792.7
E01016632,479599.2,168243.9
E01016633,480252.4,166908.9
E01016634,480247.0,167874.6
E01016635,479075.7,169163.9
E01016636,480214.1,165421.0
E01016637,480870.0,164932.6
E01016638,479788.2,165595.9
E01016639,479417.7,165866.2
E01016640,480045.8,163847.1
E01016643,479169.6,165271.6
E01016644,475959.3,170639.5
E01016645,475501.8,170594.0
E01016646,475357.7,169994.2
E01016647,475984.5,170316.7
E01016648,475055.3,170265.6
E01016649,474598.6,169967.9
E01016651,473759.8,170737.4
E01016652,474956.7,170720.5
E01016653,474431.4,170509.2
E01016654,473956.0,170139.7
E01016655,473741.2,169700.1
E01016656,480092.1,172927.3
E01016657,479440.5,174846.5
E01016658,477981.8,173776.6
E01016659,477483.8,173439.6
E01016660,477346.7,172908.6
E01016661,477083.8,172551.2
E01016662,476363.5,172214.0
E01016663,476531.6,171981.5
E01016664,474938.4,171300.9
E01016665,475674.5,171012.1
E01016666,476248.2,171191.2
E01016668,475082.3,171754.6
E01016669,475758.1,171586.2
E01016670,482216.4,169670.4
E01016671,481222.4,169190.0
E01016672,482804.9,168945.8
E01016673,481908.1,169015.4
E01016674,481678.0,169665.5
E01016676,478877.0,178639.5
E01016678,479355.0,176778.1
E01016679,472974.8,169315.0
E01016680,473509.6,170191.4
E01016684,475720.0,173968.6
E01016685,476061.9,175040.8
E01016686,475753.9,172063.4
E01016687,475679.8,172804.8
E01016688,475223.4,172691.2
E01016689,475991.0,172528.9
E01016690,471293.1,165920.4
E01016691,472809.6,164769.5
E01016692,479164.1,175754.0
E01016693,479567.5,175305.2
E01016694,478796.7,176154.6
E01016695,478857.8,176918.5
E01016696,481400.5,168544.4
E01016699,480917.9,167696.9
E01016700,478644.6,170385.4
E01016701,478515.7,171124.2
E01016702,477511.2,170969.7
E01016703,477618.7,170202.2
E01016704,477842.2,170602.0
E01016705,482747.5,165577.7
E01016706,483454.8,165100.5
E01016707,484022.5,164959.1
E01016708,482390.2,164203.5
E01016709,483651.8,164618.8
E01016710,487960.6,233485.6
E01016711,486277.9,233816.6
E01016713,486157.4,233198.3
E01016714,487225.1,233520.4
E01016715,485209.2,232897.4
E01016716,487743.0,234037.4
E01016717,483993.8,240255.0
E01016718,485289.5,239690.9
E01016719,483228.8,239790.1
E01016720,483935.7,239926.3
E01016721,485192.8,239902.4
E01016722,483582.5,239413.3
E01016723,484248.1,239348.6
E01016724,484557.4,239161.4
E01016725,485337.6,237988.4
E01016726,486242.7,238105.5
E01016727,485702.2,237690.3
E01016728,485196.6,237562.6
E01016729,485937.0,238383.8
E01016731,486889.1,239025.6
E01016732,486991.4,238676.5
E01016733,486389.4,238433.4
E01016734,490642.6,234687.9
E01016736,492813.5,235756.4
E01016737,485549.5,234638.2
E01016738,485715.6,234289.4
E01016739,485526.0,235007.4
E01016740,486286.5,235045.9
E01016741,486001.9,234906.3
E01016742,487595.5,232243.1
E01016744,487996.8,232090.6
E01016745,487349.4,232943.5
E01016746,487821.8,232794.8
E01016748,484047.5,235019.1
E01016750,484425.7,234449.8
E01016751,483933.3,233923.3
E01016752,483606.2,235647.1
E01016753,483318.8,234976.5
E01016754,484958.6,234975.2
E01016755,484033.7,236336.1
E01016756,484185.6,235857.5
E01016757,485431.7,235523.3
E01016758,484672.3,235422.7
E01016759,480023.2,246822.4
E01016761,480247.7,247034.0
E01016762,484928.4,242012.5
E01016763,486474.8,241517.8
E01016764,486028.2,241795.9
E01016765,485390.0,241519.7
E01016766,486174.0,241177.6
E01016767,486003.7,242677.1
E01016768,486001.7,239801.9
E01016769,487719.1,241419.4
E01016770,486705.0,240845.9
E01016771,485675.4,240873.6
E01016772,486038.2,240573.6
E01016773,486657.8,240397.9
E01016774,483668.3,237835.3
E01016775,483657.1,237043.4
E01016776,482913.4,238067.6
E01016777,482587.1,237941.5
E01016778,482858.6,237295.8
E01016780,482384.3,236917.0
E01016781,483415.4,236467.3
E01016783,489528.1,238417.2
E01016784,487146.5,237818.2
E01016786,486290.8,243574.4
E01016787,486755.6,243384.6
E01016788,486101.9,244332.7
E01016789,485783.4,243947.4
E01016790,486495.8,243907.1
E01016791,487371.0,243081.0
E01016792,487078.5,242805.8
E01016793,488396.5,243489.1
E01016794,487889.3,243764.3
E01016795,487348.5,243594.4
E01016796,488881.1,251837.9
E01016797,489026.7,251467.0
E01016798,488369.8,251832.4
E01016799,488396.7,251366.3
E01016800,491591.5,253478.6
E01016801,489098.0,247063.3
E01016802,485646.7,247459.6
E01016803,492591.2,244804.0
E01016804,484861.1,241199.3
E01016805,482579.4,240450.0
E01016806,483838.7,241357.6
E01016807,483672.0,240777.1
E01016808,483280.8,240539.1
E01016809,484592.2,241618.5
E01016810,481612.2,239789.9
E01016811,480191.0,239708.4
E01016812,479608.3,239989.2
E01016813,482218.1,238906.9
E01016815,482338.7,238367.3
E01016816,481943.5,238537.4
E01016817,479340.3,240468.3
E01016818,478809.3,240458.0
E01016819,482072.3,240034.0
E01016820,489354.6,236730.5
E01016821,489545.3,237831.7
E01016822,490233.1,237013.1
E01016823,489682.9,236904.1
E01016824,490547.6,236513.2
E01016825,489785.0,236365.2
E01016826,490853.3,236088.5
E01016827,490277.8,235915.9
E01016828,489408.2,235483.0
E01016829,485109.3,233322.3
E01016830,484633.6,232690.5
E01016831,484829.9,234065.9
E01016832,485221.0,234058.6
E01016833,484496.9,233037.9
E01016834,485361.3,233650.3
E01016835,483315.4,241513.9
E01016836,481297.6,240830.7
E01016837,481600.1,240940.2
E01016838,481652.6,240473.5
E01016839,481059.1,240048.6
E01016841,482612.9,241373.6
E01016842,487147.8,236465.7
E01016843,487615.3,236415.8
E01016844,486483.7,236221.4
E01016845,486996.5,236708.8
E01016846,486703.8,237782.6
E01016847,485908.6,236878.1
E01016848,486414.5,237307.5
E01016849,529320.6,104494.1
E01016850,529923.8,104359.4
E01016851,529638.5,104394.7
E01016852,529698.5,104631.8
E01016853,529437.8,104767.8
E01016854,529926.6,104603.9
E01016855,528864.7,104907.4
E01016856,529118.3,104845.6
E01016857,528467.4,104543.9
E01016858,528681.1,104579.3
E01016859,528994.4,104495.1
E01016860,528537.4,105081.1
E01016861,532752.3,103654.6
E01016862,532490.9,103863.5
E01016863,532959.5,103963.9
E01016864,533468.0,105059.6
E01016865,533582.6,105145.3
E01016866,533574.7,104562.8
E01016867,532837.1,104528.3
E01016868,533475.2,104260.8
E01016869,533464.4,103885.7
E01016870,529518.7,105478.8
E01016871,529137.2,105210.7
E01016872,528679.0,105315.9
E01016873,528883.7,105413.1
E01016874,529538.4,105165.8
E01016875,530127.6,105341.0
E01016876,530210.9,105108.9
E01016877,529885.4,104852.2
E01016878,529035.1,105723.4
E01016879,527215.3,106282.7
E01016880,526824.8,106141.4
E01016881,526763.2,105794.8
E01016882,527035.6,107452.8
E01016883,526605.6,107278.1
E01016884,527569.8,106951.4
E01016885,527603.0,107350.0
E01016886,527263.5,106953.4
E01016887,526856.9,106761.1
E01016888,527622.1,106472.6
E01016889,532233.5,105449.4
E01016890,532227.6,105721.7
E01016891,532186.6,105320.5
E01016892,532591.5,105341.7
E01016893,532273.8,105058.3
E01016894,531741.1,105040.9
E01016895,532671.8,105018.1
E01016896,531917.8,105000.1
E01016897,531954.4,104791.2
E01016898,532985.3,108737.8
E01016899,534549.6,109564.3
E01016900,532581.8,106978.1
E01016901,531662.4,106790.2
E01016902,531907.8,106932.8
E01016903,531523.7,106594.4
E01016904,532116.5,106378.3
E01016905,531764.4,106265.3
E01016906,534297.8,106496.7
E01016907,533123.1,106869.2
E01016908,533538.1,107315.8
E01016909,532678.7,106428.7
E01016910,533262.2,106165.4
E01016911,533661.0,106358.5
E01016912,532432.7,106074.5
E01016913,532781.9,106100.7
E01016914,534010.7,108009.2
E01016915,533481.4,107886.8
E01016916,524622.9,107512.2
E01016917,525042.1,107596.1
E01016918,524791.4,107201.5
E01016919,525930.2,106987.5
E01016920,525483.7,106933.5
E01016921,525009.1,106624.7
E01016922,525272.8,106686.1
E01016923,530312.0,108110.5
E01016924,530702.3,108958.3
E01016925,531526.5,108314.4
E01016926,532021.2,108672.9
E01016927,531408.4,108798.6
E01016928,530246.5,108673.6
E01016929,531018.2,108370.0
E01016930,531033.9,107933.9
E01016931,531230.9,109236.0
E01016932,531335.6,106085.5
E01016933,531001.1,106162.0
E01016934,531202.4,106482.8
E01016935,530327.0,105893.5
E01016936,530643.2,105594.4
E01016937,531071.2,105693.9
E01016938,530538.1,105438.2
E01016939,531225.4,106810.7
E01016940,530913.7,106557.9
E01016941,531529.9,104067.0
E01016942,532131.2,104015.0
E01016943,532506.3,104355.8
E01016944,532185.8,103845.9
E01016945,531780.6,103974.4
E01016946,532397.2,104747.1
E01016947,531570.9,104640.9
E01016948,531869.3,104537.0
E01016949,531864.8,104225.1
E01016950,530453.8,104845.7
E01016951,530225.1,104716.2
E01016952,530830.0,104143.2
E01016953,530401.1,104588.0
E01016954,530129.9,104305.2
E01016955,530334.3,104253.0
E01016956,538672.1,103072.3
E01016957,534093.3,103109.4
E01016958,538096.3,102801.0
E01016959,537487.3,102365.3
E01016960,536906.8,102679.0
E01016961,538374.6,102198.7
E01016962,536111.5,103607.5
E01016963,533341.2,103585.7
E01016964,531354.3,105201.4
E01016966,531730.3,105457.0
E01016967,530726.7,105084.0
E01016968,530751.0,104824.2
E01016969,530986.6,104541.2
E01016970,531647.3,105728.5
E01016971,531940.4,105654.8
E01016972,531319.5,105581.0
E01016973,525383.0,105865.2
E01016974,526215.2,105341.9
E01016975,525813.8,105306.1
E01016976,526087.8,106188.9
E01016977,525896.1,106539.0
E01016978,525660.5,105746.2
E01016979,528100.0,105838.5
E01016980,528468.4,106173.2
E01016981,529517.3,106139.8
E01016982,528384.0,107154.5
E01016983,528776.5,107454.4
E01016984,529153.2,106813.9
E01016985,528142.3,106937.0
E01016986,527976.0,104708.7
E01016987,527818.2,105149.9
E01016988,528245.1,105036.7
E01016989,527693.4,104719.2
E01016990,528211.4,105543.4
E01016991,528224.3,105370.8
E01016992,526872.6,104942.1
E01016993,527270.7,105476.5
E01016994,526427.2,105029.3
E01016995,527362.9,104914.4
E01016996,527721.3,105532.4
E01016997,526755.5,105358.9
E01016998,529629.0,108358.6
E01016999,529096.9,108169.7
E01017000,529727.5,107724.2
E01017001,530501.1,107421.9
E01017002,529997.8,107052.0
E01017003,530661.0,106983.2
E01017004,530521.0,106717.2
E01017005,529850.6,106453.5
E01017006,530056.7,106428.7
E01017007,535911.6,106083.4
E01017008,535125.6,105864.3
E01017009,536376.7,105363.8
E01017010,536037.8,105696.7
E01017011,536708.1,105602.6
E01017012,536348.9,104859.5
E01017013,466133.0,101767.7
E01017014,466320.0,102047.1
E01017015,466776.6,101453.7
E01017016,466310.4,101524.9
E01017017,466777.6,101047.6
E01017018,466321.2,101215.7
E01017019,466099.2,100846.1
E01017020,466696.7,100685.5
E01017021,467188.5,100395.9
E01017022,464938.7,99544.0
E01017023,465915.3,99425.3
E01017024,465206.3,99485.3
E01017025,465559.9,99422.0
E01017026,465779.6,99125.5
E01017027,465367.6,99120.8
E01017028,465302.7,99805.6
E01017029,465922.1,99713.0
E01017030,465547.3,99717.9
E01017031,464985.4,100390.0
E01017032,464247.2,100178.5
E01017034,463591.8,100430.9
E01017035,464598.3,99990.3
E01017036,464923.7,101378.3
E01017037,464765.9,101182.4
E01017038,464574.0,101030.3
E01017039,464944.2,100835.2
E01017040,464624.7,100626.2
E01017041,465529.0,102375.0
E01017042,465813.3,101874.0
E01017043,465828.5,102123.5
E01017044,465466.5,102094.7
E01017045,465447.4,101884.4
E01017046,467025.6,103659.3
E01017047,466087.1,102539.4
E01017048,466098.5,103050.5
E01017049,465722.1,102630.4
E01017050,466055.4,105785.5
E01017051,465481.0,105640.3
E01017052,465122.3,105758.1
E01017053,464859.1,105837.0
E01017054,465501.6,105296.2
E01017055,465973.8,105336.0
E01017056,466343.0,105216.1
E01017057,465998.2,104830.3
E01017058,466566.9,104593.4
E01017059,467348.1,105282.0
E01017060,466867.5,105086.4
E01017061,467276.3,106010.5
E01017062,468228.3,105996.1
E01017063,466433.2,105901.0
E01017064,466872.9,105609.6
E01017066,468084.7,105449.1
E01017067,466889.9,99156.4
E01017068,466500.6,98875.4
E01017069,466181.4,98768.1
E01017070,465731.2,98707.5
E01017071,465243.8,98795.5
E01017072,465327.0,98572.2
E01017073,465114.2,98275.8
E01017074,467669.0,99204.7
E01017075,465301.6,101528.5
E01017076,465568.9,100752.0
E01017077,465284.7,101129.0
E01017078,465482.2,101240.6
E01017079,465374.0,100656.7
E01017080,465263.9,100367.9
E01017081,465489.5,100332.5
E01017082,465368.7,101703.3
E01017083,465837.2,101620.6
E01017084,465105.5,103131.3
E01017085,465847.5,103548.4
E01017086,465640.2,103080.9
E01017087,465080.6,102897.8
E01017088,465234.9,102550.4
E01017089,465077.2,103894.7
E01017090,465707.8,104062.0
E01017091,465278.5,103697.4
E01017092,465400.1,103379.0
E01017093,467391.8,99796.6
E01017094,466303.4,99504.9
E01017095,466605.2,99499.5
E01017096,466953.1,99609.6
E01017097,466160.9,99205.0
E01017098,466476.3,99149.3
E01017099,466131.3,100052.9
E01017100,466773.0,100015.1
E01017101,466504.5,100039.5
E01017102,464786.1,101757.4
E01017103,464564.1,101479.9
E01017104,464301.0,102922.3
E01017105,464688.0,102780.3
E01017106,464364.2,102705.8
E01017107,464911.9,102594.5
E01017108,464531.4,102246.0
E01017109,464516.5,102452.2
E01017110,465138.4,102146.1
E01017111,464827.8,102060.6
E01017112,464325.2,105958.9
E01017113,462577.6,105987.0
E01017114,463442.6,105373.7
E01017115,464409.8,106285.0
E01017116,462447.3,106303.7
E01017117,463533.3,106393.0
E01017118,464837.5,106205.4
E01017119,463036.6,106280.2
E01017120,463670.5,106117.4
E01017121,464832.4,98476.5
E01017122,464650.1,98873.5
E01017123,464414.1,98548.4
E01017124,464996.5,99185.7
E01017125,464461.2,99083.4
E01017126,464969.9,98887.7
E01017127,464036.5,98947.5
E01017128,464627.5,99501.4
E01017129,464759.3,99733.5
E01017130,464387.9,99759.9
E01017131,463734.5,99369.5
E01017132,464031.4,99705.8
E01017133,464337.7,99516.8
E01017135,464071.1,99285.3
E01017136,441655.3,112591.7
E01017137,441493.2,112815.3
E01017138,441499.1,112986.9
E01017139,442434.2,111880.1
E01017144,442457.2,115881.6
E01017145,442313.1,116671.1
E01017146,441961.8,116025.8
E01017147,441149.9,115332.0
E01017148,442080.5,116367.1
E01017149,442651.4,115715.0
E01017150,441565.7,115611.2
E01017151,440492.3,115426.1
E01017152,440558.4,114989.7
E01017153,442439.5,112429.4
E01017154,443144.9,112562.7
E01017155,442685.1,112813.5
E01017156,442665.5,112493.4
E01017157,442402.4,113898.0
E01017158,442167.8,113495.0
E01017159,442475.5,113601.8
E01017160,442355.3,113205.4
E01017162,446715.3,112719.8
E01017163,447037.4,112304.0
E01017164,446024.0,112731.7
E01017165,447317.1,112521.2
E01017166,446575.7,112369.0
E01017167,446899.8,111773.1
E01017168,447236.7,111784.7
E01017169,446549.1,111510.8
E01017170,446714.4,111285.8
E01017171,444163.8,113629.8
E01017172,443622.5,113352.9
E01017173,444571.9,113798.4
E01017174,444793.6,115136.0
E01017175,444162.4,114769.7
E01017176,444763.4,114502.7
E01017177,443990.4,114106.5
E01017178,444243.8,114313.0
E01017179,445083.6,114595.4
E01017180,439648.7,116381.4
E01017181,438906.3,116365.9
E01017182,438845.1,115790.1
E01017183,440266.5,116295.4
E01017184,438385.1,115906.2
E01017185,440082.6,115889.0
E01017186,439226.9,115666.9
E01017187,439557.3,115740.5
E01017188,439313.9,115281.1
E01017189,441074.6,112988.6
E01017190,441408.7,113202.9
E01017191,440794.8,112945.5
E01017192,440343.2,113129.9
E01017193,440226.1,112817.0
E01017194,440963.5,112450.9
E01017195,440545.8,112464.3
E01017196,441733.3,113499.8
E01017197,440778.5,113412.1
E01017198,446767.0,113291.3
E01017199,445863.8,113227.0
E01017200,445377.1,113213.2
E01017201,445302.2,114336.1
E01017202,445212.8,113815.8
E01017203,444873.6,113718.4
E01017204,445738.1,114011.4
E01017205,446370.5,113604.3
E01017206,445970.9,113630.7
E01017207,438943.0,114351.1
E01017208,438706.4,113936.9
E01017209,439481.3,113968.7
E01017210,438501.9,113634.3
E01017211,439711.4,113658.8
E01017212,439220.2,113654.7
E01017213,439966.4,113354.7
E01017214,438944.8,113003.3
E01017215,439183.2,113264.7
E01017216,439846.8,112940.7
E01017217,444249.7,112141.6
E01017218,444639.7,112083.5
E01017219,443832.7,111417.7
E01017220,444804.1,111403.0
E01017221,444329.5,111693.7
E01017222,444450.3,111373.2
E01017223,444401.4,113020.5
E01017224,445035.7,112705.0
E01017225,444775.0,112427.6
E01017226,442193.8,114082.8
E01017227,442763.6,113809.7
E01017228,443223.6,113805.6
E01017231,443083.0,114835.0
E01017232,442364.5,114766.1
E01017233,443527.1,114120.9
E01017234,443082.7,114394.8
E01017235,442861.3,114025.2
E01017236,437646.6,114281.1
E01017237,438103.1,113984.6
E01017238,438574.6,114523.7
E01017239,437780.8,113617.6
E01017240,437415.7,113835.2
E01017241,438097.5,115292.0
E01017242,438507.2,114979.3
E01017243,438866.8,115235.8
E01017244,437935.6,114909.8
E01017245,438091.8,114636.4
E01017246,439727.8,114246.2
E01017247,440438.1,113721.0
E01017248,440717.4,114199.6
E01017249,440925.7,113794.8
E01017250,440081.9,113960.6
E01017251,439593.3,114720.8
E01017252,440824.3,114684.6
E01017253,439290.9,114756.7
E01017254,440269.7,114436.6
E01017255,445192.3,111851.9
E01017256,445552.9,112408.6
E01017257,446247.3,111986.6
E01017258,445548.4,111615.6
E01017259,446003.2,111784.0
E01017260,445974.3,111277.8
E01017261,445275.7,111166.6
E01017262,446144.3,110887.0
E01017263,445726.1,110610.8
E01017264,443901.4,115667.0
E01017265,444354.8,115890.0
E01017266,443379.8,115701.3
E01017267,443450.0,115410.0
E01017270,443260.1,116305.6
E01017271,443787.0,116135.2
E01017272,443224.4,116003.3
E01017273,444263.0,110841.0
E01017274,445025.1,110047.5
E01017275,444637.9,110683.6
E01017276,443847.6,110949.9
E01017277,445521.1,110151.3
E01017279,444143.8,110195.2
E01017280,444707.5,109932.6
E01017281,444571.3,109767.1
E01017282,458566.7,91242.0
E01017283,458164.9,91125.9
E01017284,464504.6,88084.7
E01017285,465109.7,87672.1
E01017286,456648.9,92260.3
E01017287,457445.7,91988.4
E01017288,462800.6,88909.6
E01017289,460646.9,86937.3
E01017290,442616.2,87073.1
E01017291,442453.8,82902.8
E01017292,449183.1,88914.6
E01017293,448664.0,88876.5
E01017294,448260.9,88202.3
E01017295,447909.9,88915.7
E01017296,452730.8,85225.9
E01017297,448307.3,83492.4
E01017298,451624.5,77638.7
E01017299,449848.3,76876.4
E01017300,449334.2,96054.0
E01017301,448822.5,95841.1
E01017302,448877.8,95200.3
E01017303,449434.9,95596.8
E01017304,449268.7,95330.7
E01017305,449760.1,95451.0
E01017306,449538.7,94995.7
E01017307,450703.0,95633.0
E01017308,450665.5,95028.7
E01017309,450354.7,95219.0
E01017310,450980.7,89883.6
E01017311,450623.2,89600.1
E01017312,433734.7,86995.6
E01017315,433621.7,87489.7
E01017316,447831.2,95242.8
E01017317,458973.9,83863.4
E01017318,458714.3,83641.5
E01017319,458920.4,83246.9
E01017320,458434.0,83130.8
E01017321,449858.5,88152.1
E01017322,449425.7,88461.5
E01017323,456840.2,85117.7
E01017324,456421.5,83873.3
E01017325,449510.5,89506.4
E01017326,449770.9,89142.6
E01017327,449981.9,88597.6
E01017328,449522.5,88874.6
E01017329,448663.6,93639.9
E01017331,450801.3,88880.7
E01017332,450936.9,89126.2
E01017333,449207.6,90069.0
E01017334,449245.2,90827.1
E01017335,459688.1,92405.3
E01017336,459361.5,92674.0
E01017337,459023.6,92468.5
E01017338,458533.4,92470.3
E01017339,459056.3,91672.6
E01017340,459325.6,92083.3
E01017341,458046.8,92090.7
E01017342,458734.5,91923.2
E01017343,460090.3,91466.6
E01017344,460383.8,91473.5
E01017345,459711.4,91684.1
E01017346,460038.8,92085.4
E01017347,460113.2,84872.7
E01017348,459860.3,84528.6
E01017349,459670.3,84209.6
E01017350,459507.3,84883.7
E01017351,462084.0,91133.0
E01017352,462748.8,90686.3
E01017353,440554.6,88967.0
E01017354,436397.7,89601.8
E01017355,457458.3,81534.8
E01017356,458352.0,81825.1
E01017357,458532.7,82362.2
E01017358,458169.3,82403.6
E01017359,457807.9,81147.5
E01017360,458185.7,81292.0
E01017361,432481.3,86672.2
E01017362,432872.1,87267.7
E01017363,456459.3,77590.3
E01017364,457001.8,77845.9
E01017365,455011.4,77178.3
E01017366,455502.6,77941.7
E01017367,454174.7,92330.3
E01017368,454136.2,91844.5
E01017369,452636.7,82057.1
E01017370,455065.2,79827.0
E01017371,503579.8,237106.5
E01017372,503836.0,237450.4
E01017373,502875.8,237110.6
E01017374,503714.5,238107.2
E01017375,503307.2,237747.4
E01017376,519087.7,235446.0
E01017377,519396.4,237442.9
E01017378,519381.6,236481.2
E01017379,493880.6,236481.6
E01017380,494068.9,235732.5
E01017381,519712.4,243627.4
E01017382,519719.1,244115.8
E01017383,519464.5,244264.6
E01017384,519345.4,244958.3
E01017385,518906.7,244740.3
E01017386,518969.9,243997.0
E01017387,519016.3,245457.9
E01017388,519660.7,245617.5
E01017391,516782.2,238922.4
E01017392,516163.2,238878.7
E01017393,514107.0,236685.5
E01017394,496289.2,242940.7
E01017397,495600.9,242301.4
E01017398,505742.9,234851.1
E01017399,503056.1,235954.2
E01017400,503717.6,235371.8
E01017401,503347.1,235432.4
E01017402,503881.7,234750.4
E01017403,503388.9,234342.6
E01017404,502617.3,234448.9
E01017405,502968.3,234638.3
E01017406,502628.4,235685.8
E01017407,502884.3,235044.1
E01017408,503687.0,230254.1
E01017409,503754.4,230775.9
E01017410,509952.5,242109.7
E01017412,516547.3,242695.0
E01017413,518752.7,240238.6
E01017414,518670.1,241469.4
E01017415,517695.7,238236.9
E01017418,499534.8,241467.3
E01017419,505910.5,237757.8
E01017420,505175.8,238125.5
E01017421,508489.1,237987.5
E01017422,516799.0,245790.1
E01017423,515058.2,251276.1
E01017424,514821.4,248034.6
E01017425,523651.8,244436.8
E01017426,524980.1,248176.0
E01017427,521585.4,249347.0
E01017428,522265.0,249642.7
E01017429,522152.5,249105.7
E01017430,516622.1,249538.0
E01017431,517222.0,249073.8
E01017432,516902.8,248726.6
E01017433,517064.4,249972.9
E01017434,516991.3,249688.7
E01017435,517412.2,249501.7
E01017436,516947.4,250547.8
E01017437,514310.0,239355.9
E01017438,514886.8,239052.2
E01017439,513776.4,238730.9
E01017440,514587.6,238588.9
E01017441,512207.1,238707.2
E01017442,516091.1,235238.4
E01017443,516734.7,235373.6
E01017444,512430.6,234192.2
E01017446,521485.6,236891.6
E01017447,521976.1,236492.3
E01017449,521802.7,237517.1
E01017450,503282.1,232576.7
E01017451,497584.1,233509.9
E01017452,494010.0,233897.8
E01017453,505360.8,252704.8
E01017454,505698.1,252504.7
E01017455,505166.6,252199.4
E01017456,505702.9,251594.5
E01017457,505052.3,251637.9
E01017458,505695.0,253030.4
E01017459,500179.6,250489.6
E01017460,502459.3,250463.3
E01017462,500499.4,250734.8
E01017463,500714.2,251401.7
E01017464,499399.6,256581.0
E01017465,495723.1,255328.2
E01017466,504573.3,249628.4
E01017467,505861.3,249960.7
E01017468,506148.1,249835.8
E01017470,506302.4,250072.4
E01017471,504332.3,249950.4
E01017472,505282.6,248330.3
E01017474,504846.4,248581.9
E01017475,504734.9,248153.3
E01017476,505303.1,248033.1
E01017477,505399.3,247724.2
E01017478,502867.2,257172.2
E01017479,503092.8,252542.5
E01017480,502404.6,253218.6
E01017481,502848.7,252964.4
E01017482,505574.5,250828.6
E01017483,506373.6,250495.1
E01017484,505273.0,250407.1
E01017485,505839.0,250462.4
E01017487,507212.5,246900.5
E01017488,507034.4,251206.4
E01017489,507386.2,251092.1
E01017490,507929.9,251167.3
E01017491,507194.8,250698.4
E01017492,507856.1,251726.0
E01017493,508347.2,251634.3
E01017495,512863.8,252286.2
E01017496,510838.5,249371.3
E01017497,504736.7,250675.7
E01017498,504553.0,251031.1
E01017499,503925.4,250462.6
E01017500,504431.6,250551.3
E01017501,504266.2,250257.0
E01017502,504741.4,250337.8
E01017503,495497.4,264362.6
E01017504,495175.4,256945.4
E01017505,503206.9,247555.2
E01017506,504045.1,248185.8
E01017507,504014.9,247770.4
E01017508,503619.3,247877.2
E01017509,502998.0,248274.2
E01017510,502631.6,247615.5
E01017511,502918.0,248622.2
E01017512,503747.3,248551.5
E01017513,503476.4,247315.6
E01017514,502815.8,247099.0
E01017515,502391.9,246978.5
E01017517,503674.2,247055.4
E01017518,505868.8,248194.7
E01017519,506537.6,248509.7
E01017520,506957.6,248053.9
E01017521,506168.1,248305.6
E01017522,505478.6,248932.2
E01017523,505802.2,248722.5
E01017524,506872.6,250097.3
E01017525,507216.6,250030.8
E01017526,507611.1,249904.3
E01017527,507736.4,250317.3
E01017528,501080.2,253567.0
E01017529,507355.7,251649.1
E01017530,506198.7,252110.2
E01017531,507335.3,252031.9
E01017532,506476.1,251681.2
E01017533,506862.9,252096.9
E01017534,506358.2,251169.9
E01017535,503565.2,249877.0
E01017536,503924.5,249551.2
E01017537,503243.6,249286.4
E01017538,503634.9,249163.6
E01017539,503826.9,249707.0
E01017540,507466.9,263546.8
E01017541,503865.5,262736.8
E01017542,515027.1,254915.1
E01017543,512035.1,259621.0
E01017544,499570.3,259540.3
E01017545,499069.1,260034.8
E01017546,494348.0,252530.1
E01017547,500668.0,247285.8
E01017549,506442.6,243228.3
E01017552,502369.3,242591.8
E01017553,500967.1,245708.7
E01017554,500791.9,245336.6
E01017555,492280.0,225128.1
E01017556,492683.2,225299.1
E01017557,491942.1,225480.8
E01017558,507959.2,231169.0
E01017559,508352.5,230845.2
E01017560,508420.7,231513.6
E01017561,506617.7,218715.2
E01017562,506160.4,220127.7
E01017563,506392.9,219334.6
E01017564,508200.3,218355.8
E01017565,501627.7,221195.4
E01017566,500339.4,221355.1
E01017567,501132.4,221221.2
E01017568,501443.9,222278.8
E01017569,501441.1,221923.1
E01017571,496961.6,220887.0
E01017572,497520.3,220572.0
E01017573,493327.8,225096.7
E01017576,493104.4,224643.5
E01017577,492743.5,228150.8
E01017578,501353.4,223564.9
E01017579,501436.8,224122.9
E01017580,502997.4,223935.2
E01017581,502132.9,223736.4
E01017582,503534.4,222295.6
E01017583,503968.3,222341.7
E01017584,503127.5,222406.6
E01017585,503558.9,222777.2
E01017586,503232.3,217962.7
E01017587,501895.9,216871.6
E01017588,498773.5,221497.5
E01017589,491255.3,225093.5
E01017590,491379.9,225508.6
E01017591,491299.4,224512.9
E01017592,502495.3,221599.6
E01017593,502877.0,221249.7
E01017594,503238.0,220858.8
E01017595,500394.4,222232.0
E01017596,500978.9,222029.8
E01017597,500716.2,221765.5
E01017598,500459.1,222988.2
E01017600,503323.9,224488.3
E01017601,502870.9,224715.7
E01017602,502586.7,224445.0
E01017603,493102.2,225684.9
E01017604,493544.5,225702.4
E01017605,493866.2,225358.1
E01017606,492516.5,227038.2
E01017607,491888.2,226779.6
E01017608,492402.8,225768.0
E01017609,492690.9,226123.5
E01017610,490716.7,225724.3
E01017611,490076.5,225234.4
E01017612,490397.5,225483.0
E01017613,490871.9,225075.6
E01017614,490521.5,224935.7
E01017616,508788.8,225260.7
E01017617,502097.0,224289.5
E01017618,501812.1,224501.6
E01017619,502505.5,225020.7
E01017620,501081.9,228500.7
E01017621,500608.4,228612.0
E01017622,500981.8,228203.6
E01017623,502233.0,221277.7
E01017624,502804.0,220630.1
E01017625,501963.6,220801.5
E01017626,502406.4,220551.0
E01017627,488315.4,212066.1
E01017628,484300.9,211061.6
E01017629,489111.7,211723.1
E01017630,485798.2,210890.0
E01017631,483537.1,210570.1
E01017634,482508.1,213622.6
E01017635,483864.0,212779.0
E01017636,484459.6,212627.0
E01017637,483102.5,213266.2
E01017638,483772.2,212268.5
E01017639,483351.0,212797.5
E01017640,484139.5,213173.8
E01017642,465428.1,213996.8
E01017643,464016.9,212017.6
E01017644,470575.3,233987.7
E01017645,469511.4,233934.5
E01017646,469666.2,234546.0
E01017647,470311.9,234605.9
E01017648,470396.6,233417.7
E01017649,469296.2,233442.7
E01017651,492121.2,216738.9
E01017652,492090.3,217696.4
E01017653,480637.1,213330.1
E01017654,480906.7,213645.0
E01017655,480839.8,212759.7
E01017657,497679.0,219142.9
E01017658,496863.0,219605.1
E01017659,482107.0,214925.2
E01017660,482642.5,215106.5
E01017661,482598.3,214786.5
E01017662,482353.9,214377.1
E01017663,481923.6,214294.1
E01017664,482420.7,215584.5
E01017665,481200.0,214365.2
E01017666,481517.0,214319.0
E01017667,480866.8,214980.6
E01017668,481526.6,214952.0
E01017669,486976.0,230752.7
E01017670,488312.4,229150.8
E01017671,478015.4,234063.4
E01017672,477521.2,231117.4
E01017673,468112.8,220617.6
E01017674,469048.4,219579.1
E01017675,473508.5,208594.4
E01017676,474354.1,209131.0
E01017677,474080.6,208521.4
E01017678,478914.6,212270.7
E01017679,478001.6,212096.9
E01017680,474445.4,208864.2
E01017681,469380.7,209022.7
E01017682,469268.2,208834.2
E01017683,465026.1,207471.3
E01017684,473336.1,210979.5
E01017687,482567.5,212157.2
E01017688,482309.3,212601.9
E01017689,483140.2,212141.8
E01017690,482291.3,211683.5
E01017691,483407.1,211788.8
E01017692,482586.0,212785.3
E01017693,464807.1,223237.6
E01017694,468313.1,224668.3
E01017695,484624.3,231320.3
E01017696,482645.8,229740.4
E01017697,483212.8,214600.2
E01017698,483420.7,213843.4
E01017699,482951.0,213869.5
E01017700,483969.7,213742.2
E01017701,493590.1,215382.6
E01017702,494041.4,216104.0
E01017703,474440.0,220055.6
E01017704,477619.2,222508.1
E01017706,479940.2,214958.6
E01017707,480264.3,215146.8
E01017708,480430.8,214817.2
E01017709,481782.7,212731.2
E01017710,481861.5,212227.6
E01017711,481252.2,212882.8
E01017712,481775.2,213229.0
E01017713,469902.8,226964.5
E01017714,470245.1,227081.5
E01017715,477633.1,225415.0
E01017716,485181.1,225975.8
E01017717,464084.6,234802.2
E01017718,467669.2,232048.9
E01017719,474567.2,216886.1
E01017720,474273.3,216801.9
E01017721,481935.0,211500.1
E01017722,481569.5,211457.5
E01017723,481103.8,212388.6
E01017724,481408.5,211855.8
E01017726,486896.3,207629.2
E01017727,486483.8,208253.1
E01017729,486504.6,208936.2
E01017730,487253.6,208190.7
E01017731,488415.9,222989.6
E01017732,488176.1,222994.2
E01017733,484911.4,220066.1
E01017734,486989.4,219163.4
E01017735,472346.4,230470.8
E01017736,477019.6,228193.9
E01017737,477522.9,228246.0
E01017738,476689.9,227850.6
E01017739,497184.5,197832.2
E01017740,497629.4,197781.1
E01017741,497253.4,198730.5
E01017742,496813.0,198494.4
E01017743,497617.4,198458.3
E01017744,496538.3,197022.5
E01017745,495701.9,197457.9
E01017746,496743.1,197440.2
E01017747,495698.4,202137.4
E01017748,495620.7,202543.0
E01017749,494957.5,202715.9
E01017750,498809.3,202821.1
E01017751,499871.1,189738.6
E01017752,491861.2,202588.8
E01017753,499512.2,191020.4
E01017754,500490.3,191033.1
E01017755,499940.6,190650.5
E01017756,500349.3,191882.0
E01017757,500543.2,191615.1
E01017758,500225.4,192364.0
E01017759,498580.9,192711.4
E01017760,499516.2,193743.6
E01017761,498488.3,193263.3
E01017762,499739.7,196575.5
E01017763,496381.5,198782.8
E01017764,496904.6,199440.5
E01017765,495715.5,199314.2
E01017766,492689.9,205811.3
E01017767,499207.6,190548.5
E01017768,489352.4,201184.2
E01017769,496716.4,202243.9
E01017770,496153.4,202163.2
E01017771,497043.3,202680.5
E01017773,490666.5,197093.2
E01017774,490128.3,197211.3
E01017775,499238.0,197747.1
E01017776,498641.4,197828.1
E01017777,499937.2,197736.1
E01017778,493196.8,199948.3
E01017779,489812.1,199246.9
E01017780,496658.1,202946.7
E01017781,496344.7,202606.0
E01017782,493378.4,192069.8
E01017783,493438.3,195113.2
E01017784,492613.0,192793.7
E01017785,487943.9,199071.2
E01017786,487778.6,200650.6
E01017787,487072.7,201009.0
E01017788,487331.5,200415.7
E01017789,495445.0,203624.5
E01017790,495798.2,203059.6
E01017791,496565.8,200514.0
E01017792,495919.1,201327.1
E01017793,496829.0,200864.1
E01017794,496491.6,191972.4
E01017795,496082.8,202959.1
E01017796,494204.0,190958.0
E01017797,493300.9,191124.3
E01017798,493983.8,191608.8
E01017799,494330.6,190143.6
E01017800,494682.5,190460.9
E01017801,492754.8,190014.2
E01017802,492325.0,190245.0
E01017803,493515.8,183280.3
E01017804,493239.2,182521.5
E01017805,492872.2,182758.2
E01017806,492759.5,183154.2
E01017807,492674.0,181368.2
E01017808,492331.8,181568.2
E01017809,492670.7,181862.0
E01017810,504051.0,188180.2
E01017811,503669.1,188197.3
E01017812,504750.5,185071.0
E01017813,503955.4,186635.9
E01017814,492555.8,180712.4
E01017815,496352.5,185776.5
E01017816,496131.8,184991.0
E01017817,495962.1,183629.4
E01017818,500728.7,187261.6
E01017819,500750.6,188462.8
E01017820,500328.9,188721.7
E01017821,499624.8,187808.6
E01017822,499903.7,186972.4
E01017823,497079.1,186790.5
E01017824,502466.0,183821.8
E01017825,502555.6,182738.7
E01017826,502735.9,183113.9
E01017827,503774.0,181012.8
E01017828,503322.6,181191.7
E01017829,503566.6,179496.9
E01017830,498402.8,184221.3
E01017831,497850.8,184551.8
E01017832,497577.9,183212.9
E01017833,490856.8,181950.0
E01017834,500001.7,181953.6
E01017835,500772.0,180949.0
E01017836,485222.9,192866.2
E01017837,486034.0,193046.9
E01017838,485502.9,192679.7
E01017839,486515.9,192723.8
E01017840,485182.9,191655.2
E01017841,486604.0,191666.9
E01017843,483785.8,191752.0
E01017844,484041.9,191481.0
E01017845,484543.5,191311.8
E01017846,489514.2,187732.5
E01017847,489556.0,187133.0
E01017848,489398.4,188099.2
E01017849,490168.8,187268.8
E01017850,487679.1,193487.1
E01017851,487728.8,193078.2
E01017852,487804.2,194042.7
E01017853,483622.2,194549.8
E01017854,480273.6,193087.2
E01017855,480821.9,191937.6
E01017856,481137.1,191934.4
E01017857,485461.7,193978.0
E01017858,486101.7,193783.4
E01017859,486182.0,194213.5
E01017860,485521.2,194281.6
E01017861,484427.0,194693.4
E01017862,485017.2,194986.4
E01017863,484840.8,194401.4
E01017864,490064.5,189363.8
E01017865,489930.4,189177.8
E01017866,488681.1,187983.7
E01017867,489047.6,190524.5
E01017868,489545.0,189993.8
E01017869,486242.8,197656.6
E01017870,486231.4,196755.9
E01017871,487961.1,197816.4
E01017872,484550.7,197155.6
E01017873,488654.1,196747.0
E01017874,483875.3,198106.5
E01017875,482237.7,185690.1
E01017876,484719.2,188726.8
E01017877,484417.5,188663.2
E01017878,478219.7,188842.3
E01017880,489020.3,196363.1
E01017881,489176.1,195794.8
E01017882,489863.3,195014.9
E01017883,489090.8,194907.3
E01017884,489524.7,195217.0
E01017885,478926.4,204962.9
E01017886,483218.1,207127.5
E01017887,482078.1,200342.5
E01017888,484003.2,199869.6
E01017889,485782.4,187770.5
E01017890,485009.1,187696.6
E01017891,485107.9,187264.4
E01017892,484035.5,186219.4
E01017893,484690.9,186997.1
E01017894,484362.9,186594.7
E01017895,485321.7,186768.3
E01017896,485418.2,186396.5
E01017897,485747.5,187135.8
E01017898,486042.0,187189.0
E01017899,488934.5,192672.4
E01017900,489171.6,192503.4
E01017901,488938.0,193495.1
E01017902,489201.5,193172.7
E01017903,484771.4,193037.3
E01017904,485145.9,193330.4
E01017905,485468.6,193433.4
E01017906,484504.0,192945.2
E01017907,484507.7,192435.1
E01017910,487699.0,192489.7
E01017911,484011.9,192526.4
E01017912,484315.4,193612.7
E01017913,484875.8,193687.5
E01017914,483912.0,192907.1
E01017915,476805.4,195444.3
E01017916,478898.9,196163.9
E01017917,475941.5,196163.7
E01017918,476540.9,195999.6
E01017919,487227.5,193092.1
E01017920,488222.9,194505.9
E01017921,486761.1,194193.2
E01017922,487593.2,194739.7
E01017923,486650.1,193456.8
E01017924,487143.9,193687.7
E01017925,488201.2,192752.6
E01017926,488651.1,192842.6
E01017927,488268.7,193910.7
E01017928,488254.9,193368.6
E01017929,481081.3,203483.9
E01017930,480254.1,203027.3
E01017931,480884.8,203071.7
E01017932,481205.5,204553.1
E01017933,480890.7,203934.5
E01017934,491035.5,189790.3
E01017935,491328.3,189057.6
E01017936,490901.1,187706.3
E01017937,490262.3,193845.3
E01017938,489721.1,194090.3
E01017939,490275.4,190705.0
E01017940,489801.1,191663.5
E01017941,489873.9,190935.1
E01017942,490053.6,194477.2
E01017943,546406.5,258994.2
E01017944,547991.2,259732.5
E01017945,547194.5,259442.1
E01017946,547668.1,259407.1
E01017947,548031.0,259059.4
E01017948,548471.5,259662.7
E01017949,544471.1,259773.0
E01017950,544663.5,259431.6
E01017951,544442.3,260859.2
E01017952,544907.6,260887.0
E01017953,544579.6,260153.4
E01017954,545113.9,260638.6
E01017955,544151.3,260356.3
E01017959,548472.3,256302.3
E01017960,549056.3,256339.0
E01017961,547989.9,256587.1
E01017962,548805.9,257299.4
E01017963,549119.4,256884.9
E01017964,548620.5,256785.7
E01017965,546898.8,257070.1
E01017967,547368.3,257202.7
E01017968,547184.2,256680.7
E01017969,547646.0,256589.8
E01017971,546928.8,260746.1
E01017972,547133.5,260295.8
E01017973,546167.6,260093.7
E01017974,546611.8,260392.5
E01017975,545744.9,261234.5
E01017976,546422.2,261025.5
E01017977,546085.1,260937.3
E01017978,545304.9,261062.9
E01017979,545287.5,261511.1
E01017980,546019.5,261484.0
E01017983,545822.2,258778.1
E01017985,544258.3,257409.5
E01017987,546045.1,257535.7
E01017988,545963.8,257943.4
E01017989,546354.0,258511.9
E01017990,546414.7,258153.9
E01017991,546060.9,258261.0
E01017992,547045.2,256079.5
E01017994,547588.7,256048.0
E01017995,547229.6,255232.5
E01017996,546312.8,256351.7
E01017997,546999.3,258314.1
E01017998,546687.7,257869.9
E01017999,547350.9,257671.9
E01018000,546953.0,257756.8
E01018001,546715.4,257516.5
E01018005,545424.9,257496.7
E01018006,545822.5,260402.1
E01018007,545325.3,260157.5
E01018008,545693.6,259684.5
E01018009,545044.6,259590.2
E01018010,545805.6,259303.9
E01018011,554954.1,260574.6
E01018012,554386.4,260781.9
E01018013,558775.0,266237.9
E01018014,559003.0,266782.3
E01018015,558828.5,267750.0
E01018016,559060.1,267349.6
E01018017,568520.9,260308.8
E01018019,564595.4,262519.5
E01018020,550867.1,284652.7
E01018021,552442.5,283976.1
E01018022,544361.6,280733.2
E01018023,564101.5,258404.9
E01018024,557186.2,281638.3
E01018025,554181.7,280159.3
E01018026,554319.1,279791.5
E01018027,554701.5,281832.8
E01018032,553567.1,280881.0
E01018033,553371.5,280580.6
E01018034,562805.0,270831.9
E01018035,564493.9,270295.6
E01018036,546260.6,275133.7
E01018037,546510.9,275315.8
E01018038,549552.7,278828.9
E01018039,550289.3,278944.0
E01018040,564381.0,274463.4
E01018041,564546.8,274155.7
E01018042,556941.9,286547.6
E01018043,556662.5,286369.8
E01018044,556994.7,287087.3
E01018045,555986.0,287345.1
E01018047,559016.1,274391.9
E01018049,558764.7,272686.4
E01018050,559569.9,273320.0
E01018051,560121.3,272383.4
E01018052,559213.7,273256.5
E01018053,548573.8,275048.0
E01018054,551489.2,274681.3
E01018055,544368.8,278739.4
E01018056,544407.7,279122.2
E01018057,556784.3,263977.4
E01018058,528051.4,297931.8
E01018059,529498.1,296962.0
E01018060,534247.9,290734.4
E01018061,530787.6,297752.7
E01018062,539964.1,286264.4
E01018063,546600.3,309970.9
E01018064,526485.5,297812.8
E01018065,540039.8,290730.9
E01018066,546702.8,305102.9
E01018067,546977.7,306504.4
E01018068,548105.0,298245.1
E01018069,547019.4,308723.3
E01018070,546452.2,308723.8
E01018071,546808.5,309404.6
E01018072,528024.0,297406.7
E01018073,547292.5,310463.3
E01018074,527812.1,296975.7
E01018075,527571.5,296679.8
E01018076,547734.9,289586.1
E01018077,541922.1,296711.7
E01018078,542539.6,296624.4
E01018079,542129.3,296015.4
E01018080,542329.7,297255.5
E01018081,540768.4,297761.9
E01018082,541416.7,297356.8
E01018083,541445.7,297753.6
E01018084,542015.6,298174.7
E01018085,541218.2,295760.0
E01018086,540505.1,297152.4
E01018087,541182.1,296632.1
E01018088,541837.9,295564.6
E01018090,537577.3,308346.4
E01018091,539090.8,304198.4
E01018092,541862.9,308111.4
E01018093,545391.9,309886.5
E01018094,544234.3,311576.6
E01018095,541880.8,312037.2
E01018096,545151.9,310916.8
E01018097,542657.4,316141.6
E01018098,526415.2,297245.0
E01018099,526055.5,297501.7
E01018100,526981.7,297378.5
E01018101,526884.8,296891.4
E01018103,547517.5,310152.8
E01018104,547380.4,309631.0
E01018105,538949.1,285736.4
E01018106,538973.2,285189.4
E01018107,546506.5,310822.8
E01018108,546170.9,311049.1
E01018109,546946.6,310843.1
E01018110,539435.1,285628.2
E01018111,541545.0,292440.5
E01018113,517977.1,276482.4
E01018115,515224.5,266158.7
E01018116,520960.4,270106.5
E01018117,520803.2,271036.5
E01018118,520066.1,271266.0
E01018119,519372.4,267132.2
E01018120,519444.6,267601.4
E01018121,534389.3,272200.9
E01018122,534436.1,271861.0
E01018123,538646.3,275089.6
E01018124,536861.7,274895.6
E01018125,513960.6,272376.4
E01018126,508295.7,275527.9
E01018127,514666.8,290071.5
E01018128,508793.3,294105.9
E01018129,531678.0,268573.7
E01018130,532145.5,268443.9
E01018131,525161.0,270413.0
E01018133,525026.6,270040.9
E01018134,524759.0,269640.4
E01018136,526725.5,255885.0
E01018137,521969.9,266242.7
E01018138,524163.2,271954.0
E01018139,525014.8,273590.5
E01018140,525012.3,273103.6
E01018141,525600.1,273049.8
E01018142,524954.5,272579.5
E01018143,524310.1,272561.6
E01018144,524624.7,272995.2
E01018145,524119.0,273063.1
E01018146,524266.6,273943.2
E01018147,524586.2,273586.6
E01018148,522121.0,272242.3
E01018149,522832.6,272747.4
E01018150,523113.0,272435.9
E01018152,513333.4,264566.2
E01018153,509799.3,268151.0
E01018154,518680.2,262214.6
E01018155,518720.0,262681.8
E01018156,529278.7,285675.1
E01018157,525876.4,288373.1
E01018158,528701.9,285183.7
E01018159,527958.1,285056.3
E01018160,528104.5,285094.3
E01018161,530757.7,273233.3
E01018162,531082.4,273454.8
E01018163,531621.1,272988.5
E01018164,531146.5,272977.2
E01018165,531464.8,272646.6
E01018166,531790.4,271757.2
E01018167,531686.3,272263.1
E01018168,531377.4,271410.8
E01018169,530849.7,272109.3
E01018170,530679.4,272817.8
E01018171,530305.9,272562.7
E01018172,517645.1,260236.0
E01018173,516907.7,260087.4
E01018174,517234.1,259741.0
E01018175,517079.2,260526.1
E01018176,517504.1,260785.5
E01018177,517102.8,258994.7
E01018178,516635.3,258941.2
E01018179,516668.6,259416.1
E01018180,516620.1,259728.6
E01018182,518885.3,258736.6
E01018183,519020.5,260112.3
E01018184,518940.9,259762.2
E01018185,518418.1,259645.2
E01018186,518669.4,259200.5
E01018187,518416.8,260488.9
E01018188,519169.6,260482.1
E01018189,519412.7,261193.0
E01018190,518663.4,260820.8
E01018191,516608.8,283417.1
E01018192,516458.3,283135.5
E01018193,517298.6,283168.8
E01018194,516558.7,284044.5
E01018195,517089.4,283548.0
E01018196,531104.3,276964.8
E01018197,536353.5,278112.8
E01018198,536147.0,277930.4
E01018199,537171.6,276461.2
E01018200,516434.7,289140.3
E01018201,516057.4,289498.7
E01018202,529106.2,270540.5
E01018203,530249.2,270394.5
E01018204,528924.6,266437.0
E01018205,528082.4,272399.7
E01018206,528600.4,273866.1
E01018207,525947.3,282616.5
E01018208,530799.7,280668.0
E01018209,531025.6,280059.0
E01018210,530675.7,280332.1
E01018211,528214.2,283896.5
E01018212,520275.8,294711.6
E01018213,519127.2,292793.2
E01018214,518471.6,292787.3
E01018215,518911.4,292616.8
E01018216,517725.6,292474.6
E01018217,518050.7,292125.0
E01018218,560635.3,251938.6
E01018219,558958.6,250543.0
E01018220,562299.4,244575.8
E01018221,538057.8,263286.6
E01018222,538346.0,263181.5
E01018223,537626.1,263394.5
E01018224,540652.7,258627.5
E01018225,542582.3,255676.5
E01018226,534336.2,245654.3
E01018227,533682.8,244134.6
E01018228,531784.1,242986.6
E01018231,535209.5,258406.0
E01018232,538527.0,256428.3
E01018233,545030.6,268239.3
E01018234,545161.6,267646.4
E01018235,544739.2,267408.7
E01018236,544970.7,267214.8
E01018237,541237.4,264502.3
E01018238,548653.6,244442.3
E01018239,547875.0,246248.2
E01018240,541233.0,248269.1
E01018241,542232.7,245791.8
E01018242,551506.2,256022.5
E01018243,549514.5,256426.6
E01018244,551857.9,256266.6
E01018245,523584.5,252281.8
E01018246,523673.7,252465.5
E01018247,528573.9,251779.4
E01018248,542852.4,260973.6
E01018251,537297.6,259447.8
E01018252,537189.5,259004.0
E01018253,542567.9,250979.3
E01018254,543539.8,251973.9
E01018255,537257.4,253113.4
E01018256,540968.5,252421.1
E01018257,544242.4,263499.6
E01018258,543425.2,263691.2
E01018259,544531.0,263047.5
E01018260,543915.7,263015.3
E01018262,543962.7,264160.3
E01018263,555819.0,247129.0
E01018264,556468.1,247145.2
E01018265,556873.5,246790.3
E01018267,538288.5,244543.1
E01018268,539094.2,243734.7
E01018269,538750.6,244631.5
E01018270,539097.9,247729.4
E01018271,537462.2,245800.1
E01018272,547609.3,263015.4
E01018273,547754.9,262603.1
E01018274,547265.3,262634.7
E01018275,536612.3,250122.3
E01018276,528608.0,263118.3
E01018277,532936.5,266729.3
E01018278,528613.2,262610.2
E01018279,548312.2,249401
E01018280,548548.7,249689.8
E01018281,549156.0,249637.0
E01018282,548714.1,248514.9
E01018283,548918.2,250108.7
E01018284,536139.5,268732.6
E01018285,536078.0,268470.3
E01018286,549812.8,258012.6
E01018287,549461.5,257107.3
E01018288,553252.5,248653.5
E01018289,549999.5,248125.3
E01018290,528531.4,243190.2
E01018291,545130.7,251316.1
E01018292,545649.7,253278.8
E01018293,546344.4,252111.1
E01018294,546465.1,252679.7
E01018295,547232.0,251785.8
E01018296,554900.5,257520.4
E01018297,549077.1,260644.7
E01018298,549991.5,266198.0
E01018299,549515.6,265803.8
E01018300,548042.4,265078.8
E01018301,549862.0,265403.3
E01018302,545463.9,246209.2
E01018303,547179.5,248168.6
E01018304,540438.9,270512.4
E01018305,537447.0,270210.9
E01018306,537744.2,270428.9
E01018307,540478.7,269958.4
E01018308,347724.2,370091.6
E01018309,338054.0,368507.9
E01018310,339133.9,368320.7
E01018311,338440.1,368554.0
E01018312,338654.4,368265.0
E01018313,337536.7,368007.8
E01018314,337786.2,367627.5
E01018315,338482.4,367841.1
E01018316,338293.4,367535.1
E01018317,337769.7,367309.4
E01018319,342166.8,366300.8
E01018320,342841.8,365996.2
E01018321,342353.0,365724.0
E01018322,342636.0,365248.9
E01018323,344088.8,366046.4
E01018324,344387.1,365238.0
E01018325,344568.8,368128.2
E01018328,340073.9,367118.1
E01018330,339775.2,367311.0
E01018331,339775.9,366879.5
E01018332,339231.7,365294.6
E01018333,339737.7,365027.7
E01018334,339551.6,364175.0
E01018335,337335.6,360730.5
E01018336,345547.1,375308.0
E01018337,344325.3,374454.6
E01018338,346007.6,375517.2
E01018339,341542.3,354575.9
E01018340,341228.7,365503.5
E01018341,341044.3,365034.2
E01018342,340748.4,365395.1
E01018343,341559.7,367179.9
E01018344,341924.4,367183.7
E01018345,342575.2,367413.7
E01018346,342082.9,367838.4
E01018347,342613.7,367771.6
E01018349,350983.0,368928.7
E01018350,352721.1,368224.7
E01018351,338779.3,364449.7
E01018352,338571.2,364674.2
E01018353,339090.4,364531.8
E01018354,338592.6,363951.7
E01018355,348848.9,347255.3
E01018356,351363.4,348017.6
E01018357,348483.5,347452.2
E01018358,344367.3,369648.0
E01018359,344692.7,370054.9
E01018360,339637.7,370514.6
E01018361,341233.9,367418.0
E01018362,341081.4,367787.2
E01018363,340943.6,368177.2
E01018364,341967.2,368203.2
E01018365,342063.5,368418.2
E01018366,336380.8,369820.2
E01018367,336380.1,370499.1
E01018368,348971.7,366625.1
E01018369,351441.3,364556.6
E01018370,349086.7,366556.8
E01018371,348817.4,359004.2
E01018372,349977.0,358697.0
E01018373,346090.3,351925.0
E01018374,340514.6,368260.9
E01018375,340518.7,367626.3
E01018376,341389.4,369813.5
E01018377,340273.9,369050.3
E01018378,341548.3,369078.3
E01018379,341269.4,368964.2
E01018380,341768.4,368941.7
E01018381,343069.5,366547.9
E01018382,342424.0,366552.5
E01018383,342724.1,366927.5
E01018384,343152.7,367003.5
E01018385,345576.6,364237.5
E01018386,378866.4,355819.1
E01018387,379262.6,356173.7
E01018388,380102.1,355855.5
E01018389,380116.2,355316.0
E01018390,380617.4,354954.4
E01018391,378480.8,355161.5
E01018392,378332.2,355515.4
E01018395,387242.4,363762.0
E01018396,387078.0,364207.6
E01018397,384932.3,362881.0
E01018398,385320.5,362834.3
E01018399,386170.7,362491.7
E01018400,386748.2,363138.7
E01018401,387026.6,362767.1
E01018402,385812.8,363321.3
E01018403,386185.3,364030.3
E01018404,387614.1,361725.2
E01018405,386803.5,362375.9
E01018406,387837.8,362149.5
E01018407,386632.4,361845.7
E01018408,383997.7,363623.3
E01018409,384405.2,363189.7
E01018410,383961.0,362731.2
E01018411,375933.0,369470.5
E01018412,377465.6,369904.7
E01018413,376783.6,367425.4
E01018414,375343.7,367176.9
E01018415,376185.2,367196.9
E01018416,376180.9,366740.1
E01018417,381272.2,355899.9
E01018418,378160.2,358214.5
E01018419,370666.1,364410.8
E01018420,370632.7,366717.0
E01018421,371076.6,364611.0
E01018422,370585.1,365682.0
E01018423,370651.1,364972.4
E01018424,369853.4,366672.2
E01018425,369964.9,366134.8
E01018426,370262.4,365552.9
E01018427,369918.7,365319.2
E01018428,385037.4,356869.3
E01018429,383519.3,357177.6
E01018430,380629.6,357482.2
E01018431,380975.3,357281.0
E01018432,375255.8,360126.1
E01018433,376885.8,360729.0
E01018434,376342.2,360363.6
E01018435,375711.3,360503.5
E01018436,374381.8,361528.4
E01018437,375627.2,361144.1
E01018438,375142.9,361479.0
E01018439,376253.0,361524.4
E01018440,373815.3,361391.6
E01018441,373589.3,360439.3
E01018443,374746.7,359389.7
E01018445,370774.5,354084.4
E01018446,370295.1,353803.0
E01018447,370589.8,354505.5
E01018448,370126.9,354286.5
E01018449,366412.6,343427.5
E01018450,365235.7,344412.6
E01018451,365503.4,352522.3
E01018452,364485.6,351824.1
E01018454,365244.4,352998.5
E01018455,365763.9,353121.7
E01018456,366153.7,352411.7
E01018457,365791.7,352142.5
E01018458,356874.6,358033.5
E01018459,369620.0,357233.7
E01018460,370121.4,357017.0
E01018461,369778.6,356792.0
E01018462,370216.4,356132.2
E01018463,370870.4,356323.9
E01018464,371129.1,355950.6
E01018466,369513.3,356401.0
E01018468,373207.9,355733.9
E01018469,373786.5,356240.8
E01018470,374604.6,357141.2
E01018471,373414.9,356057.4
E01018472,369889.5,357680.6
E01018473,369495.4,357709.8
E01018474,369003.0,357576.5
E01018475,369625.3,358225.7
E01018476,370629.9,356771.7
E01018477,371315.0,356758.6
E01018478,371032.6,357050.9
E01018479,370590.4,357459.2
E01018481,355166.9,354604.8
E01018482,367911.6,355944.8
E01018483,368401.1,355998.3
E01018484,368984.1,356937.0
E01018485,368983.8,356402.8
E01018486,370555.0,354882.1
E01018487,370352.6,355132.5
E01018488,369836.2,354811.8
E01018489,370239.1,354809.8
E01018490,368439.0,353843.6
E01018491,367925.7,352978.1
E01018492,369029.8,353968.1
E01018493,369920.4,351875.6
E01018494,370539.5,352383.0
E01018495,369725.4,351387.1
E01018496,369405.1,355162.3
E01018497,370045.0,355358.7
E01018498,369072.2,355630.3
E01018499,371862.1,356348.6
E01018500,371738.3,356041.3
E01018501,371463.6,355554.2
E01018502,371982.5,355562.8
E01018503,365381.3,351197.4
E01018504,365372.2,351841.8
E01018505,369041.1,353343.4
E01018506,369750.5,353499.5
E01018507,369396.5,353393.9
E01018508,367723.2,352179.3
E01018509,368030.9,352407.2
E01018510,367961.0,355038.5
E01018511,368434.5,354813.7
E01018512,368823.2,355061.1
E01018513,369215.5,354449.5
E01018514,359296.8,347672.5
E01018515,372359.2,349996.7
E01018516,369678.6,350046.0
E01018518,330416.3,375937.6
E01018519,339932.6,376356.8
E01018520,340392.3,376314.6
E01018521,340281.2,375701.9
E01018522,338700.0,376124.0
E01018523,338308.5,376145.3
E01018524,338791.0,376552.5
E01018525,339451.1,376304.3
E01018526,339162.7,374111.2
E01018527,338732.7,374652.5
E01018528,336806.5,376295.2
E01018529,337200.9,375987.8
E01018530,336094.1,376707.3
E01018531,336827.0,376735.5
E01018532,329706.4,376936.0
E01018533,330102.0,377089.4
E01018534,329312.5,377966.5
E01018535,329643.5,378206.0
E01018536,328280.5,378255.5
E01018537,328474.1,377856.1
E01018538,339205.5,375794.4
E01018539,338741.0,375682.3
E01018540,339043.4,375198.3
E01018541,337745.8,376067.9
E01018542,337744.7,376607.6
E01018543,337372.1,376690.1
E01018544,329316.7,376173.8
E01018545,329218.4,376683.3
E01018546,338408.0,376917.9
E01018547,337740.2,377187.4
E01018548,338529.5,377491.3
E01018549,337241.8,377178.1
E01018550,341145.1,375140.2
E01018551,340851.5,375040.7
E01018552,340954.2,375799.4
E01018553,340566.5,375409.2
E01018554,338772.6,373842.4
E01018555,338328.3,374362.0
E01018556,337913.3,375386.0
E01018557,338378.7,375543.4
E01018558,338613.2,375045.2
E01018559,338238.2,374902.9
E01018560,337407.3,375394.9
E01018561,337602.2,374878.5
E01018562,338293.5,373785.2
E01018565,339612.9,375276.3
E01018566,340155.5,374808.4
E01018567,339627.4,374598.1
E01018568,340208.0,374164.8
E01018569,333536.1,378000.3
E01018570,336020.0,378143.0
E01018571,332769.4,377755.7
E01018572,383793.1,378744.5
E01018573,384871.7,378462.2
E01018574,384521.5,378590.1
E01018575,392891.7,377681.8
E01018576,393690.6,377889.8
E01018577,393376.6,377404.7
E01018578,392492.1,377200.4
E01018579,392213.1,376913.9
E01018580,382826.7,376628.5
E01018581,381260.8,375067.9
E01018582,386320.1,381838.7
E01018583,385378.9,382153.5
E01018584,385756.3,381662.8
E01018585,397848.2,384392.7
E01018586,398326.4,384693.0
E01018587,397373.8,384844.3
E01018588,383792.5,380341.2
E01018589,383659.0,379806.5
E01018590,383049.6,379967.0
E01018591,389236.9,370315.7
E01018592,385479.8,384078.1
E01018593,386101.9,382976.0
E01018594,385955.3,384120.3
E01018595,385550.2,383466.8
E01018596,385903.6,382450.2
E01018598,368993.5,377963.3
E01018599,370190.5,383989.9
E01018600,385376.5,380685.9
E01018601,384171.5,380783.1
E01018602,384773.2,381385.1
E01018603,375012.5,377897.3
E01018604,374577.3,378395.2
E01018605,374680.8,379181.6
E01018606,374914.5,378768.5
E01018607,375504.4,377414.2
E01018608,375845.2,378054.8
E01018609,376268.5,378792.9
E01018610,375869.1,378736.1
E01018611,376607.3,379155.9
E01018612,384890.0,382541.9
E01018613,384695.5,382141.9
E01018614,389864.3,373994.2
E01018615,391539.2,374202.0
E01018616,390556.8,374115.5
E01018617,390813.8,374741.1
E01018618,389542.2,374524.7
E01018619,388877.8,374108.3
E01018620,389883.2,374672.2
E01018621,389288.7,373895.3
E01018622,391133.7,373708.9
E01018623,390991.5,373063.1
E01018624,391465.8,373422.5
E01018625,391326.2,373114.0
E01018627,392124.4,372982.6
E01018628,393031.5,373293.4
E01018629,392187.3,374215.8
E01018630,392705.6,374293.0
E01018631,392619.8,374643.5
E01018632,390542.1,373343.1
E01018633,390221.3,372853.6
E01018634,389951.4,372383.7
E01018635,391623.0,372917.1
E01018636,390778.4,372295.0
E01018637,391119.8,371883.9
E01018638,391591.7,371732.8
E01018639,392012.2,372578.5
E01018640,391719.6,372354.6
E01018641,392060.8,375651.1
E01018642,391200.6,375237.4
E01018643,391216.9,375770.1
E01018644,391642.3,375051.7
E01018645,389847.0,373175.7
E01018646,389474.8,372810.1
E01018647,389524.6,373453.1
E01018648,373165.8,382648.5
E01018649,380095.6,379916.9
E01018650,378176.1,379727.3
E01018651,383806.6,383151.4
E01018652,383861.4,381499.4
E01018653,383539.5,380745.7
E01018654,376931.5,375092.4
E01018655,392341.4,383503.4
E01018657,391906.3,382931.5
E01018658,392244.4,382718.6
E01018659,392778.9,383910.6
E01018661,394212.3,383505.7
E01018662,390494.0,383588.0
E01018663,391627.1,383404.5
E01018664,391784.2,384037.1
E01018665,390763.1,383874.0
E01018666,389566.1,376684.8
E01018667,389866.3,377386.2
E01018668,391844.2,380174.2
E01018669,394920.7,376141.0
E01018670,393196.7,371025.8
E01018671,363603.7,375631.1
E01018672,363080.0,375458.3
E01018673,363793.4,375263.0
E01018674,363525.4,375006.3
E01018675,364308.0,377026.5
E01018676,360014.4,371812.5
E01018677,358534.2,371345.9
E01018678,360480.5,370923.5
E01018679,359911.4,370761.4
E01018680,366218.4,369796.5
E01018681,365710.0,369502.1
E01018682,365540.1,370017.1
E01018683,365819.8,370984.6
E01018684,354794.5,372653.9
E01018685,352283.7,378428.4
E01018686,352664.7,378379.6
E01018687,352593.2,377280.4
E01018688,352125.0,377756.1
E01018689,351578.4,377689.4
E01018690,352145.0,376902.2
E01018691,363936.4,372263.2
E01018692,362541.0,370140.6
E01018693,363284.0,372199.1
E01018694,364117.4,371784.1
E01018695,348505.6,374521.5
E01018696,349453.9,375852.0
E01018697,348744.1,375300.4
E01018698,354878.2,374597.2
E01018699,365933.7,372031.3
E01018700,365450.7,372016.7
E01018701,366386.0,372054.8
E01018702,365270.8,371410.8
E01018703,365994.6,372652.8
E01018704,369086.2,375267.5
E01018705,368859.6,376448.6
E01018706,369351.1,374951.0
E01018707,355210.2,366914.8
E01018708,358571.1,376021.8
E01018709,365136.3,373167.1
E01018710,364791.3,372784.4
E01018711,364519.2,373066.5
E01018712,365303.5,373487.6
E01018714,366066.1,373644.5
E01018715,367398.2,373724.1
E01018716,367060.9,373505.4
E01018717,366702.7,373694.3
E01018718,368258.7,373072.5
E01018719,367545.9,373107.2
E01018720,367594.2,372707.0
E01018721,364879.5,378749.1
E01018722,373462.8,371617.6
E01018723,355498.0,362218.8
E01018724,355773.0,362262.5
E01018725,359368.4,364955.6
E01018726,361912.8,374265.7
E01018727,361232.9,374124.9
E01018728,362326.1,373637.9
E01018729,361814.7,373582.9
E01018730,364565.2,365543.9
E01018731,365189.0,365814.2
E01018732,364424.4,365943.0
E01018733,366885.0,366246.3
E01018734,366346.9,366287.9
E01018735,366332.4,365960.6
E01018736,363528.6,366067.1
E01018737,362980.3,366358.2
E01018738,363374.9,365662.0
E01018739,363666.2,365257.6
E01018740,364365.1,364633.4
E01018741,364152.0,365166.5
E01018742,364752.6,364651.9
E01018743,364415.7,367094.4
E01018744,363528.1,366684.4
E01018745,363917.2,366355.3
E01018746,364686.4,366668.5
E01018747,366003.8,366542.8
E01018748,366419.0,366914.2
E01018749,366097.1,367412.6
E01018750,236276.7,69368.3
E01018751,236093.5,69683.7
E01018752,236001.2,70750.8
E01018753,240765.0,71001.1
E01018754,242425.4,71107.3
E01018755,243207.1,71305.4
E01018756,242531.8,69123.4
E01018757,231860.1,54242.5
E01018759,226234.9,59342.4
E01018760,221129.7,58096.0
E01018761,220339.8,54992.6
E01018762,221288.2,51603.9
E01018763,237441.4,60578.9
E01018764,239919.6,62133.4
E01018765,239265.4,66902.4
E01018766,213769.3,54421.2
E01018767,225522.0,64816.5
E01018768,225985.6,64600.3
E01018770,224705.1,64277.9
E01018771,225278.2,64436.2
E01018772,224332.2,64313.3
E01018773,224960.3,53442.2
E01018774,225818.6,54415.0
E01018777,229530.9,72913.2
E01018778,228883.8,62890.4
E01018779,229122.9,69675.8
E01018780,242535.1,52286.7
E01018781,242771.9,51519.8
E01018782,224929.0,68377.5
E01018783,225616.2,68348.1
E01018784,218499.6,67939.0
E01018785,234777.7,59118.6
E01018786,241791.8,59205.5
E01018787,240891.1,59454.2
E01018788,241424.0,59285.9
E01018789,242254.6,58477.6
E01018790,242103.0,58829.2
E01018791,242755.3,58579.8
E01018792,242178.6,59505.3
E01018793,242957.6,59089.9
E01018794,241528.7,58646.4
E01018795,241436.3,58345.3
E01018796,241071.9,59008.4
E01018797,243850.6,54881.0
E01018798,243640.4,55080.7
E01018799,243504.9,55348.9
E01018800,242962.0,54997.6
E01018803,181456.4,32177.3
E01018804,180761.0,32600.2
E01018805,180773.1,32085.0
E01018806,180367.8,32340.2
E01018807,182467.2,44190.6
E01018808,182086.0,44415.5
E01018810,181697.0,44843.4
E01018811,179286.4,31722.3
E01018812,179746.1,31814.8
E01018813,179652.3,31282.5
E01018814,179352.3,32478.5
E01018815,184320.0,50260.0
E01018816,181645.8,38914.7
E01018817,179519.9,40244.7
E01018818,180307.5,40754.9
E01018819,177865.3,44735.0
E01018820,175073.9,44500.9
E01018821,180642.3,47634.4
E01018822,178346.9,44863.6
E01018823,183016.0,45256.8
E01018824,183312.9,45803.8
E01018825,169838.1,47595.4
E01018826,171758.4,47319.8
E01018827,180228.9,36691.3
E01018828,180770.2,34776.8
E01018829,175084.3,41090.7
E01018830,177376.6,39461.2
E01018831,182808.5,56278.3
E01018832,178439.1,57979.9
E01018833,178668.8,53747.7
E01018834,177664.4,34156.7
E01018835,177827.6,34774.8
E01018836,178342.2,34402.6
E01018837,178546.3,34667.5
E01018838,180116.1,33204.5
E01018839,180466.9,33233.6
E01018840,180374.7,32705.9
E01018841,180040.0,33633.6
E01018842,175425.9,53923.4
E01018843,176036.5,52638.5
E01018844,175803.8,54138.5
E01018845,192362.8,45172.6
E01018846,186324.8,46065.0
E01018847,191438.4,50747.8
E01018848,189840.7,47779.0
E01018849,186205.4,34844.7
E01018850,191488.1,39612.4
E01018851,171946.5,50666.4
E01018853,183671.4,45073.6
E01018854,183289.9,44279.3
E01018856,180654.3,44870.1
E01018857,181546.2,45233.6
E01018858,182148.3,45490.4
E01018859,179626.4,32827.8
E01018860,179503.9,33327.4
E01018861,161626.3,28673.2
E01018862,158271.5,28871.4
E01018863,163839.3,35721.5
E01018864,160473.5,33249.5
E01018865,165696.2,41129.2
E01018866,164900.5,40827.5
E01018868,165017.5,40238.2
E01018869,165621.6,39588.1
E01018870,165673.7,39786.2
E01018871,165060.2,39569.4
E01018872,166200.5,37940.6
E01018873,165859.4,38825.4
E01018874,164167.2,40576.2
E01018875,164239.3,40160.4
E01018876,163616.9,40393.9
E01018877,164121.5,39283.3
E01018878,164763.0,39968.9
E01018879,177760.3,28728.1
E01018880,172897.4,29113.6
E01018881,171168.9,14069.6
E01018882,165779.6,28262.8
E01018883,166373.4,28654.8
E01018884,166682.6,28642.8
E01018885,166043.2,27713.9
E01018886,166491.4,26999.7
E01018887,165880.7,27020.2
E01018888,166604.6,27585.5
E01018889,167498.9,43175.2
E01018890,166884.3,42897.0
E01018891,165657.2,42130.6
E01018892,165946.8,45222.4
E01018893,167267.6,43809.4
E01018894,168996.8,38811.1
E01018895,168032.8,41714.6
E01018896,167475.5,42290.7
E01018897,166859.4,41348.7
E01018898,167514.8,41936.3
E01018899,176717.0,34491.8
E01018900,178354.0,32151.8
E01018901,175921.5,37544.3
E01018902,174052.4,24248.9
E01018903,168253.5,22527.9
E01018904,167718.7,19108.0
E01018905,163802.2,28461.9
E01018906,162996.4,25910.9
E01018907,163265.2,25780.8
E01018908,169666.2,43758.7
E01018909,170352.7,42590.7
E01018910,169688.7,42868.4
E01018911,169695.9,42269.8
E01018912,171003.3,43027.0
E01018913,170122.4,41851.0
E01018914,169295.8,41667.1
E01018915,170433.0,41413.6
E01018916,171891.4,40040.9
E01018917,171464.9,40163.9
E01018918,172895.4,42587.4
E01018919,173259.8,41530.7
E01018920,178754.3,21039.3
E01018921,173371.9,36762.9
E01018922,170175.8,33768.9
E01018923,205743.6,74732.9
E01018924,198847.7,71459.0
E01018925,223462.0,80081.2
E01018926,210017.4,73451.1
E01018927,206153.8,67262.5
E01018928,206555.4,67049.6
E01018929,205560.4,66875.6
E01018930,206203.5,66476.3
E01018931,205932.0,66160.1
E01018932,207043.6,67311.7
E01018933,207149.7,67033.1
E01018934,207933.5,66374.9
E01018935,207395.0,66058.8
E01018936,221058.0,106353.0
E01018937,221749.2,105964.6
E01018938,221115.9,105728.8
E01018940,206328.9,80768.3
E01018941,207148.8,84163.1
E01018942,206029.9,88402.1
E01018943,225198.8,111766.0
E01018944,204143.8,63904.5
E01018945,202699.4,65668.0
E01018946,232579.7,83983.7
E01018948,232771.5,85208.2
E01018949,233071.7,85443.7
E01018950,233216.7,84485.1
E01018951,222365.1,103440.9
E01018952,229874.8,84046.6
E01018953,228533.8,89346.7
E01018954,188569.6,68717.8
E01018955,188181.8,73559.3
E01018956,192841.5,71867.9
E01018957,191252.5,75018.4
E01018958,191742.4,75037.7
E01018959,221698.3,107317.0
E01018960,222667.5,106215.4
E01018961,221002.7,107178.4
E01018962,201109.2,78685.3
E01018965,229327.3,81603.9
E01018966,234933.4,77675.7
E01018967,236573.6,73493.9
E01018968,220517.5,88598.4
E01018969,212462.4,91996.7
E01018970,199540.6,72559.4
E01018971,198543.7,72314.0
E01018972,199081.8,72035.3
E01018973,199833.6,72185.0
E01018974,225659.4,97037.1
E01018975,154622.2,30618.4
E01018976,146460.0,31372.0
E01018977,146136.1,31195.2
E01018978,158263.2,38588.0
E01018979,160565.2,36533.6
E01018980,159822.1,39270.3
E01018981,157160.5,38182.2
E01018982,156409.2,37745.7
E01018983,155723.7,36525.4
E01018985,152883.1,37991.4
E01018986,152879.8,38397.2
E01018987,151516.2,34870.1
E01018988,150826.8,32689.2
E01018989,145333.7,32189.7
E01018990,152643.1,30740.2
E01018991,138277.5,34379.4
E01018992,137221.9,31516.7
E01018993,136835.6,31315.2
E01018994,146352.3,30256.8
E01018995,146942.8,30522.8
E01018996,147749.4,31032.8
E01018997,147062.4,31288.3
E01018998,147280.8,30733.4
E01018999,147324.3,30460.2
E01019000,146302.6,29703.5
E01019001,147169.6,29905.6
E01019002,146628.2,26882.3
E01019003,146009.4,28792.5
E01019004,146267.3,28387.7
E01019005,137759.7,25208.8
E01019006,142647.4,27302.9
E01019007,155235.4,34817.4
E01019008,151122.6,40247.6
E01019009,150778.2,39750.9
E01019010,150919.6,40349.2
E01019011,152043.0,39182.8
E01019012,151679.5,40477.1
E01019013,203685.1,53161.0
E01019014,203167.3,53376.6
E01019015,202677.2,53268.2
E01019016,203030.0,53721.7
E01019018,182653.4,61181.4
E01019019,182282.2,61940.4
E01019020,181618.5,61623.2
E01019021,181846.2,60828.1
E01019022,181200.6,61157.7
E01019023,182217.8,60588.4
E01019024,208427.7,54566.2
E01019025,211402.8,52118.1
E01019026,208014.3,53845.4
E01019027,212227.1,51926.0
E01019028,180593.3,61548.4
E01019029,180983.3,61651.6
E01019030,180252.2,61251.1
E01019031,179140.9,60644.3
E01019032,200399.1,52399.1
E01019033,200994.4,52333.2
E01019034,200907.7,52787.1
E01019035,210446.1,59716.6
E01019036,204950.8,58196.9
E01019037,210256.6,59950.7
E01019038,201431.2,44745.1
E01019039,200644.9,41769.2
E01019040,201340.9,45278.2
E01019041,201989.2,52329.7
E01019042,202677.8,52562.8
E01019043,202443.1,52044.5
E01019044,203275.9,52738.2
E01019045,202312.6,53938.1
E01019046,202314.6,53073.2
E01019047,201736.2,52755.6
E01019048,182919.7,62475.7
E01019050,185052.2,60228.1
E01019051,183792.3,62210.2
E01019052,198714.1,60257.4
E01019053,199125.6,60212.0
E01019054,195333.5,57564.9
E01019055,195295.4,57781.5
E01019056,206630.7,54030.4
E01019057,206949.2,54122.8
E01019058,206946.3,53504.5
E01019059,206109.6,53423.1
E01019060,187337.1,65815.8
E01019061,190914.9,63391.0
E01019062,191078.6,63097.0
E01019063,190922.7,57494.8
E01019064,191281.6,59103.5
E01019065,191555.2,59040.2
E01019066,193843.7,48313.4
E01019067,200867.7,50281.4
E01019068,198735.6,50633.3
E01019069,195814.1,56118.1
E01019070,196526.2,54891.5
E01019071,194404.0,53534.9
E01019072,194255.9,53406.3
E01019073,199217.1,52898.9
E01019074,202528.5,56595.7
E01019075,202380.0,56153.1
E01019076,201616.5,58985.6
E01019077,90641.3,10669.2
E01019078,312468.9,529949.5
E01019079,312944.9,530771.4
E01019080,312771.3,530466.6
E01019081,315442.4,542005.1
E01019082,314572.0,541911.7
E01019083,323922.6,537165.8
E01019084,307531.7,531440.0
E01019085,308959.9,530564.9
E01019086,310890.4,533338.2
E01019087,311466.4,530176.4
E01019088,311809.7,530617.1
E01019089,304136.5,529543.2
E01019090,315521.6,528122.8
E01019091,307766.3,527237.8
E01019092,324070.3,523308.2
E01019093,306919.5,535795.5
E01019094,306943.2,536407.0
E01019095,304599.6,535790.7
E01019096,304432.4,536213.8
E01019097,304053.9,535634.0
E01019098,304213.0,534964.2
E01019099,302260.2,533678.5
E01019100,299696.4,525476.5
E01019101,300687.7,525492.9
E01019102,312945.6,548041.3
E01019104,326407.2,523575.8
E01019106,327772.6,523289.0
E01019107,324720.3,559272.0
E01019108,299548.6,526849.7
E01019109,299980.0,527423.4
E01019110,300448.2,527405.6
E01019111,299160.4,526750.8
E01019112,299276.7,526061.1
E01019113,299570.3,527431.5
E01019114,303709.7,536660.0
E01019115,303492.3,536422.8
E01019116,300545.5,528499.4
E01019117,300203.9,527933.3
E01019118,300159.8,528292.1
E01019119,300760.3,527780.9
E01019120,299751.9,528297.1
E01019121,299748.7,528707.8
E01019122,300241.9,529494.1
E01019123,301895.2,531149.8
E01019124,301388.5,530382.7
E01019125,301859.1,530480.4
E01019126,311058.7,553331.7
E01019127,311635.3,554296.8
E01019128,312268.0,541664.6
E01019129,301963.0,528784.7
E01019130,332352.2,550283.3
E01019131,332233.4,542516.0
E01019132,323007.7,551915.5
E01019133,316777.2,539234.2
E01019134,325916.2,547524.6
E01019135,324732.9,548364.6
E01019136,325878.7,548754.2
E01019137,325526.2,548097.7
E01019138,319865.8,468097.6
E01019139,319580.8,468238.4
E01019141,320139.3,469299.7
E01019142,320422.9,469129.1
E01019143,320265.1,468932.3
E01019144,321772.5,477628.0
E01019145,321139.5,477335.3
E01019146,324175.6,475442.6
E01019147,323033.1,474260.3
E01019148,322892.4,473054.0
E01019149,322862.7,473929.5
E01019150,323413.8,474331.0
E01019151,323108.5,473392.7
E01019152,320725.5,471275.1
E01019153,320425.7,471767.6
E01019154,320725.7,472280.3
E01019155,320900.1,471991.5
E01019156,319533.9,469820.2
E01019157,319946.4,469550.3
E01019158,319576.5,469686.9
E01019159,319534.1,470075.4
E01019160,321227.7,470080.5
E01019161,321717.6,469714.5
E01019162,321616.6,470573.4
E01019163,321283.2,471050.6
E01019164,319736.0,472009.1
E01019165,319585.2,471422.4
E01019166,319801.7,470560.7
E01019167,320138.2,470609.1
E01019168,320518.6,470144.8
E01019169,320610.9,470703.5
E01019170,320332.3,470406.0
E01019171,320034.9,470123.8
E01019172,321227.5,469071.2
E01019173,320967.7,469180.6
E01019175,321302.5,469533.0
E01019176,322595.0,469816.5
E01019177,321828.9,469250.5
E01019178,322413.5,469129.1
E01019179,322563.5,470249.0
E01019180,318149.1,469990.8
E01019182,318409.3,468935.8
E01019184,318175.2,468436.9
E01019185,318110.1,468109.7
E01019186,318487.1,468242.2
E01019187,318314.3,467683.2
E01019188,339280.3,557895.1
E01019189,339013.4,557633.5
E01019190,339285.3,558771.3
E01019191,339672.6,558441.9
E01019192,337071.2,555929.9
E01019193,338285.0,555491.1
E01019194,337885.9,555767.1
E01019195,337539.7,556129.4
E01019196,342160.3,555650.8
E01019197,342196.7,555310.2
E01019198,342532.1,554639.5
E01019199,343065.6,554671.2
E01019200,353526.6,560882.2
E01019201,352712.1,561022.7
E01019202,353040.8,561554.3
E01019203,332861.8,557671.7
E01019204,339406.4,555812.1
E01019205,338551.1,555956.3
E01019206,340607.4,555839.3
E01019207,338971.3,555612.0
E01019208,340135.3,554191.9
E01019209,340503.0,554323.4
E01019210,340347.5,553805.3
E01019211,340547.0,554612.2
E01019212,337148.9,549045.4
E01019215,339338.3,555352.0
E01019216,339654.4,555034.6
E01019217,339730.5,554720.8
E01019218,339211.8,554660.0
E01019219,349241.7,555103.8
E01019220,341476.0,554391.1
E01019221,342467.5,554030.9
E01019222,342031.2,554203.1
E01019223,342449.7,553633.3
E01019224,348575.1,557072.0
E01019225,357937.5,563120.3
E01019226,337199.4,562067.8
E01019227,338377.5,568840.0
E01019228,338073.6,568778.3
E01019229,347608.1,571472.5
E01019230,338296.3,554398.8
E01019231,338107.1,554143.5
E01019232,338809.8,555217.1
E01019233,338693.2,554618.0
E01019234,340926.5,555419.0
E01019235,341382.0,555754.4
E01019236,341036.0,555184.2
E01019237,341042.3,555764.2
E01019238,341019.7,559076.2
E01019239,347215.6,561949.5
E01019240,338523.2,559963.4
E01019241,340473.5,557894.1
E01019242,339776.9,557242.5
E01019243,340192.7,557402.2
E01019244,339905.2,557657.6
E01019245,341931.8,553647.3
E01019246,341001.1,553222.7
E01019247,341108.1,553570.1
E01019248,340671.8,553895.5
E01019249,346145.6,554965.6
E01019250,345896.5,552468.9
E01019251,343761.6,555380.8
E01019252,337687.1,555149.4
E01019253,337501.9,554743.2
E01019254,337266.7,555464.5
E01019255,336982.3,555382.4
E01019256,304883.2,518850.6
E01019257,300984.8,508747.3
E01019258,302046.3,507185.0
E01019259,309948.7,490138.4
E01019260,297786.9,519113.9
E01019261,298484.9,519365.8
E01019262,298216.1,518481.5
E01019264,301151.6,515824.6
E01019265,301829.6,515229.8
E01019266,302146.3,514142.2
E01019267,301992.5,514743.9
E01019269,300360.6,523331.8
E01019270,298117.5,520612.6
E01019271,300654.7,511307.1
E01019272,300200.4,510801.4
E01019273,300389.1,514158.2
E01019274,301126.3,511221.1
E01019275,300681.8,510323.9
E01019277,303584.7,517206.7
E01019278,303116.9,516821.7
E01019279,307085.5,503504.9
E01019280,297487.2,518206.6
E01019281,297840.4,517619.9
E01019282,298018.7,517136.1
E01019283,315663.1,478875.7
E01019284,299253.1,516776.3
E01019285,298764.2,516284.0
E01019286,298903.3,517086.9
E01019287,298562.5,517272.7
E01019288,298646.4,517703.0
E01019289,316667.6,480338.9
E01019290,317036.2,480371.4
E01019291,296741.3,516997.0
E01019292,296973.8,517249.7
E01019293,317192.7,484059.2
E01019294,298113.1,516148.0
E01019295,297953.1,515609.9
E01019296,298446.0,515519.7
E01019298,317463.7,479743.6
E01019299,317591.7,480092.5
E01019300,297115.0,511688.4
E01019301,297116.2,516116.9
E01019302,296982.3,515787.1
E01019303,304190.0,501423.3
E01019304,307870.4,499579.8
E01019305,372052.6,546222.7
E01019306,368192.4,519930.8
E01019307,368716.5,520513.8
E01019308,351617.5,523032.2
E01019309,378743.9,513401.1
E01019310,363232.3,518421.5
E01019311,348285.7,528294.3
E01019312,352539.6,526958.0
E01019313,341720.9,530519.5
E01019314,361658.2,532505.4
E01019315,346987.0,545274.3
E01019316,349138.5,536892.8
E01019317,377246.3,507818.5
E01019318,377418.0,508450.1
E01019319,362248.4,526585.3
E01019320,355714.2,542988.1
E01019321,357153.1,534327.3
E01019322,354659.5,539367.4
E01019323,366695.7,524655.7
E01019324,359115.9,522472.3
E01019325,361782.8,504685.7
E01019326,352913.9,530099.3
E01019327,351983.4,530176.7
E01019328,352445.8,530365.1
E01019329,351720.7,530962.9
E01019330,351537.0,530629.7
E01019331,351098.3,531088.6
E01019332,352212.6,529652.6
E01019333,351507.1,529836.5
E01019334,351512.8,529284.7
E01019335,350769.4,530010.0
E01019336,351143.6,530261.9
E01019337,356335.3,515013.9
E01019338,342051.0,537671.3
E01019339,341033.4,523126.4
E01019340,372035.0,517457.4
E01019343,348586.4,479768.1
E01019344,321248.4,487497.6
E01019345,323203.0,482598.0
E01019346,350445.2,495612.8
E01019347,352393.9,478941.4
E01019348,353106.1,476712.6
E01019349,338504.6,476827.8
E01019350,330302.7,497313.0
E01019351,329566.2,481827.5
E01019352,354164.8,484942.8
E01019353,340171.5,477638.3
E01019354,340668.9,477909.7
E01019355,339782.0,476430.0
E01019356,335737.1,495755.0
E01019357,336525.2,475833.6
E01019358,352845.7,492662.1
E01019359,352520.9,493316.9
E01019360,351306.7,492784.8
E01019361,351167.5,491685.6
E01019362,352498.3,491430.6
E01019363,351318.9,492322.6
E01019364,351361.8,491948.0
E01019365,352059.7,493310.9
E01019366,352586.5,492139.9
E01019368,352777.8,490822.1
E01019369,351160.0,491177.9
E01019370,351308.4,493693.6
E01019371,350841.4,494004.1
E01019372,361156.3,478607.0
E01019373,360890.1,479217.6
E01019374,337594.4,504763.9
E01019375,337828.4,503946.4
E01019376,333657.0,507319.2
E01019377,348918.6,485941.7
E01019378,327246.4,476935.1
E01019379,327340.4,474041.1
E01019380,325600.8,470815.2
E01019381,343421.8,483635.2
E01019382,349878.8,481641.6
E01019383,351996.3,488938.1
E01019384,366327.0,491547.1
E01019385,365742.9,492105.4
E01019386,336071.2,484693.5
E01019387,346827.8,498190.8
E01019388,328974.6,477277.6
E01019389,329505.6,478154.7
E01019390,328657.3,478694.3
E01019391,328819.5,476619.8
E01019392,328878.8,478218.7
E01019393,328341.5,477187.3
E01019394,355884.2,494768.6
E01019395,340981.2,498746.9
E01019396,341120.5,497559.8
E01019397,340412.6,496651.4
E01019400,441855.9,355973.1
E01019401,441127.6,355947.4
E01019402,442068.9,355401.3
E01019403,441626.3,355469.6
E01019404,440872.7,355223.1
E01019405,431129.9,349335.1
E01019406,432441.5,356560.8
E01019407,435106.7,347585.8
E01019408,435676.6,347810.1
E01019409,435879.0,348244.9
E01019410,436903.6,347797.8
E01019411,436626.5,347914.4
E01019412,436639.7,348380.9
E01019413,436035.1,348642.5
E01019414,434098.1,348503.9
E01019415,434904.8,348021.2
E01019416,435475.2,348595.7
E01019417,435169.1,346900.1
E01019418,435779.6,346839.9
E01019419,434936.1,345627.9
E01019420,441942.5,349662.7
E01019421,441513.9,349750.3
E01019422,441571.8,349099.9
E01019423,435011.3,354235.1
E01019424,434833.6,354196.1
E01019425,433928.0,343091.6
E01019426,434448.7,343014.7
E01019427,434188.9,343857.6
E01019428,437071.2,349881.0
E01019429,437282.7,350440.4
E01019430,435443.5,351382.6
E01019431,443312.7,346883.7
E01019432,442122.2,347799.0
E01019433,442705.4,346997.2
E01019434,444360.5,346403.7
E01019435,444777.3,346263.1
E01019436,444030.2,345931.3
E01019437,443681.7,345457.0
E01019438,442773.4,346490.3
E01019439,444044.5,346659.1
E01019440,443534.7,346464.1
E01019441,443098.8,346234.3
E01019442,443647.8,351522.6
E01019443,442137.3,353071.9
E01019444,443112.7,352514.3
E01019445,442540.0,352437.9
E01019446,438608.8,345570.7
E01019447,436320.0,345232.8
E01019448,438805.1,346828.6
E01019449,437646.2,346493.6
E01019450,438247.9,345652.9
E01019451,444683.2,347720.0
E01019452,444278.2,347395.9
E01019453,444915.6,347125.7
E01019454,439366.0,350916.4
E01019455,439902.9,351089.9
E01019456,440283.2,350866.9
E01019457,440993.8,350092.1
E01019458,440142.5,349796.8
E01019459,440495.1,350284.4
E01019460,439862.1,349044.4
E01019461,439441.2,350422.1
E01019462,439241.3,350118.6
E01019463,439789.0,349757.3
E01019464,442082.7,345850.9
E01019465,440138.6,344757.4
E01019467,438734.5,344803.3
E01019468,442972.5,353504.3
E01019469,442678.7,353526.4
E01019470,442118.6,353537.1
E01019471,442218.0,353943.1
E01019473,440857.6,353693.2
E01019474,441015.7,353415.7
E01019475,440108.5,353174.4
E01019476,440814.9,353148.9
E01019477,437718.7,355342.0
E01019478,447549.6,376679.3
E01019479,447712.5,376952.7
E01019480,443632.9,358557.9
E01019481,443194.7,358168.6
E01019482,444302.3,359371.6
E01019483,446795.9,371102.1
E01019484,446931.2,372847.4
E01019485,447414.5,370967.1
E01019486,448188.6,370536.8
E01019487,448048.7,370120.5
E01019488,446529.6,370012.1
E01019489,447024.4,370139.1
E01019490,447565.0,369930.0
E01019491,449012.0,376026.8
E01019492,450071.1,375959.2
E01019493,449759.8,375194.9
E01019495,451665.9,374133.7
E01019496,452395.7,375143.7
E01019497,452418.3,374357.0
E01019498,452258.4,373987.2
E01019499,445480.8,354768.4
E01019500,445932.7,355270.6
E01019501,445554.2,355521.6
E01019502,447805.5,365871.4
E01019503,449935.1,364964.3
E01019504,447933.8,369592.3
E01019505,453095.4,370786.5
E01019506,452445.5,369775.8
E01019507,452753.3,367662.3
E01019508,452477.5,368333.5
E01019509,452023.3,368707.1
E01019510,452133.5,367811.0
E01019511,452456.0,367028.3
E01019513,445165.0,356736.8
E01019514,444545.2,356994.1
E01019515,444602.0,356517.7
E01019516,444076.9,356542.1
E01019517,444796.6,355951.8
E01019518,444227.7,355627.3
E01019519,443837.3,355968.1
E01019520,445402.3,364890.5
E01019521,444418.4,361014.0
E01019522,444221.6,360949.5
E01019523,453366.9,376614.1
E01019524,453003.6,376661.0
E01019525,452671.7,376296.3
E01019526,439779.0,375149.9
E01019527,441627.4,375528.6
E01019528,439634.9,375859.3
E01019529,439767.3,375430.8
E01019530,440488.9,373798.1
E01019531,440865.9,373846.8
E01019532,439978.1,373807.7
E01019533,439118.7,372676.1
E01019534,440400.2,373286.4
E01019535,440813.7,371995.4
E01019536,439622.8,373463.1
E01019537,437245.8,372490.7
E01019538,437783.7,371439.6
E01019539,437321.5,371960.3
E01019540,437040.1,371597.5
E01019541,436536.4,373292.4
E01019542,437798.3,373777.5
E01019543,436593.2,373871.3
E01019544,437086.2,373743.8
E01019545,439901.1,369047.9
E01019546,439385.6,369754.3
E01019547,439973.2,369541.0
E01019548,439170.0,369244.5
E01019549,444225.4,372409.3
E01019550,442044.9,372839.3
E01019551,442152.4,372454.7
E01019552,441771.0,373411.2
E01019553,441305.7,374323.1
E01019554,437098.5,371089.2
E01019555,436681.6,371140.3
E01019556,437285.2,370606.0
E01019557,436235.5,372863.1
E01019558,435263.1,372489.5
E01019559,434963.9,372059.9
E01019560,436070.4,372086.2
E01019561,435604.6,372358.9
E01019562,436639.0,372166.3
E01019563,445135.2,375569.6
E01019564,444457.4,374958.8
E01019565,443749.8,374812.6
E01019566,443327.4,374137.0
E01019567,442383.4,373697.3
E01019568,442599.1,373930.8
E01019569,438177.2,372997.3
E01019570,437373.1,373015.6
E01019571,437503.7,373374.8
E01019572,438737.2,374857.9
E01019573,437985.4,374816.8
E01019574,438460.4,374526.3
E01019575,438125.3,369826.9
E01019576,437616.2,370052.6
E01019577,437879.9,369005.4
E01019578,437899.3,369463.5
E01019579,438343.4,371897.5
E01019580,438038.8,372538.7
E01019581,437864.3,372196.8
E01019582,439610.6,370273.1
E01019583,438904.6,369879.2
E01019585,439400.3,370887.1
E01019586,436706.7,370189.2
E01019587,435917.5,369936.8
E01019588,436223.2,369706.7
E01019589,436933.3,369708.8
E01019590,436134.2,371459.8
E01019591,436052.7,370731.2
E01019592,435419.4,370600.5
E01019593,435337.5,369704.1
E01019594,418656.3,346462.9
E01019595,418098.6,347040.6
E01019596,418320.4,345902.1
E01019597,418813.5,345641.5
E01019598,417692.3,346005.5
E01019599,421485.8,368222.6
E01019600,420880.4,369059.4
E01019601,421630.1,368008.2
E01019602,417324.8,381146.3
E01019603,425251.9,341535.9
E01019604,424173.3,374789.8
E01019605,422920.5,353065.7
E01019606,425313.9,372384.7
E01019607,419185.5,343956.7
E01019608,427044.4,363135.3
E01019609,428778.3,361365.8
E01019610,427356.1,363324.6
E01019611,417827.2,354228.5
E01019612,412161.5,334052.0
E01019613,412498.4,368938.7
E01019614,423421.7,381105.9
E01019615,422188.6,377604.1
E01019616,425724.5,347303.7
E01019617,420831.1,364232.3
E01019618,419566.9,372056.9
E01019619,429405.0,356711.1
E01019620,428280.1,358209.0
E01019621,430513.2,361011.6
E01019622,429742.9,360936.8
E01019623,430153.7,360504.5
E01019624,429338.3,360667.0
E01019625,430774.0,360220.8
E01019626,430141.7,359443.3
E01019627,432170.8,359960.4
E01019628,430923.8,360755.0
E01019629,416140.1,338680.1
E01019630,426100.3,364602.9
E01019631,415159.2,375673.6
E01019632,424353.4,360710.0
E01019633,428532.4,353178.3
E01019634,428177.0,355631.7
E01019635,428289.4,353668.8
E01019636,428814.1,354022.7
E01019638,445713.1,343264.2
E01019639,446025.9,342820.5
E01019640,445436.5,342841.9
E01019641,446718.2,333716.3
E01019642,445840.3,333812.3
E01019643,445947.5,333591.0
E01019644,446509.0,343340.9
E01019645,446329.6,343148.7
E01019646,446755.4,343543.2
E01019647,448761.1,333938.9
E01019648,448122.4,335092.9
E01019649,448490.4,334338.3
E01019650,447506.3,334639.0
E01019651,447902.2,334740.9
E01019652,448163.3,334324.9
E01019653,447518.2,333967.9
E01019654,443997.3,333352.0
E01019655,444568.4,333263.6
E01019656,446533.6,336127.6
E01019657,446975.0,340781.9
E01019658,447312.5,340094.5
E01019659,446836.1,340195.1
E01019660,447032.4,341611.1
E01019661,446755.0,342686.5
E01019662,446858.6,342254.6
E01019663,446515.7,344298.9
E01019664,446025.7,344161.0
E01019665,446350.5,343791.1
E01019666,445785.3,340037.0
E01019667,445262.4,340091.7
E01019668,445814.9,340533.3
E01019669,445135.9,340566.8
E01019670,436305.2,341922.0
E01019671,437034.1,340226.0
E01019672,446313.8,342045.5
E01019673,446159.6,341503.2
E01019674,446479.5,340916.4
E01019675,449209.1,333044.5
E01019676,448907.3,332891.8
E01019677,448613.3,332418.2
E01019678,449119.8,332098.7
E01019679,449172.0,334159.0
E01019680,449802.4,333779.7
E01019681,450028.5,333333.9
E01019682,449405.3,333398.1
E01019683,442493.2,334771.7
E01019684,442224.8,334265.1
E01019685,441629.2,334516.6
E01019686,442410.8,336245.5
E01019687,442302.2,334833.0
E01019688,447420.4,340838.6
E01019689,447408.0,341317.4
E01019690,446924.5,341325.6
E01019691,447461.9,337124.5
E01019692,447610.6,336839.5
E01019693,447764.3,336533.0
E01019694,447558.0,335367.3
E01019695,447884.8,335748.5
E01019696,447533.2,336110.0
E01019697,446896.5,331834.9
E01019698,448131.0,331909.5
E01019699,447059.4,332199.5
E01019700,447600.4,331845.4
E01019701,441686.6,341978.8
E01019702,442987.2,341756.1
E01019703,442667.2,341587.5
E01019704,443604.1,341700.0
E01019705,447953.4,332429.9
E01019706,447483.4,332497.3
E01019707,447220.9,332704.0
E01019708,447563.6,333197.0
E01019709,448232.0,332791.5
E01019710,406611.7,373952.4
E01019711,403193.5,382356.3
E01019712,404368.5,382542.9
E01019713,404613.6,380493.4
E01019714,404358.7,372692.4
E01019715,405792.7,373003.6
E01019716,406153.1,373124.3
E01019717,405928.4,373372.2
E01019718,406423.9,380758.7
E01019719,405863.8,380784.7
E01019720,405163.6,380527.1
E01019721,405587.6,380037.9
E01019722,405996.1,374193.5
E01019723,405193.8,373577.4
E01019724,406251.6,372543.9
E01019725,406440.4,371897.1
E01019726,406558.1,371051.7
E01019727,403327.8,394860.7
E01019728,400908.1,394384.6
E01019729,400995.7,394696.3
E01019730,401813.1,396103.1
E01019731,401290.3,395692.6
E01019732,401570.0,395101.1
E01019733,401866.6,395726.7
E01019734,403631.8,387015.9
E01019735,420687.8,383456.3
E01019736,414073.6,383096.9
E01019737,416897.3,383549.1
E01019738,402892.3,393967.6
E01019739,403465.6,394105.3
E01019740,403173.8,393619.7
E01019741,407601.1,378270.1
E01019742,408882.9,376229.1
E01019743,400639.9,385889.8
E01019744,400911.7,385826.0
E01019745,400467.9,385143.4
E01019746,399933.1,385895.5
E01019747,399453.6,385749.3
E01019748,399932.7,385105.0
E01019749,404712.7,393673.0
E01019750,404252.5,394797.7
E01019751,404360.2,393974.3
E01019752,402299.6,396446.2
E01019753,402651.5,396140.7
E01019754,400533.4,392966.0
E01019755,401394.2,386950.2
E01019756,401899.3,393581.7
E01019757,402268.7,393860.5
E01019758,402688.3,393484.8
E01019759,407059.8,373414.7
E01019760,406676.6,373652.7
E01019761,406990.3,373114.3
E01019762,405455.2,372743.3
E01019763,401945.7,397045.2
E01019764,401170.0,380242.6
E01019765,401112.4,380868.4
E01019766,400721.4,383322.8
E01019767,400862.7,381643.8
E01019768,403533.6,393485.0
E01019769,434861.1,363410.1
E01019770,432779.8,376507.8
E01019771,433763.1,371012.8
E01019772,435522.8,369086.1
E01019774,438495.2,364609.0
E01019775,438642.4,363963.6
E01019776,439253.1,362939.6
E01019777,440002.5,362890.7
E01019778,436675.6,379290.0
E01019779,436202.9,379251.6
E01019780,435325.9,379038.9
E01019781,435639.6,379172.0
E01019782,435953.4,378731.7
E01019783,435295.8,377799.4
E01019784,436190.3,377614.0
E01019785,435682.7,377516.9
E01019786,435559.6,378100.6
E01019787,433688.1,378775.3
E01019788,433272.9,378526.1
E01019790,441841.8,379186.5
E01019791,442923.4,379131.9
E01019792,442048.4,378685.5
E01019793,434679.9,378099.3
E01019794,433721.1,378031.5
E01019795,434268.3,378499.7
E01019796,440223.6,367057.2
E01019797,440707.8,366896.3
E01019798,440810.9,367439.4
E01019799,443263.3,366125.5
E01019800,442765.4,365720.8
E01019801,446047.4,380542.6
E01019802,445780.4,381019.2
E01019803,446460.1,381381.0
E01019804,445160.3,380387.8
E01019805,445385.1,380062.5
E01019806,445109.0,380864.5
E01019807,445609.6,380521.8
E01019808,441225.4,365624.9
E01019809,441509.9,365157.7
E01019810,440605.7,364975.8
E01019811,440795.2,364455.4
E01019812,441906.9,363345.2
E01019813,442255.2,362376.4
E01019814,440604.0,360359.7
E01019815,444844.8,377819.1
E01019816,440350.4,379491.4
E01019817,440762.5,359119.9
E01019818,439155.0,359727.0
E01019819,437646.7,358007.5
E01019820,440524.8,359341.7
E01019821,441192.8,371070.6
E01019822,443189.8,371043.9
E01019823,440975.0,371368.4
E01019824,439256.0,366876.6
E01019825,439692.0,365700.0
E01019826,439551.2,365672.4
E01019827,437435.2,376748.3
E01019828,437094.6,367845.2
E01019829,437754.7,367191.9
E01019830,438167.4,366929.8
E01019831,438609.4,367624.4
E01019832,443260.6,330558.6
E01019833,441429.8,329423.8
E01019834,438301.2,329403.5
E01019837,429838.2,318566.0
E01019838,429429.2,318508.4
E01019839,429827.6,333631.3
E01019840,426931.8,331476.1
E01019841,427097.1,331268.4
E01019842,432154.4,319746.0
E01019843,433291.2,321706.0
E01019844,431072.6,320531.8
E01019845,421669.8,330285.9
E01019846,421402.2,330088.5
E01019847,424866.8,330760.9
E01019848,425256.1,330260.5
E01019850,425744.6,317254.4
E01019851,427693.4,316522.4
E01019852,428150.4,317655.3
E01019853,438593.1,325871.3
E01019854,438686.4,325318.2
E01019855,438315.1,325411.5
E01019856,429385.7,320846.9
E01019857,429649.4,321262.4
E01019858,429870.3,320830.7
E01019859,430560.3,320424.1
E01019860,429136.0,321180.9
E01019861,428678.4,320986.2
E01019862,427905.5,320419.7
E01019863,429016.7,320525.3
E01019864,428411.5,320306.2
E01019865,428922.8,320236.6
E01019866,420997.0,333046.4
E01019867,428096.0,323737.4
E01019868,431160.6,326609.3
E01019869,430452.6,326835.6
E01019870,428622.8,313493.9
E01019871,423025.3,316732.5
E01019872,429617.3,315551.6
E01019873,433342.9,331028.9
E01019874,433871.3,330709.4
E01019875,433673.6,331207.7
E01019876,429693.3,320181.6
E01019877,430051.1,319543.3
E01019878,429522.6,319187.9
E01019879,428974.6,319055.4
E01019880,429604.8,328306.7
E01019882,429938.9,328761.1
E01019885,431769.8,319350.9
E01019887,330057.6,98613.3
E01019888,329653.1,98418.4
E01019889,329714.6,97853.5
E01019890,322401.9,89213.9
E01019891,299455.9,97994.2
E01019894,306729.3,82170.0
E01019895,306640.9,83761.6
E01019896,305763.6,82093.9
E01019897,305976.9,82674.0
E01019898,297914.8,90649.0
E01019899,324626.5,93684.4
E01019900,324502.5,93421.0
E01019901,319730.7,98425.1
E01019902,314063.3,106811.3
E01019903,293493.2,98079.4
E01019904,301744.2,82621.3
E01019905,302056.7,83437.4
E01019906,301469.8,83144.5
E01019907,302023.4,82937.4
E01019908,301224.3,83475.3
E01019909,300705.3,82592.4
E01019910,300423.3,81825.9
E01019911,300484.1,82962.8
E01019912,300566.0,80775.4
E01019913,301164.0,80496.2
E01019914,302457.5,81576.5
E01019915,301555.3,81153.2
E01019916,300289.8,80997.1
E01019917,300484.8,81369.7
E01019918,299674.8,80753.4
E01019919,300158.1,81395.0
E01019920,301927.6,81984.9
E01019921,301540.2,81757.5
E01019922,301154.2,81835.2
E01019923,301240.7,82476.7
E01019924,302369.3,82509.6
E01019925,309694.7,99384.3
E01019927,316182.3,100380.1
E01019928,315645.6,100160.6
E01019929,316230.2,99714.8
E01019930,315099.6,99695.7
E01019931,315757.4,99662.8
E01019932,316007.2,100741.9
E01019933,316714.8,100967.6
E01019934,316743.4,100399.1
E01019935,326060.7,98511.9
E01019936,327124.3,95368.8
E01019937,308329.4,89666.9
E01019938,320370.2,105429.7
E01019939,306409.1,93410.5
E01019940,308478.9,92434.4
E01019942,309551.7,95189.3
E01019943,310553.4,95521.8
E01019944,310108.8,95636.4
E01019945,306919.1,86792.3
E01019946,323819.8,90321.7
E01019947,324556.7,90094.4
E01019948,324229.5,91086.0
E01019949,324478.2,91423.8
E01019950,324329.1,90571.2
E01019951,313589.0,89268.7
E01019952,313363.4,89829.6
E01019953,312931.7,89868.5
E01019954,312150.0,89518.2
E01019955,312813.0,88805.6
E01019956,312615.5,87761.2
E01019957,312077.1,87550.8
E01019958,312367.0,88754.1
E01019959,310955.3,102666.2
E01019960,306412.7,103401.2
E01019961,332103.8,93332.2
E01019962,304648.9,97295.5
E01019963,301160.7,87142.9
E01019964,298692.0,85943.1
E01019965,299329.3,84354.3
E01019966,330892.1,102578.1
E01019967,327206.0,105411.9
E01019968,291640.5,89860.6
E01019969,291494.0,90305.5
E01019970,292004.2,89668.2
E01019971,291923.5,91753.1
E01019972,291683.9,91340.4
E01019973,291183.0,90962.0
E01019974,290226.1,91958.0
E01019975,290633.6,91959.8
E01019976,290210.3,91390.9
E01019977,290606.7,91442.0
E01019980,290344.2,93707.5
E01019981,290331.2,92501.3
E01019982,290108.8,93687.0
E01019983,290678.9,93297.8
E01019984,290184.3,92905.5
E01019985,290754.6,92600.3
E01019986,294305.6,92522.0
E01019987,293671.2,92487.6
E01019988,294192.1,92161.1
E01019989,293899.7,92721.0
E01019990,294138.8,94545.9
E01019991,294231.5,94192.5
E01019992,294468.6,93737.5
E01019993,294474.8,94721.5
E01019994,293031.9,93062.7
E01019995,292778.5,93001.8
E01019996,292889.7,92481.9
E01019997,293062.5,93469.3
E01019998,293186.3,94517.8
E01019999,292878.5,94029.6
E01020000,293591.7,94036.0
E01020001,292813.4,94874.7
E01020002,295533.2,94390.4
E01020003,296267.5,94545.1
E01020004,296533.0,93976.8
E01020005,295237.8,93884.0
E01020006,293841.1,93478.0
E01020007,293293.4,93578.4
E01020008,293437.9,93332.8
E01020009,293508.7,92882.2
E01020010,293603.5,91224.2
E01020011,294373.1,90026.2
E01020012,294992.9,89493.8
E01020013,294110.6,91743.6
E01020014,294459.1,91809.2
E01020015,293925.5,91067.6
E01020017,291418.6,93106.2
E01020018,291659.1,92650.6
E01020019,292712.9,93707.7
E01020020,292560.1,93435.0
E01020021,292001.4,93373.9
E01020022,292341.7,93178.8
E01020023,293104.9,91493.8
E01020024,292881.1,92137.0
E01020025,292453.2,92082.5
E01020026,295255.2,92136.0
E01020027,294952.6,91826.4
E01020029,290999.4,92208.7
E01020030,291266.2,91965.4
E01020031,291058.7,91577.6
E01020032,291430.5,91588.7
E01020036,294362.9,93046.1
E01020037,295175.8,93458.3
E01020038,295568.3,92832.9
E01020039,295173.8,93050.0
E01020040,294784.0,92738.0
E01020041,283640.4,99886.3
E01020042,283991.2,100551.7
E01020043,299723.1,103727.5
E01020044,292492.5,102454.9
E01020045,303246.4,114517.2
E01020046,305661.5,118354.8
E01020047,295840.6,113791.0
E01020048,295635.8,112919.0
E01020049,291429.6,118376.8
E01020050,295738.0,122330.4
E01020051,297142.9,112203.3
E01020052,296116.5,112409.7
E01020053,296859.5,112520.3
E01020054,302285.1,107970.9
E01020055,302123.3,107255.4
E01020056,301281.7,107046.9
E01020057,301596.1,107216.3
E01020058,301648.3,106706.0
E01020059,300972.7,112775.2
E01020060,283198.7,100430.7
E01020061,282494.1,100537.2
E01020062,303562.3,110659.4
E01020063,306555.9,112650.5
E01020064,303733.3,111107.2
E01020065,296311.4,113031.9
E01020067,296513.4,113374.5
E01020068,288093.8,98780.7
E01020069,282799.0,102625.0
E01020070,277803.2,108268.9
E01020071,295793.0,103040.8
E01020072,270781.6,106082.2
E01020073,272991.0,108458.1
E01020074,310519.9,113555.0
E01020075,313938.1,113597.0
E01020076,272364.3,101509.5
E01020077,287073.4,107366.6
E01020078,295077.5,112626.0
E01020079,294760.3,112386.9
E01020080,294528.0,113521.2
E01020081,294854.1,111696.3
E01020082,276949.4,94035.0
E01020083,277308.6,102574.7
E01020084,253733.2,132160.6
E01020085,253467.8,131881.2
E01020087,275984.6,123998.4
E01020088,264156.3,137681.0
E01020089,248931.7,136186.3
E01020090,249314.6,137043.7
E01020091,247715.1,137099.2
E01020092,248167.2,136826.6
E01020093,248552.5,136394.1
E01020094,256089.5,133182.2
E01020095,256231.6,133455.5
E01020096,256427.0,132830.5
E01020097,264061.7,124184.4
E01020098,268541.5,114493.0
E01020099,257047.5,146817.9
E01020100,259897.2,146002.8
E01020101,258465.1,146618.5
E01020102,258274.9,132634.7
E01020103,257141.6,132810.2
E01020104,257603.6,132610.2
E01020105,250815.6,132334.7
E01020106,249200.8,131900.2
E01020107,251379.1,132258.4
E01020108,247389.0,143701.2
E01020109,245336.8,139435.9
E01020110,250267.4,134913.2
E01020111,251909.3,147333.4
E01020112,251991.1,147621.7
E01020113,251530.6,147554.2
E01020114,252362.7,147485.8
E01020115,253029.4,147208.0
E01020116,251647.6,147030.6
E01020117,251724.4,146521.0
E01020118,251272.0,146839.5
E01020119,248303.2,129517.7
E01020120,259358.9,131458.4
E01020121,259962.2,130966.5
E01020122,255970.3,130224.3
E01020123,254220.4,132584.1
E01020124,255014.6,132458.4
E01020125,254393.7,132124.2
E01020126,271877.3,149286.7
E01020127,256545.3,138236.4
E01020128,256861.0,131845.6
E01020129,256885.1,132212.4
E01020130,256552.4,132424.2
E01020131,273181.1,130163.8
E01020132,255342.6,133931.7
E01020133,255961.9,134310.4
E01020134,256039.3,133992.7
E01020135,271376.0,125522.5
E01020136,270911.1,125728.7
E01020137,271577.5,125996.4
E01020138,280467.1,114499.7
E01020139,256114.6,133803.2
E01020140,256970.7,133279.0
E01020141,256819.9,133697.7
E01020142,274194.4,49301.3
E01020143,276002.8,57222.4
E01020144,251144.0,61393.5
E01020145,250841.0,62080.8
E01020146,250972.2,61522.9
E01020147,267079.6,47306.7
E01020148,260528.0,59460.0
E01020149,258993.3,56491.7
E01020150,278700.8,61817.4
E01020151,287096.0,51267.6
E01020152,287676.2,51290.3
E01020153,289137.5,51965.8
E01020154,286681.5,51589.2
E01020155,286504.2,51366.5
E01020156,284673.4,57769.9
E01020157,273928.6,64305.8
E01020158,265830.1,51757.4
E01020159,263218.4,52824.0
E01020160,266720.6,56833.1
E01020161,263298.4,56028.5
E01020162,264489.9,56304.3
E01020163,264138.7,55928.1
E01020164,263852.3,56381.0
E01020165,262460.8,56538.5
E01020166,262820.6,56294.0
E01020167,262145.4,56275.5
E01020168,273842.4,44067.9
E01020169,273595.2,44600.8
E01020170,286783.3,63072.4
E01020171,254990.4,48132.7
E01020172,271036.1,39609.7
E01020173,273486.1,38848.3
E01020174,276521.1,42151.0
E01020175,284875.2,47928.0
E01020176,269925.1,60208.2
E01020177,270137.2,59803.9
E01020178,279549.1,42722.8
E01020179,269158.1,43675.5
E01020180,280886.7,60218.4
E01020181,281445.8,60225.2
E01020182,278740.1,60620.4
E01020183,280278.7,60420.2
E01020184,280152.1,60175.3
E01020185,252693.2,49361.7
E01020186,250722.7,49277.3
E01020187,254947.3,52289.6
E01020188,281892.2,53343.4
E01020189,273084.9,43966.1
E01020190,257821.9,51645.3
E01020191,283437.6,69443.8
E01020192,285547.2,68837.7
E01020193,280954.6,67658.0
E01020194,284829.8,70122.3
E01020195,276154.5,70633.8
E01020196,275717.4,69996.1
E01020197,274482.2,68903.9
E01020198,273559.0,66213.1
E01020199,273692.6,65866.3
E01020200,290923.8,73875.1
E01020201,290624.3,73519.7
E01020202,281390.1,77181.0
E01020203,282001.2,78287.6
E01020204,283049.7,75684.5
E01020205,279544.4,80071.7
E01020206,281499.6,78493.5
E01020208,284893.2,71574.6
E01020209,284614.6,71420.3
E01020210,284977.1,71968.5
E01020211,287519.2,71296.6
E01020212,287789.1,71093.4
E01020213,288020.7,70654.9
E01020214,287440.0,70340.9
E01020215,287954.2,69954.7
E01020216,285335.5,71393.3
E01020217,286539.3,71413.0
E01020218,286074.8,71346.0
E01020219,285807.6,71955.1
E01020220,286418.7,79284.4
E01020221,287099.8,79631.8
E01020222,286819.1,79186.9
E01020223,284666.2,77580.8
E01020224,286335.5,70963.8
E01020225,285688.9,71035.5
E01020226,285957.4,70694.2
E01020227,286773.3,70397.0
E01020228,296237.1,76726.1
E01020230,295768.9,76959.7
E01020231,296783.3,77791.4
E01020232,296272.4,77372.0
E01020233,295444.7,75191.1
E01020234,295645.9,76262.1
E01020235,295549.0,76698.7
E01020236,281672.8,74858.4
E01020237,279497.8,74740.6
E01020238,283810.6,66674.2
E01020239,283939.7,66615.0
E01020240,294561.4,87603.0
E01020241,291847.0,86417.6
E01020242,294265.8,87899.3
E01020243,289917.0,89627.2
E01020244,297505.0,81674.0
E01020245,296016.4,83160.3
E01020246,288977.8,70412.1
E01020247,287987.1,67865.8
E01020248,288167.7,67188.4
E01020249,287976.8,68410.6
E01020250,287422.0,73403.8
E01020251,287685.8,73758.3
E01020252,287480.0,72760.6
E01020253,287169.0,74157.0
E01020254,286921.4,73637.3
E01020255,286857.1,73172.8
E01020256,286476.7,73969.7
E01020257,286941.4,74557.2
E01020258,275296.8,86102.4
E01020259,272643.7,78928.3
E01020260,293071.5,72246.5
E01020261,291797.7,70549.3
E01020262,286983.9,92867.1
E01020263,281798.1,93941.2
E01020264,293807.9,73179.3
E01020265,293440.8,74445.1
E01020266,293647.9,73707.2
E01020267,294185.1,73693.5
E01020268,294351.7,74284.3
E01020269,294067.9,72876.5
E01020270,293003.4,74069.8
E01020271,293323.7,73214.4
E01020272,292911.2,73356.7
E01020273,282454.8,86104.0
E01020274,284349.7,86211.2
E01020275,246285.8,130511.1
E01020276,245316.7,129622.9
E01020277,246048.3,126235.4
E01020278,246864.3,125701.1
E01020279,246333.5,126444.4
E01020280,245197.0,126578.1
E01020281,244156.4,126818.0
E01020282,245109.7,127135.8
E01020283,243871.7,126074.3
E01020284,244941.7,126250.1
E01020285,244401.5,126080.6
E01020286,236708.8,91328.0
E01020287,250309.0,112477.2
E01020288,233181.4,121252.2
E01020289,243388.2,105615.4
E01020290,242754.9,99320.1
E01020291,232141.4,114266.1
E01020292,226124.3,124433.8
E01020293,234380.0,104195.5
E01020294,234089.6,104184.6
E01020295,239929.1,123540.7
E01020296,244985.2,122606.0
E01020297,244977.1,129211.8
E01020298,245054.5,128732.6
E01020299,244106.8,129266.9
E01020300,245035.2,127672.7
E01020301,243966.7,111721.4
E01020302,228919.4,103082.1
E01020303,257119.4,112624.1
E01020304,249141.7,119268.8
E01020305,249633.4,119120.6
E01020306,250459.2,119294.7
E01020307,250118.8,119442.6
E01020308,259036.1,120578.4
E01020309,239696.5,117014.2
E01020311,263158.8,108244.7
E01020312,244813.0,66614.0
E01020313,244662.4,66825.2
E01020314,250787.4,90165.7
E01020315,249462.0,68192.0
E01020316,250995.5,67413.4
E01020317,253697.8,68754.2
E01020318,270094.8,87579.7
E01020319,270079.5,92484.2
E01020320,260327.6,102130.6
E01020321,253934.1,104333.8
E01020323,258579.3,74067.1
E01020324,250264.4,79516.3
E01020325,243026.2,82087.1
E01020326,266353.6,101670.2
E01020327,259600.9,95549.4
E01020328,259421.4,95289.3
E01020329,258737.3,94649.7
E01020330,258793.9,95104.3
E01020331,244649.9,76285.6
E01020332,248034.2,74533.7
E01020333,247599.2,74760.2
E01020334,247214.3,73678.5
E01020335,248290.3,73772.6
E01020336,248773.9,73133.5
E01020337,248888.5,74447.4
E01020338,248367.4,72929.2
E01020339,264981.8,93670.6
E01020340,238884.6,85200.9
E01020341,251125.9,69948.2
E01020342,251351.6,69707.2
E01020343,416491.8,94405.1
E01020344,416225.8,95042.5
E01020345,416298.1,95277.5
E01020346,417476.9,92927.9
E01020347,417854.9,93613.3
E01020348,417425.8,93531.4
E01020349,421606.7,93584.3
E01020350,420901.9,93659.3
E01020351,414268.3,94190.6
E01020352,415118.5,94301.9
E01020353,414606.3,94132.2
E01020354,418090.1,92691.9
E01020355,418961.2,92866.2
E01020356,418205.7,92217.8
E01020357,421721.0,94445.1
E01020358,420835.2,94444.2
E01020359,415127.4,93764.3
E01020360,415003.4,93485.2
E01020361,414401.2,93550.6
E01020362,417402.0,92518.4
E01020363,416942.0,93373.5
E01020364,416786.5,92869.1
E01020365,413895.8,95589.0
E01020366,413882.1,94389.9
E01020367,415556.1,92608.4
E01020369,419870.8,93734.8
E01020370,418855.1,93364.4
E01020371,419957.7,94422.2
E01020372,419056.5,94045.9
E01020373,411736.6,112435.7
E01020374,412343.0,112590.0
E01020375,406769.8,101141.0
E01020376,406890.4,101568.5
E01020377,403613.6,100919.4
E01020378,403832.3,100557.6
E01020379,403142.9,101429.5
E01020380,401425.8,101023.0
E01020381,402430.7,100538.4
E01020382,398678.7,96822.0
E01020383,398771.5,96363.6
E01020384,399196.2,97037.4
E01020385,398956.7,97533.2
E01020386,399196.3,98170.0
E01020387,399068.8,95650.0
E01020388,398289.8,95845.2
E01020389,405918.6,112202.4
E01020390,408148.5,101100.2
E01020391,407413.9,101314.0
E01020392,407745.8,100519.0
E01020393,409332.3,100639.2
E01020394,408841.3,100814.4
E01020395,407871.9,99781.6
E01020396,398991.3,108753.1
E01020397,399852.2,117179.1
E01020398,403031.7,105304.5
E01020400,408329.6,98133.3
E01020401,408185.3,99145.6
E01020402,407646.5,98826.2
E01020403,413366.4,104318.3
E01020404,412225.8,104142.3
E01020405,410988.8,102449.0
E01020406,411064.9,103760.0
E01020407,403788.5,100128.6
E01020408,405989.1,100478.9
E01020409,394742.1,99425.3
E01020410,394990.8,100143.0
E01020411,408154.4,105830.6
E01020412,409361.1,107727.3
E01020413,407763.0,108998.6
E01020414,408373.4,109002.1
E01020415,408414.3,108265.5
E01020416,408974.0,108299.2
E01020417,409432.1,108339.2
E01020418,409825.4,108526.6
E01020419,410119.2,107810.7
E01020420,409080.1,109009.8
E01020421,408022.8,103443.7
E01020422,407925.4,102740.1
E01020423,408476.3,102779.9
E01020424,409066.1,102462.4
E01020425,408977.6,101952.6
E01020426,401385.1,100263.3
E01020427,402089.8,99676.9
E01020428,400802.0,100185.8
E01020429,401649.9,99508.6
E01020430,380317.6,97808.9
E01020431,379893.8,102380.9
E01020432,386209.4,97850.2
E01020433,373169.9,116033.4
E01020434,373619.5,117683.6
E01020435,388634.1,107319.2
E01020436,389341.4,107655.9
E01020437,389300.7,106701.2
E01020438,388512.6,106500.9
E01020439,388882.4,106812.9
E01020440,377254.8,129481.1
E01020441,380737.3,109993.9
E01020442,390706.5,109576.0
E01020443,381125.6,126266.8
E01020444,385507.0,109497.9
E01020445,386527.9,114201.3
E01020446,383226.4,112597.8
E01020447,380699.3,127171.4
E01020448,374382.5,108692.5
E01020449,377987.3,118981.4
E01020450,380482.8,127638.0
E01020452,388362.5,105718.4
E01020453,390163.0,103709.6
E01020454,386545.7,123206.5
E01020456,386993.9,123766.9
E01020457,386154.8,122798.9
E01020458,378795.2,114579.1
E01020460,386039.4,119161.9
E01020462,380337.0,121985.3
E01020463,379862.4,126733.3
E01020464,379996.1,126300.9
E01020465,384632.6,94796.9
E01020466,396471.4,81533.7
E01020467,392689.0,85667.0
E01020468,399547.3,78948.3
E01020469,394536.8,95110.2
E01020470,394452.6,95512.0
E01020471,398486.0,93364.6
E01020472,398080.0,93412.4
E01020473,398297.1,92780.7
E01020474,397319.2,92929.7
E01020475,397455.5,93266.0
E01020476,393123.1,89990.9
E01020477,393119.5,89609.0
E01020478,402184.9,79014.0
E01020479,402835.7,79184.5
E01020480,402890.1,80100.3
E01020481,403196.6,78412.9
E01020482,402688.3,78670.9
E01020483,401436.8,78743.8
E01020484,401980.3,78717.8
E01020485,392424.5,87482.7
E01020486,391838.9,87427.5
E01020487,391791.8,88648.5
E01020488,391995.5,88401.4
E01020489,383766.2,81747.2
E01020490,380420.3,86528.0
E01020491,383688.5,86500.5
E01020492,384185.9,86553.3
E01020493,383065.4,88945.8
E01020494,345821.3,105309.6
E01020495,347610.7,101653.6
E01020496,348312.1,101364.2
E01020497,359126.2,114223.2
E01020498,347874.7,94182.7
E01020499,346269.4,93656.2
E01020500,346598.0,93162.1
E01020501,347397.8,93670.8
E01020502,346239.7,92517.4
E01020503,346606.0,92821.8
E01020504,346845.1,91541.1
E01020505,372978.3,86807.9
E01020506,343471.7,102788.1
E01020507,349254.4,89845.0
E01020508,365096.0,112097.9
E01020509,367839.6,95142.3
E01020510,367873.3,92960.1
E01020511,336404.2,93616.0
E01020512,359781.8,85886.4
E01020513,364467.4,80535.2
E01020514,364999.4,80401.8
E01020515,364849.9,79829.4
E01020516,365612.7,79005.2
E01020517,344052.6,92754.4
E01020518,369981.0,90540.8
E01020519,369806.2,90124.3
E01020520,370254.2,89916.5
E01020523,369342.4,89906.7
E01020524,368339.7,89374.0
E01020525,369345.3,89371.1
E01020526,368391.4,89882.8
E01020527,368546.7,90192.4
E01020528,367779.2,90314.5
E01020529,362716.6,96329.3
E01020530,354832.0,106766.9
E01020531,349652.3,93964.2
E01020532,333584.9,92291.9
E01020533,334059.6,92798.1
E01020534,359668.9,97733.8
E01020535,338625.7,99742.3
E01020536,346138.3,96165.5
E01020537,376187.9,86142.5
E01020538,376637.1,88734.4
E01020539,370635.7,100796.3
E01020540,375862.2,94426.4
E01020541,362127.7,117631.8
E01020542,364385.2,117192.8
E01020543,363898.2,117489.1
E01020544,363923.0,116955.9
E01020546,363713.4,116505.1
E01020547,362762.3,115937.3
E01020549,364714.4,88887.4
E01020550,359296.7,110703.8
E01020551,368342.4,82957.8
E01020552,368072.0,82976.1
E01020553,367938.1,80101.5
E01020554,367929.1,79231.2
E01020555,367950.4,79839.7
E01020556,367993.0,80336.1
E01020557,369237.4,81972.4
E01020558,370315.4,83167.5
E01020559,369598.4,82763.8
E01020560,367972.1,81046.9
E01020561,367692.1,80772.9
E01020562,369148.9,71772.4
E01020563,369956.5,72349.5
E01020564,368269.7,71425.6
E01020565,368765.3,71402.3
E01020566,368459.4,70353.6
E01020569,368689.5,73936.3
E01020570,366844.8,84093.8
E01020571,367154.6,83564.6
E01020572,367049.8,79227.3
E01020573,367318.4,79069.6
E01020574,366998.8,79688.1
E01020575,366472.7,79429.8
E01020576,366414.4,80596.1
E01020577,366491.3,78825.2
E01020578,365912.2,78909.1
E01020579,366917.7,82101.4
E01020580,367056.2,81387.9
E01020581,367897.0,78303.8
E01020582,367609.5,78515.2
E01020583,367258.2,77829.3
E01020584,367069.9,78467.0
E01020585,366968.6,77216.5
E01020586,366329.7,77077.2
E01020587,366699.1,76647.4
E01020588,366458.6,77528.6
E01020589,365990.2,77715.2
E01020590,431185.2,550700.6
E01020591,431137.8,551158.3
E01020592,426747.5,551359.4
E01020593,427183.1,551191.7
E01020594,427431.7,550658.0
E01020595,427809.3,550711.9
E01020596,426950.0,552278.1
E01020597,426578.9,552049.0
E01020598,427479.1,552074.7
E01020599,426788.8,550585.7
E01020600,426902.0,550295.3
E01020601,426097.6,551233.1
E01020602,426449.5,551059.6
E01020603,426084.1,550089.6
E01020604,425252.2,549809.8
E01020605,425973.4,550539.6
E01020606,423285.8,552318.8
E01020607,425694.6,547692.4
E01020608,430554.9,550091.2
E01020609,429306.1,549594.0
E01020610,429466.9,549048.7
E01020611,427701.5,553681.3
E01020612,427452.4,552738.7
E01020613,425979.9,554745.4
E01020614,425799.7,554449.8
E01020615,425663.1,553516.5
E01020616,425245.0,553105.9
E01020617,424521.6,552654.0
E01020618,425275.0,551450.0
E01020619,423996.0,546986.8
E01020620,423810.9,547591.8
E01020621,424398.0,547202.5
E01020622,424844.9,554398.0
E01020623,425166.5,554688.9
E01020624,417673.5,551619.5
E01020625,416795.0,551390.9
E01020626,416784.4,551708.7
E01020627,409381.1,552217.7
E01020628,409558.0,552869.9
E01020629,409840.6,552338.5
E01020630,409038.3,551820.8
E01020631,409555.5,551578.3
E01020632,410123.2,551795.8
E01020633,418865.9,547963.5
E01020634,417230.3,556858.9
E01020635,417910.1,556879.2
E01020636,416601.2,556603.0
E01020637,408068.2,548770.7
E01020638,416542.4,552098.9
E01020639,416449.9,552337.3
E01020640,411021.4,550513.3
E01020641,411280.6,551265.2
E01020642,410846.8,551731.6
E01020643,410566.4,551043.7
E01020645,408504.5,549290.4
E01020646,418332.0,542428.4
E01020647,420434.4,552266.2
E01020648,420048.8,551725.7
E01020649,421260.1,551043.4
E01020650,411662.7,549777.1
E01020651,412104.6,549523.9
E01020652,411601.9,550218.7
E01020653,415333.6,553457.7
E01020654,416226.2,554391.7
E01020655,411930.5,556283.5
E01020656,410407.7,555084.6
E01020657,411102.8,553690.0
E01020658,421444.2,544873.5
E01020659,420976.3,544841.7
E01020660,420247.5,544808.9
E01020661,419552.6,553216.5
E01020662,420075.4,553515.1
E01020663,420373.8,553735.0
E01020664,416433.0,547526.9
E01020665,416999.7,547268.3
E01020666,416188.1,547500.4
E01020667,412174.0,552359.3
E01020668,412597.0,551575.7
E01020669,412814.3,551718.6
E01020670,419008.2,552314.9
E01020671,418844.2,551956.4
E01020672,418923.0,551430.1
E01020673,419684.2,552238.7
E01020674,420893.4,552924.0
E01020675,419901.6,552641.7
E01020676,417760.2,554681.7
E01020677,418220.1,554214.5
E01020678,418589.2,553685.6
E01020679,423565.9,543340.3
E01020680,423567.2,545640.8
E01020681,423654.2,546210.9
E01020682,430595.1,543165.8
E01020683,430878.1,543575.9
E01020685,424165.6,539329.4
E01020686,423714.9,539569.7
E01020687,423113.1,539140.9
E01020688,423327.9,539741.3
E01020689,424185.4,540145.2
E01020690,430739.2,544182.3
E01020691,430597.1,543861.5
E01020692,429279.7,543456.1
E01020693,429446.6,542943.3
E01020694,430659.1,538442.8
E01020695,431208.9,538339.7
E01020696,427348.9,536975.4
E01020697,430789.9,537840.4
E01020698,432010.2,535363.3
E01020699,432605.3,535981.1
E01020700,433993.9,536498.5
E01020701,432110.5,535960.8
E01020702,426523.1,543266.3
E01020703,426856.2,542466.8
E01020704,426630.3,542189.1
E01020705,418854.9,541731.6
E01020706,419142.3,541760.0
E01020708,426353.1,544361.0
E01020709,428512.0,545758.1
E01020710,426480.7,545336.7
E01020711,426754.0,544450.5
E01020712,426097.9,542275.7
E01020714,423885.5,542136.3
E01020716,423406.6,542671.8
E01020717,427937.6,545431.5
E01020718,427428.8,545249.6
E01020719,427923.1,544943.0
E01020720,427404.6,544694.3
E01020721,427786.1,544523.7
E01020722,428787.8,543066.6
E01020723,428776.4,542772.8
E01020724,429357.1,542343.1
E01020725,432928.1,544138.5
E01020726,432128.1,546688.8
E01020727,431752.9,546630.8
E01020729,433896.7,542029.2
E01020730,431919.2,542605.3
E01020731,431831.0,542274.3
E01020732,429853.8,539828.9
E01020733,442216.1,541327.4
E01020734,441668.6,541517.1
E01020735,442014.2,541724.0
E01020737,445459.6,539536.4
E01020739,445708.4,539484.9
E01020740,442493.0,548942.4
E01020741,442945.5,548789.9
E01020742,442968.9,548432.2
E01020743,442188.3,548199.3
E01020744,443791.6,540354.4
E01020745,443399.3,540610.6
E01020746,443234.4,540137.0
E01020747,441242.9,549164.0
E01020748,440925.4,549114.1
E01020749,441638.9,549065.8
E01020750,440761.0,548660.7
E01020751,442924.2,544116.5
E01020752,443682.0,543847.2
E01020753,442755.4,543621.9
E01020754,441848.6,543789.4
E01020756,441648.7,543448.3
E01020757,442774.2,541242.8
E01020758,443249.2,541073.4
E01020759,442677.7,541692.4
E01020760,439012.0,541169.0
E01020761,439787.3,540802.9
E01020762,439403.9,540465.6
E01020763,437583.4,543151.8
E01020764,443937.8,541348.8
E01020765,443514.9,542137.8
E01020766,443773.8,541163.7
E01020767,444297.0,541015.5
E01020768,444720.2,540691.5
E01020769,441489.9,540103.0
E01020770,441967.5,540263.7
E01020771,441608.4,540750.2
E01020772,443065.9,537551.1
E01020773,439891.3,547607.5
E01020775,438981.9,547362.0
E01020776,438455.6,547152.2
E01020777,442201.5,539886.2
E01020778,442437.8,539426.1
E01020779,441459.0,539246.1
E01020780,442392.1,540849.3
E01020782,442252.2,549732.5
E01020783,441655.6,549729.0
E01020784,442812.7,549343.4
E01020786,440267.6,550047.6
E01020787,440535.7,549096.0
E01020788,437769.6,539007.2
E01020789,436115.6,539346.2
E01020790,437335.3,538616.6
E01020791,436262.4,539804.3
E01020792,438233.6,536280.2
E01020793,439908.8,537854.3
E01020794,440273.9,537993.0
E01020795,440534.6,536529.5
E01020796,433028.1,531593.0
E01020797,431255.3,534125.7
E01020798,429662.7,532727.5
E01020799,429127.5,532601.1
E01020801,422605.0,526099.1
E01020802,422970.9,525646.2
E01020805,428844.5,529696.4
E01020806,428656.7,532321.2
E01020807,428308.1,532555.2
E01020808,429004.1,532877.5
E01020809,436805.3,533724.1
E01020810,436301.8,532215.3
E01020811,436581.0,531836.1
E01020812,436905.1,534112.9
E01020813,426225.7,525864.7
E01020814,426737.2,525810.4
E01020815,425826.6,525456.0
E01020816,426265.0,525208.5
E01020817,425628.9,534841.7
E01020818,426245.9,534413.9
E01020819,425746.5,534326.9
E01020820,426412.8,533912.0
E01020821,424390.7,533040.2
E01020822,425981.2,531725.8
E01020823,424807.7,532819.8
E01020824,427524.4,524484.3
E01020825,428237.6,524643.3
E01020826,428420.8,522950.6
E01020827,437236.9,535606.3
E01020828,435507.6,528370.4
E01020829,435406.7,529457.8
E01020830,435809.2,528834.3
E01020831,428223.1,525433.8
E01020832,427609.5,525335.1
E01020833,428648.1,525520.6
E01020834,428467.8,525004.5
E01020835,425512.0,533420.9
E01020837,425201.2,534582.4
E01020838,422732.5,526811.8
E01020839,423027.4,526571.6
E01020840,423799.1,525863.1
E01020841,423525.3,526297.4
E01020843,426631.7,535328.6
E01020844,426695.0,524962.6
E01020845,427264.5,524977.7
E01020846,426033.4,524017.4
E01020847,427152.3,525629.8
E01020848,427930.4,526174.6
E01020849,427467.2,526068.2
E01020850,427169.7,526618.6
E01020851,428254.6,526585.8
E01020852,405472.3,516572.3
E01020853,405774.0,517017.2
E01020854,404676.2,516316.0
E01020855,405189.7,517184.7
E01020856,412480.2,524219.3
E01020857,401311.9,519697.5
E01020858,416159.0,528394.3
E01020859,416499.7,528137.0
E01020860,415467.0,525079.4
E01020861,415224.4,525502.8
E01020862,417086.1,517193.7
E01020863,405107.7,513072.3
E01020864,409983.0,526323.9
E01020867,412398.1,520389.0
E01020868,421417.5,529456.9
E01020869,420594.2,529974.9
E01020870,420094.0,528853.0
E01020871,420715.9,528605.1
E01020872,420694.0,529421.8
E01020873,424349.5,529905.6
E01020874,423839.4,529648.1
E01020875,423202.3,530725.1
E01020876,415994.0,536095.8
E01020877,416473.8,535633.3
E01020878,415889.6,535559.3
E01020879,415682.7,535024.1
E01020880,422797.7,528103.2
E01020881,421947.0,528585.7
E01020882,418234.0,529640.1
E01020883,419322.4,528741.0
E01020884,420918.2,528139.4
E01020885,421240.1,528526.8
E01020886,421079.1,528943.0
E01020887,416069.3,533566.7
E01020888,418771.7,532879.7
E01020889,388237.0,538385.9
E01020890,400000.2,538801.7
E01020891,399241.0,539703.0
E01020892,411915.2,539097.3
E01020893,416267.0,537625.3
E01020894,412093.4,538967.6
E01020895,418406.7,526434.5
E01020896,417659.8,526130.5
E01020898,416875.2,534992.4
E01020899,417165.6,535322.0
E01020900,420678.5,535122.0
E01020901,419969.4,534954.8
E01020902,419523.2,534453.8
E01020903,420264.3,535888.7
E01020904,419494.3,535170.0
E01020905,407824.9,537405.2
E01020906,408226.9,536651.9
E01020907,420442.8,527886.5
E01020908,419712.1,528042.7
E01020909,420093.3,527811.3
E01020910,561991.0,99619.7
E01020911,561531.3,99153.2
E01020912,561762.3,99208.9
E01020913,562696.0,100622.3
E01020914,561752.8,99870.9
E01020915,562321.6,100095.1
E01020916,561572.5,99564.1
E01020917,560210.2,103118.0
E01020918,560669.6,103060.0
E01020919,560739.0,102688.8
E01020920,561138.0,102615.8
E01020921,560210.9,102463.7
E01020922,560704.0,102237.3
E01020923,559964.5,103379.3
E01020924,562075.8,103660.1
E01020925,561902.0,103386.7
E01020926,562932.8,103348.9
E01020927,561598.2,103444.8
E01020928,562285.9,102888.2
E01020929,562757.8,102747.6
E01020930,561409.9,103874.0
E01020931,560274.2,98036.8
E01020932,560542.9,98295.3
E01020935,560990.7,98818.3
E01020936,561340.1,98627.0
E01020937,560952.4,98212.1
E01020938,559056.3,99812.6
E01020939,559544.7,99784.3
E01020940,559262.0,100494.8
E01020941,558820.7,100417.9
E01020942,558763.5,99683.1
E01020943,559548.7,99502.8
E01020944,559303.9,99192.5
E01020945,559614.7,101650.6
E01020946,558791.0,101962.2
E01020947,558966.1,100961.5
E01020948,559886.8,100642.8
E01020949,559835.7,102998.6
E01020950,559583.6,102542.4
E01020951,562496.9,101047.5
E01020952,562122.6,100495.9
E01020953,561715.0,100785.1
E01020954,561712.3,100241.5
E01020955,563044.6,102424.5
E01020956,563320.3,102802.8
E01020957,563307.8,102154.6
E01020959,563137.6,101460.0
E01020960,563866.2,101558.7
E01020961,563413.5,101173.4
E01020962,563776.3,101014.4
E01020963,560188.7,100213.3
E01020964,559963.1,99485.8
E01020965,560772.4,99576.8
E01020966,560973.3,99833.2
E01020967,560303.6,99631.4
E01020968,560800.1,99238.9
E01020969,579750.5,111982.1
E01020970,578735.0,113010.5
E01020971,579685.8,112516.7
E01020972,582841.0,111384.3
E01020973,582130.4,111008.7
E01020974,582478.9,111648.1
E01020975,581678.8,110371.5
E01020976,581173.7,109953.1
E01020977,581988.2,110567.7
E01020978,581886.6,109622.9
E01020979,581374.2,109447.2
E01020980,582048.9,110035.5
E01020981,582277.7,110161.7
E01020982,580056.9,109213.5
E01020983,580436.7,109221.4
E01020984,580653.9,109098.7
E01020985,579913.0,108888.7
E01020986,581253.5,112435.8
E01020987,580283.2,112419.8
E01020988,580675.9,111961.7
E01020989,580367.0,109518.3
E01020990,580237.3,110153.6
E01020991,579837.8,109754.5
E01020992,580274.5,109781.5
E01020993,579291.6,111654.1
E01020994,579082.6,111957.9
E01020995,578699.6,111804.9
E01020996,577964.1,110984.2
E01020997,579017.2,109345.5
E01020998,579580.0,109102.5
E01020999,579210.4,109821.1
E01021000,583350.4,110611.4
E01021001,583450.4,110969.8
E01021002,583082.6,110303.9
E01021003,582523.6,109651.9
E01021004,583861.9,111649.7
E01021005,583878.9,111935.3
E01021006,583770.2,110953.5
E01021007,581768.1,111687.6
E01021008,581427.4,110765.5
E01021009,581027.1,110977.2
E01021010,580109.8,111356.3
E01021011,580062.0,110975.1
E01021012,580004.4,110497.8
E01021013,583256.5,111413.0
E01021014,582465.6,110433.1
E01021015,582869.5,110762.1
E01021016,578500.5,108969.9
E01021017,577394.2,108531.5
E01021018,578330.3,109836.0
E01021019,579609.6,111215.1
E01021020,579064.4,111064.3
E01021021,579423.4,110516.8
E01021022,541961.7,115699.7
E01021023,534441.1,120317.6
E01021024,539031.7,117411.5
E01021025,539423.3,121145.6
E01021026,532833.0,115375.1
E01021027,539243.1,102415.7
E01021028,540523.5,102195.9
E01021029,539838.4,101726.7
E01021030,538775.1,102059.0
E01021031,540023.6,101420.3
E01021032,539580.3,108059.2
E01021033,542057.3,110998.6
E01021034,541434.6,111280.0
E01021035,541885.4,110122.2
E01021036,540806.8,110547.1
E01021037,540567.9,111008.4
E01021038,541416.4,110301.3
E01021039,541391.1,109791.0
E01021040,540693.0,109958.4
E01021041,540333.4,109644.1
E01021042,540090.4,110747.7
E01021043,540602.7,110245.6
E01021044,543953.3,100707.4
E01021045,544461.3,100690.9
E01021046,545703.1,102582.7
E01021047,545338.7,102237.1
E01021048,544566.0,101135.3
E01021049,544251.2,101377.3
E01021050,543755.6,101290.2
E01021051,544126.7,101601.8
E01021052,541390.9,121260.4
E01021053,541726.4,121221.2
E01021054,546005.4,113056.2
E01021055,544936.9,112498.0
E01021056,544568.3,112207.7
E01021057,545025.8,102712.2
E01021058,541512.9,101038.2
E01021059,542164.8,100641.1
E01021060,542213.7,101025.8
E01021061,540980.7,102203.0
E01021062,541508.2,102026.9
E01021063,541437.5,102508.3
E01021064,540611.5,101238.6
E01021065,540932.0,101320.1
E01021066,540851.2,101783.6
E01021067,536345.7,116546.7
E01021068,536811.4,115339.4
E01021069,548151.0,99679.4
E01021070,548341.3,99321.2
E01021071,548185.6,98892.9
E01021072,550100.2,99000.7
E01021073,549759.9,99833.3
E01021074,550205.6,99826.7
E01021075,549065.1,100439.0
E01021076,549369.8,100152.0
E01021077,548718.8,99888.9
E01021078,549347.6,98973.7
E01021079,548571.6,98893.4
E01021080,549070.2,99371.8
E01021081,547493.5,99766.0
E01021082,546699.7,100472.1
E01021083,548035.1,100396.3
E01021084,575189.0,115792.4
E01021085,575662.5,115820.5
E01021086,573971.2,116104.6
E01021087,580984.2,114740.1
E01021088,582598.9,119898.5
E01021089,581234.1,115434.2
E01021090,573875.5,107515.7
E01021091,574065.2,107225.7
E01021092,574257.2,107705.5
E01021093,572694.2,107247.8
E01021094,573236.3,107487.0
E01021095,571867.0,107035.5
E01021096,572018.7,113765.5
E01021097,576053.2,113004.7
E01021098,567712.8,124992.9
E01021099,564969.7,123106.2
E01021100,573530.9,119177.2
E01021101,587772.6,116512.4
E01021102,594095.1,118825.8
E01021103,593485.4,121703.2
E01021104,578284.9,122384.2
E01021105,578281.7,118118.6
E01021106,571902.4,107759.4
E01021107,572705.4,108194.6
E01021108,573279.8,107922.8
E01021109,584869.5,113767.3
E01021110,587465.8,112130.0
E01021111,574553.1,108258.1
E01021112,574938.0,108548.2
E01021113,574449.4,108880.9
E01021114,583155.3,125366.6
E01021115,582789.9,124515.8
E01021116,588972.3,122638.1
E01021117,592254.1,120718.1
E01021118,591462.6,120205.9
E01021119,591355.2,120631.1
E01021120,575506.7,107774.9
E01021121,574882.3,107716.5
E01021122,574651.9,107387.7
E01021123,571417.4,108630.3
E01021124,571081.2,107900.3
E01021125,570950.2,107035.8
E01021126,575330.4,108221.1
E01021127,576295.2,108555.8
E01021128,575858.7,108894.8
E01021129,573108.4,108863.1
E01021130,573636.2,108737.6
E01021131,574101.8,108377.4
E01021132,573100.2,123465.4
E01021133,573944.4,123649.4
E01021134,573159.6,127274.8
E01021135,573948.6,109200.9
E01021136,574167.3,109395.5
E01021137,573364.7,109592.5
E01021138,572883.6,109643.6
E01021139,569261.1,130276.0
E01021140,569815.6,130451.4
E01021141,569714.3,127109.3
E01021142,552851.4,111252.2
E01021143,551891.7,103380.5
E01021144,550362.5,123483.4
E01021145,550152.9,123800.7
E01021146,546583.3,124076.7
E01021147,553734.4,113934.9
E01021148,551796.7,116053.2
E01021149,555700.1,123362.7
E01021150,557364.5,121305.2
E01021151,552168.6,129635.1
E01021152,552245.8,129021.8
E01021153,552245.6,130095.3
E01021154,553425.1,130138.2
E01021155,553416.7,129692.4
E01021156,552027.2,130793.4
E01021157,552006.6,131296.2
E01021158,552762.7,130725.9
E01021159,550915.9,131279.4
E01021160,551375.1,130803.4
E01021161,551611.6,130027.2
E01021162,551217.9,129770.7
E01021163,542496.6,128840.1
E01021164,542346.5,126362.8
E01021165,545135.7,117956.2
E01021166,555800.9,98485.7
E01021167,542882.9,134809.3
E01021168,542557.2,134413.5
E01021169,543061.6,136654.1
E01021170,551793.3,120331.7
E01021171,559115.8,135349.1
E01021172,552802.3,137085.0
E01021173,551786.5,133610.5
E01021174,559437.6,110980.9
E01021175,558935.4,110895.8
E01021176,558800.6,110266.1
E01021177,559242.0,109435.0
E01021178,559892.1,109037.5
E01021179,559695.5,109387.1
E01021180,558265.1,108595.6
E01021181,558084.7,109932.9
E01021182,558589.1,109635.8
E01021183,558283.1,109415.5
E01021184,558818.2,108778.8
E01021185,559332.8,108927.1
E01021186,547033.1,135319.0
E01021187,546800.4,128693.8
E01021188,562844.0,118559.1
E01021189,561588.1,120825.5
E01021190,560262.3,122294.0
E01021191,558347.5,121631.2
E01021192,558487.7,120595.7
E01021193,558066.3,120840.5
E01021194,558667.8,120830.4
E01021196,558338.6,110715.0
E01021198,563377.4,112603.2
E01021199,563301.9,113109.5
E01021200,557708.7,117162.4
E01021201,558169.5,117501.9
E01021202,558515.0,126937.8
E01021203,559244.4,127129.1
E01021204,570653.7,112224.1
E01021205,568558.1,110967.6
E01021206,563927.1,104512.4
E01021207,566707.0,104850.2
E01021208,561614.8,104500.3
E01021209,562506.7,104389.6
E01021210,561178.6,104215.9
E01021211,565606.2,103949.7
E01021213,558374.1,104986.9
E01021214,557987.4,105205.2
E01021215,558327.4,104525.9
E01021216,557728.7,104385.4
E01021217,555494.9,129478.6
E01021218,556608.7,130004.1
E01021219,546590.3,121276.8
E01021220,547312.2,121359.8
E01021221,547306.4,120600.6
E01021222,547611.3,120731.0
E01021223,547769.2,121649.1
E01021224,547281.6,121948.6
E01021225,547733.6,122185.8
E01021226,548088.1,121872.5
E01021227,547831.2,119693.6
E01021228,547868.5,120119.1
E01021229,562142.3,132023.1
E01021230,564239.7,132676.5
E01021231,563372.3,132193.0
E01021232,558637.9,103229.6
E01021233,559096.5,103387.2
E01021234,557861.2,103354.0
E01021235,558994.8,102736.2
E01021236,558054.2,103915.1
E01021237,568720.9,196200.6
E01021238,568595.8,196619.7
E01021239,568079.7,195539.0
E01021240,567784.0,194747.6
E01021241,568847.8,194561.1
E01021242,568925.1,194863.6
E01021243,568321.1,194529.7
E01021244,567228.2,194485.5
E01021245,566758.3,196155.9
E01021246,566839.2,195460.5
E01021247,567599.9,195683.4
E01021248,566982.2,195950.4
E01021249,566392.3,195619.2
E01021250,567823.5,196290.7
E01021251,568157.3,196588.4
E01021252,567341.0,196183.3
E01021253,566917.0,194822.3
E01021254,567871.6,191938.3
E01021255,567325.8,193946.3
E01021256,566748.1,193754.0
E01021257,568627.0,192865.6
E01021258,568231.5,193504.2
E01021259,568419.0,193036.4
E01021260,571085.3,191900.0
E01021261,568687.9,190376.5
E01021262,569499.2,190495.8
E01021263,568351.1,190251.2
E01021264,572397.7,193787.2
E01021265,571514.3,189200.5
E01021266,571018.3,189141.8
E01021267,572121.4,189907.3
E01021268,571156.8,189602.0
E01021269,572845.4,190012.7
E01021270,572269.2,189289.0
E01021271,572766.0,189369
E01021272,571819.2,189513.1
E01021273,567656.9,189281.8
E01021274,568188.5,189590.1
E01021275,567609.7,188740.8
E01021276,567107.7,188660.5
E01021277,566575.4,188611.2
E01021279,568664.9,189677.6
E01021280,566950.5,187955.0
E01021281,567618.1,187997.7
E01021282,567863.2,187510.1
E01021283,568121.6,187630.3
E01021284,566658.9,187675.4
E01021285,566936.2,188223.6
E01021286,568233.7,188426.5
E01021287,569253.1,188468.8
E01021288,568672.5,188300.0
E01021289,568606.4,189003.4
E01021290,568195.9,188863.2
E01021291,569328.8,189089.5
E01021292,569016.5,188678.5
E01021293,569704.3,188656.1
E01021294,569430.4,187765.4
E01021295,571334.5,188164.6
E01021297,570042.9,187844.8
E01021298,569664.2,188075.9
E01021299,570694.8,187538.9
E01021300,571981.5,187029.0
E01021301,574349.8,189526.5
E01021302,573541.3,189604.0
E01021303,574029.0,189542.3
E01021304,573779.8,189143.8
E01021305,573375.8,188692.4
E01021306,573316.1,188957.7
E01021307,573341.7,190033.2
E01021308,573847.8,190053.3
E01021309,574343.1,189981.5
E01021310,573390.6,187704.7
E01021311,572698.1,187487.7
E01021312,575640.2,189312.2
E01021313,574500.8,188410.0
E01021314,574313.9,189097.5
E01021315,574177.9,188704.2
E01021316,573850.5,188379.6
E01021317,573305.8,188354.0
E01021318,570765.8,188791.3
E01021319,570337.7,189029.4
E01021320,571808.9,188699.1
E01021321,571346.6,188670.2
E01021322,572091.2,188650.1
E01021323,572225.3,187866.5
E01021324,571882.7,188056.5
E01021325,572325.9,187575.3
E01021326,572787.6,188567.1
E01021327,572412.5,188298.2
E01021328,572898.7,187963.6
E01021329,574218.2,193282.7
E01021330,574100.4,192393.5
E01021331,574636.2,192907.4
E01021332,573872.9,192968.5
E01021333,573680.1,193373.8
E01021334,574845.8,194011.8
E01021335,576502.6,192680.3
E01021336,575152.9,193486.6
E01021337,576029.7,193762.3
E01021338,574358.6,194492.0
E01021339,575576.6,193682.0
E01021340,575944.4,193281.2
E01021341,576173.4,192910.0
E01021342,574527.2,192386.8
E01021343,575229.4,192331.1
E01021344,574931.9,192051.4
E01021345,575817.5,192292.1
E01021346,575226.6,192853.2
E01021347,576648.0,220219.8
E01021348,577136.4,215786.3
E01021349,577250.3,224069.5
E01021350,576257.4,223742.3
E01021351,577722.7,223823.6
E01021352,577336.7,223702.8
E01021353,576853.9,223699.6
E01021354,575476.4,224821.2
E01021355,575955.4,225768.3
E01021356,575933.4,224957.4
E01021357,575839.0,223894.5
E01021358,575174.7,223454.7
E01021359,575543.5,224300.2
E01021360,580792.4,219699.6
E01021361,580639.6,220251.8
E01021362,582640.3,217228.9
E01021364,574600.7,222814.2
E01021365,575469.0,222928.3
E01021366,575225.4,222616.2
E01021367,577763.2,222517.4
E01021368,577447.2,222281.0
E01021369,577580.0,223177.4
E01021370,577037.4,223215.8
E01021371,575569.4,222041.1
E01021372,576364.8,221915.0
E01021374,576123.9,221643.2
E01021375,567818.9,241337.8
E01021376,568053.0,241069.8
E01021377,585572.5,222672.9
E01021378,584989.7,222835.9
E01021379,585003.0,223212.4
E01021380,578179.3,220862.9
E01021381,577939.0,228982.6
E01021382,580363.0,229568.9
E01021383,573996.3,221469.9
E01021384,574353.5,221319.3
E01021385,573868.2,220951.9
E01021386,574204.0,220569.0
E01021387,581184.5,230603.7
E01021388,581778.4,230644.8
E01021389,581890.7,230019.9
E01021390,582082.3,231135.7
E01021391,580998.5,229652.2
E01021392,580837.8,230235.6
E01021393,581210.3,229982.9
E01021394,579077.0,211746.0
E01021395,579469.6,211546.8
E01021396,580008.2,210680.0
E01021397,578192.2,234208.3
E01021398,581677.2,235740.4
E01021399,577884.7,234207.6
E01021400,578096.9,235517.7
E01021401,585897.8,218734.6
E01021402,586373.8,218783.8
E01021403,586964.6,219628.1
E01021404,572300.8,226395.5
E01021405,572765.7,222655.0
E01021406,581963.4,241900.0
E01021407,588083.0,234856.9
E01021408,586390.0,228695.6
E01021409,585162.6,229798.8
E01021410,585534.3,229051.9
E01021411,567690.7,230430.9
E01021412,568745.7,232852.6
E01021413,571429.4,231213.3
E01021414,573311.1,240538.9
E01021415,582186.3,214346.4
E01021416,582205.0,214961.1
E01021417,581669.8,215727.9
E01021418,581683.0,216319.9
E01021419,582122.4,216229.1
E01021420,582434.9,215906.0
E01021422,582116.5,213724.0
E01021423,581090.8,213866.5
E01021424,582123.8,213343.3
E01021425,580813.5,215515.5
E01021426,581266.7,215584.1
E01021427,580862.8,214981.5
E01021428,581412.1,214949.2
E01021429,581007.7,214661.7
E01021430,576219.3,238529.8
E01021431,559088.2,194724.0
E01021432,558695.5,194366.7
E01021433,559470.9,194143.5
E01021434,559072.5,194194.1
E01021435,560746.5,193167.8
E01021437,561249.5,193058.7
E01021438,558269.6,193161.2
E01021441,558957.3,199158.2
E01021442,559554.3,198571.6
E01021443,557088.5,198686.2
E01021444,557646.5,198463.7
E01021445,562452.3,191801.0
E01021446,562615.7,188333.4
E01021447,562328.3,194666.6
E01021448,562683.5,194953.5
E01021449,563293.7,194913.7
E01021450,563178.4,195297.0
E01021451,562709.5,195595.6
E01021452,562606.1,195902.3
E01021453,562215.4,195434.6
E01021454,561725.7,193459.6
E01021455,561562.7,194478.7
E01021456,561682.8,193804.3
E01021457,564601.7,199767.5
E01021458,565075.2,199568.4
E01021459,564426.1,199050.5
E01021460,563399.5,197890.1
E01021461,558790.1,195497.5
E01021462,558769.5,195778.4
E01021463,558064.3,195713.3
E01021464,558517.9,195232.3
E01021465,560949.9,194825.5
E01021466,560692.3,194289.1
E01021467,561322.4,195540.6
E01021468,557608.3,192965.4
E01021469,560333.3,201907.5
E01021470,558625.0,200359.0
E01021471,559672.5,199616.8
E01021472,559196.1,192114.8
E01021473,559070.8,191575.8
E01021474,559860.3,192616.4
E01021475,559419.2,192686.9
E01021476,576746.9,188167.4
E01021477,577105.5,187750.7
E01021478,577581.6,188148.5
E01021479,577787.4,187541.8
E01021480,578091.8,186164.9
E01021481,578363.1,187568.2
E01021482,579921.9,187506.6
E01021483,578475.7,187046.9
E01021484,579500.9,183512.9
E01021485,578656.1,183452.2
E01021486,578113.5,183501.7
E01021487,579431.1,183893.5
E01021488,579038.2,183685.4
E01021489,580922.1,182938.4
E01021490,581092.2,183242.7
E01021491,581816.3,183074.3
E01021492,581400.2,183413.3
E01021493,580311.3,184136.6
E01021494,579802.1,184109.0
E01021495,581039.0,184031.8
E01021496,580389.6,183794.4
E01021497,580592.7,183308.9
E01021498,580004.4,183091.3
E01021499,579595.2,182900.8
E01021500,580220.6,182710.8
E01021501,578144.6,183081.9
E01021502,579011.6,182976.3
E01021503,577732.6,183630.3
E01021504,579198.4,184657.4
E01021505,578735.9,184392.5
E01021506,579276.5,184287.7
E01021507,578367.0,183981.1
E01021508,578654.1,183932.4
E01021509,579790.0,189250.7
E01021510,579505.4,188848.9
E01021511,579752.9,188172.4
E01021512,578919.5,188315.8
E01021513,577129.1,188999.8
E01021514,576926.5,189350.3
E01021515,577261.4,189465.0
E01021516,576626.0,188708.9
E01021517,581962.5,187077.5
E01021518,581173.1,186856.0
E01021519,581480.0,187297.3
E01021520,580517.3,187070.0
E01021521,576923.3,186732.3
E01021522,577542.3,186632.1
E01021523,576817.8,187350.4
E01021524,577445.3,187228.7
E01021525,577281.3,188649.8
E01021526,578314.3,188515.7
E01021527,577738.7,188825.2
E01021528,578918.2,189035.4
E01021529,580206.8,187835.4
E01021530,580803.5,187746.9
E01021531,580243.5,188693.7
E01021532,581375.2,188401.3
E01021533,578627.8,202407.6
E01021535,577085.7,200993.7
E01021536,575333.2,209793.4
E01021537,575653.3,210103.9
E01021538,572852.1,217361.9
E01021539,568768.8,215531.0
E01021540,570630.8,212772.5
E01021542,570569.2,210373.2
E01021543,570737.2,209676.0
E01021544,572914.6,207470.2
E01021545,573389.7,207482.8
E01021546,572796.2,206999.4
E01021547,572633.1,207028.2
E01021548,573294.1,206923.6
E01021550,565759.0,211092.5
E01021551,564147.7,206085.2
E01021552,570754.7,202993.1
E01021553,571347.8,203034.5
E01021554,570989.4,202583.8
E01021555,571420.2,203333.9
E01021556,570010.4,205116.0
E01021557,570950.0,204449.2
E01021558,570558.9,204323.0
E01021559,570369.4,204015.4
E01021560,572880.6,205174.3
E01021561,573574.8,205011.3
E01021562,572999.7,204392.4
E01021563,571935.0,205771.0
E01021564,572425.5,205587.8
E01021565,572185.3,204810.7
E01021566,572442.2,204550.8
E01021568,577979.4,207247.8
E01021569,577543.8,205089.7
E01021570,579125.1,205179.8
E01021571,574885.3,203823.2
E01021572,579023.3,205048.0
E01021573,569911.7,207692.7
E01021575,569909.1,207265.7
E01021576,569755.0,208217.5
E01021577,571234.3,205779.2
E01021578,570063.9,205843.4
E01021579,570970.2,206033.9
E01021580,570632.8,205639.4
E01021582,570383.5,206296.8
E01021583,571301.5,205333.6
E01021584,570541.6,204888.5
E01021585,571354.0,204929.4
E01021586,570954.3,204787.9
E01021587,570679.1,208851.0
E01021588,570351.8,209196.0
E01021589,569960.0,208771.5
E01021590,569613.5,209126.2
E01021591,570431.8,208345.6
E01021592,570226.8,208079.4
E01021593,574913.2,194471.2
E01021595,574460.5,195027.6
E01021596,569396.8,208379.6
E01021597,568538.5,208359.0
E01021598,568818.8,207999.8
E01021599,569121.4,207600.7
E01021600,568771.5,209072.6
E01021601,568858.7,208794.2
E01021602,567950.8,200655.5
E01021604,571282.0,195874.7
E01021605,581495.6,196600.0
E01021606,580142.5,196705.0
E01021607,580532.5,196699.8
E01021608,581129.2,196787.4
E01021609,580926.0,196363.8
E01021610,581544.2,196998.2
E01021611,580939.6,198131.3
E01021612,580965.0,197763.4
E01021613,581032.7,197241.6
E01021614,580263.1,197836.3
E01021615,580536.5,197173.2
E01021617,571987.3,209334.4
E01021618,572932.2,208937.2
E01021619,572526.4,209144.2
E01021620,572200.7,208972.9
E01021621,572754.5,208621.1
E01021622,571621.4,208128.9
E01021623,571490.4,208666.7
E01021624,572023.7,208555.0
E01021625,572348.9,208269.6
E01021626,572330.6,207784.2
E01021627,571563.9,207306.5
E01021628,572074.5,207075.9
E01021629,571857.9,206706.5
E01021631,569173.2,206273.7
E01021632,569260.6,206710.7
E01021633,567715.6,206462.5
E01021634,567346.8,206112.7
E01021635,566807.9,206106.1
E01021636,567745.7,205806.1
E01021637,600202.6,223088.2
E01021638,599916.8,222413.2
E01021639,599871.2,221927.7
E01021640,600477.2,222306.1
E01021641,600294.1,222010.6
E01021642,599894.2,223720.2
E01021643,590315.7,216473.2
E01021644,594371.0,218988.8
E01021645,597118.0,220234.7
E01021646,599084.6,225295.2
E01021647,600186.8,225817.7
E01021648,600503.9,225269.8
E01021650,599340.6,225975.6
E01021651,599146.4,224527.9
E01021652,598657.7,224574.6
E01021653,598361.5,224193.8
E01021655,602793.8,231746.0
E01021656,605963.3,232335.2
E01021657,603050.3,221615.4
E01021658,600660.8,221379.4
E01021659,599723.1,231636.4
E01021660,593040.8,229084.0
E01021661,597914.7,229274.1
E01021662,589660.6,228519.2
E01021663,589592.0,225897.0
E01021664,601363.5,223793.1
E01021665,600561.0,223560.6
E01021666,601047.4,223398.8
E01021667,601652.6,222781.4
E01021668,600651.2,227879.3
E01021669,601043.0,227953.2
E01021670,601249.2,227688.4
E01021671,600717.1,227344.0
E01021673,596926.2,224783.2
E01021674,596225.2,224852.0
E01021675,596543.0,225078.1
E01021676,598112.4,225090.2
E01021677,590333.6,223333.8
E01021678,590919.4,223476.7
E01021683,599896.8,224580.2
E01021684,600547.4,224012.0
E01021687,600766.2,224561.7
E01021688,600498.0,224280.1
E01021689,597489.4,223879.1
E01021690,596517.2,223575.1
E01021691,596539.7,224101.3
E01021692,597015.7,223686.2
E01021693,597201.5,224263.4
E01021694,601151.8,217665.4
E01021695,600814.6,219089.7
E01021696,602394.7,225404.3
E01021697,602062.2,225822.5
E01021698,602689.3,225213.8
E01021699,601798.0,225313.4
E01021700,602319.1,224923.5
E01021702,600907.6,226030.7
E01021703,601272.4,226092.3
E01021704,601353.7,225739.8
E01021705,602908.7,225716.4
E01021706,601277.2,225274.9
E01021707,601907.4,226302.4
E01021708,602292.6,226628.4
E01021709,601578.5,226680.6
E01021710,601594.1,227415.1
E01021711,597884.7,223064.5
E01021713,597848.5,223564.5
E01021714,598123.9,222540.1
E01021715,597284.5,223036.2
E01021717,598858.6,223841.6
E01021718,595050.2,225219.4
E01021719,595473.7,224956.2
E01021720,595819.2,224529.7
E01021721,595882.1,223882.2
E01021722,595181.7,223737.4
E01021723,590010.6,216025.8
E01021724,589364.5,216017.7
E01021725,589203.2,215558.5
E01021726,589287.8,217038.5
E01021727,589312.6,216553.9
E01021728,596027.0,227599.8
E01021729,596337.8,227553.1
E01021730,594003.2,226057.3
E01021731,601964.9,212737.9
E01021732,601449.5,213225.1
E01021733,602101.8,213341.3
E01021734,600842.4,213118.4
E01021735,600928.0,212650.3
E01021736,602934.9,223680.4
E01021737,604311.3,223209.5
E01021738,603866.4,221658.2
E01021739,604278.8,222070.6
E01021740,603830.4,222613.9
E01021741,542414.6,206221.1
E01021742,542128.9,194505.5
E01021743,541923.5,193843.8
E01021744,541799.8,193240.4
E01021745,540713.3,193879.6
E01021746,540936.7,194231.4
E01021747,541451.8,194245.9
E01021748,541412.5,193711.5
E01021749,546519.8,193376.2
E01021750,544082.3,193555.6
E01021751,543466.3,193198.3
E01021752,543008.4,192116.1
E01021753,554966.7,202799.6
E01021754,555210.0,202335.9
E01021755,555238.5,203597.2
E01021756,547562.5,202759.2
E01021757,546181.0,201824.4
E01021758,545896.8,201550.0
E01021759,546051.8,201052.2
E01021760,546125.3,202923.7
E01021761,546934.4,203168.0
E01021762,545939.0,202496.7
E01021763,545521.5,202126.6
E01021764,544719.4,191853.9
E01021765,544830.9,192339.0
E01021766,544053.6,191925.0
E01021767,544321.2,192459.4
E01021768,550594.8,212162.1
E01021769,558387.3,204753.0
E01021770,546829.5,196696.6
E01021771,543516.7,195712.5
E01021772,543300.4,196199.4
E01021773,543646.5,196096.9
E01021774,544308.7,197692.3
E01021775,544425.7,196841.9
E01021776,544215.7,196450.0
E01021777,544003.6,197477.6
E01021778,543901.6,197007.9
E01021779,543595.3,197346.8
E01021780,541676.3,195263.9
E01021781,541993.5,196152.4
E01021782,541918.2,195671.9
E01021783,542856.7,195447.9
E01021784,542725.0,195180.1
E01021785,542342.6,194934.4
E01021786,543132.6,197121.6
E01021787,542669.2,197094.0
E01021788,543264.7,197656.7
E01021789,542801.1,196436.6
E01021790,543534.8,196604.5
E01021791,542264.0,196450.0
E01021792,537691.0,206370.5
E01021793,539197.3,206202.5
E01021794,539543.8,206037.4
E01021795,549037.1,214476.9
E01021796,553760.7,207272.3
E01021797,550477.2,204852.8
E01021798,550019.6,204292.4
E01021799,549388.2,203901.7
E01021800,551027.3,197790.4
E01021801,540642.5,209607.2
E01021802,554959.9,204243.8
E01021803,545175.3,198661.3
E01021804,545104.3,199092.7
E01021805,545313.1,199508.4
E01021806,539142.6,197837.3
E01021807,539246.1,200576.8
E01021808,539119.6,200130.3
E01021809,539670.6,200345.9
E01021810,540155.5,200227.4
E01021811,538944.6,201016.1
E01021812,538580.7,201286.1
E01021813,538777.0,200627.4
E01021814,540096.8,201123.6
E01021815,540400.7,200733.6
E01021816,539906.5,200761.1
E01021817,538292.9,200029.5
E01021818,538136.8,200556.6
E01021819,546280.3,209158.5
E01021820,545768.8,209160.6
E01021821,546570.7,208986.6
E01021822,545570.3,208715.7
E01021823,546010.9,208631.4
E01021824,548352.9,209662.8
E01021825,547528.6,209229.3
E01021826,547826.8,209596.5
E01021827,547172.6,209508.9
E01021828,548182.6,209218.4
E01021829,542934.6,208354.0
E01021830,543560.1,208270.6
E01021831,544112.1,208387.5
E01021832,542982.2,208655.2
E01021833,543846.9,208658.2
E01021834,547494.7,208906.4
E01021835,547095.4,208528.2
E01021836,547077.3,208956.9
E01021837,546348.1,208192.9
E01021838,546125.7,207938.7
E01021839,543900.8,210672.3
E01021840,543416.4,210323.2
E01021841,543585.5,209768.2
E01021842,544039.9,209767.8
E01021843,544389.6,210703.3
E01021844,546418.2,210677.3
E01021845,545980.4,210945.9
E01021846,546395.9,210055.0
E01021847,546177.1,210238.7
E01021848,546681.7,211190.7
E01021849,545275.9,210013.1
E01021850,545669.8,210373.4
E01021851,544939.0,210327.4
E01021852,545665.4,209921.8
E01021853,545321.4,210848.4
E01021854,547597.2,212295.5
E01021855,547467.6,211715.9
E01021856,547064.5,211600.5
E01021858,545334.1,207767.3
E01021859,544740.8,207958.0
E01021860,545014.4,207546.3
E01021861,545600.1,207990.6
E01021862,544411.1,207523.6
E01021863,544041.4,207859.3
E01021864,543560.9,207758.6
E01021865,543021.9,207785.6
E01021866,543472.5,207173.4
E01021867,544050.5,207233.7
E01021868,544477.5,208732.2
E01021869,544867.1,208463.4
E01021870,545293.9,209139.3
E01021871,545048.9,208314.9
E01021873,590491.7,202282.1
E01021874,588442.0,200466.4
E01021875,590933.8,199083.0
E01021878,594718.1,196611.9
E01021879,595276.4,196060.3
E01021880,595173.8,195736.9
E01021881,594795.7,196248.8
E01021882,586911.8,212977.0
E01021883,585568.9,211594.9
E01021884,586277.8,208379.2
E01021885,587129.2,207338.2
E01021886,586226.4,207914.3
E01021887,584923.5,208247.9
E01021888,585865.3,208559.1
E01021889,585662.1,206202.7
E01021890,585351.3,206960.3
E01021891,584759.2,206934.0
E01021892,584374.2,206713.0
E01021893,585292.1,205669.8
E01021894,585071.1,206222.4
E01021895,585338.4,206034.0
E01021896,584355.9,205756.8
E01021897,584815.7,205771.4
E01021898,584645.7,206325.8
E01021899,591131.8,202096.9
E01021900,591287.1,201595.6
E01021901,595281.7,205602.6
E01021902,584887.2,199016.6
E01021903,583912.2,201901.2
E01021904,595135.4,199799.9
E01021905,595909.5,199949.8
E01021906,595792.9,199579.9
E01021907,599307.1,203846.9
E01021908,596008.9,210459.1
E01021909,590075.0,209779.1
E01021910,593454.3,211567.0
E01021911,591125.8,214875.9
E01021912,584291.9,212295.9
E01021913,581109.1,206613.8
E01021914,586646.3,193042.8
E01021915,590016.4,191988.8
E01021916,589975.3,194465.1
E01021917,593099.3,188682.1
E01021918,580505.5,192335.7
E01021919,580829.7,192168.7
E01021920,579858.9,192648.4
E01021921,595419.9,187221.3
E01021922,594229.2,187649.6
E01021923,594891.7,187429.1
E01021924,593757.0,187361.0
E01021925,580440.3,191527.5
E01021926,579836.9,191180.0
E01021927,586402.2,192889.2
E01021928,586450.4,192316.3
E01021929,586138.6,193092.7
E01021930,586914.3,191235.0
E01021931,586955.2,192106.0
E01021932,586655.9,191759.8
E01021933,584804.2,191613.8
E01021934,585012.3,192175.7
E01021935,584434.8,192034.4
E01021936,584201.3,192403.9
E01021937,583739.1,192611.8
E01021938,584178.0,193134.2
E01021939,584806.3,192867.3
E01021940,584497.8,193552.3
E01021941,582890.5,192572.4
E01021942,581334.2,195299.3
E01021943,580716.6,195104.3
E01021944,581410.9,194363.1
E01021945,581054.6,194462.5
E01021946,582729.8,189787.9
E01021947,582140.0,190226.2
E01021948,582008.0,190583.7
E01021949,581496.9,190128.6
E01021950,581415.8,190403.7
E01021951,581606.6,190683.2
E01021952,587994.5,190642.3
E01021953,587480.5,191214.9
E01021954,586851.7,190681.2
E01021955,587647.8,190711.5
E01021956,587860.5,189428.4
E01021957,579450.2,191508.2
E01021958,579126.4,191278.7
E01021959,579713.8,191892.2
E01021960,581574.9,191382.0
E01021961,580998.3,191543.7
E01021962,581021.8,190839.8
E01021963,580026.8,190157.8
E01021964,580437.5,190996.7
E01021965,581197.2,189873.2
E01021966,580640.2,190213.6
E01021967,606616.1,221551.7
E01021968,616914.8,215275.6
E01021969,616433.6,215386.5
E01021970,617194.5,215650.5
E01021971,603022.6,228689.7
E01021972,605434.4,229157.5
E01021973,618170.0,222523.4
E01021974,618421.0,222326.4
E01021975,616642.2,216632.3
E01021976,616297.2,216648.5
E01021977,615389.5,216173.8
E01021978,614429.9,229851.1
E01021979,608816.4,217493.8
E01021980,608258.7,217085.1
E01021981,609121.6,216969.9
E01021982,608560.8,216524.3
E01021983,608309.7,217838.9
E01021984,618520.7,217461.5
E01021985,624172.7,220418.3
E01021986,623770.0,219770.9
E01021987,623378.4,220142.1
E01021988,614525.8,212945.7
E01021989,614932.9,214209.8
E01021990,615238.1,213529.9
E01021991,619361.6,227502.5
E01021992,621908.8,229368.5
E01021993,611254.1,221627.7
E01021994,624063.4,220761.3
E01021995,623154.3,220683.6
E01021996,623519.0,221143.0
E01021997,626005.4,232466.1
E01021998,625921.8,232061.2
E01021999,625163.8,231149.2
E01022000,624665.6,231510.9
E01022001,625519.2,231535.1
E01022002,622688.8,230531.6
E01022004,623604.7,230391.0
E01022005,624635.8,230743.7
E01022006,624070.5,231016.9
E01022007,624016.2,231457.7
E01022008,620562.8,216787.6
E01022009,622437.7,221858.5
E01022010,622396.2,220860.1
E01022011,621375.2,220400.3
E01022012,624270.8,221437.6
E01022013,609380.6,231144.5
E01022014,609913.7,231229.9
E01022015,609944.8,231850.5
E01022016,616480.4,218588.8
E01022017,616404.9,219992.2
E01022018,614740.5,222039.4
E01022019,613106.8,226382.0
E01022020,610798.7,231760.3
E01022021,612411.7,231489.2
E01022022,616716.1,215999.6
E01022023,616232.2,215825.5
E01022024,616273.5,216209.6
E01022025,617504.7,214671.4
E01022026,617347.2,215220.1
E01022027,617844.8,215072.1
E01022028,621978.9,230410.7
E01022030,615633.4,215805.8
E01022031,615857.2,215523.5
E01022032,616134.8,215085.8
E01022033,619647.4,216766.6
E01022034,619484.9,216076.6
E01022035,619986.0,216422.3
E01022036,616520.9,213863.2
E01022037,616956.1,214298.2
E01022038,616660.7,214625.5
E01022039,617547.1,217616.5
E01022040,617920.8,217431.4
E01022041,617937.9,216637.2
E01022042,617341.8,216256.7
E01022043,617594.0,215838.7
E01022044,617325.4,216871.0
E01022045,612577.9,215614.4
E01022046,609709.1,214982.1
E01022047,612667.9,216102.3
E01022048,618483.6,215573.7
E01022049,618091.2,215447.4
E01022050,618839.7,215962.9
E01022051,608467.6,225173.3
E01022052,606266.5,224663.9
E01022053,609204.2,220521.9
E01022054,625958.6,222810.0
E01022055,624805.1,221703.6
E01022056,625340.1,221750.8
E01022057,557991.5,241520.5
E01022058,564264.4,219172.6
E01022059,554808.7,216645.6
E01022060,550381.1,217542.9
E01022061,547492.1,232000.2
E01022062,554146.3,227340.3
E01022063,553227.8,226568.4
E01022064,569413.6,220424.8
E01022067,562980.9,221637.1
E01022068,562902.5,221131.7
E01022069,562893.0,222043.8
E01022070,552325.7,215103.2
E01022071,550693.7,237676.1
E01022072,552310.5,232493.2
E01022073,551888.2,234015.7
E01022074,553691.3,237200.8
E01022075,553753.6,237809.2
E01022076,553797.1,238294.7
E01022077,554677.2,239116.6
E01022078,554146.8,239036.1
E01022079,554662.3,238660.5
E01022080,554198.4,237031.1
E01022081,554460.4,238080.7
E01022082,554361.3,237478.5
E01022083,551367.2,225554.2
E01022084,550958.0,225570.5
E01022085,551020.6,224832.4
E01022086,551486.6,224400.4
E01022087,551131.9,223990.4
E01022088,565964.9,224715.0
E01022089,548543.7,226891.8
E01022092,561292.2,230604.3
E01022093,561304.0,231216.7
E01022094,550911.4,242917.3
E01022095,560360.7,225310.5
E01022096,559367.7,213739.7
E01022097,563147.6,236741.1
E01022098,545169.2,238727.5
E01022099,557274.2,234608.9
E01022100,395773.2,222102.0
E01022101,395685.4,222464.8
E01022102,395339.3,222257.6
E01022104,396026.6,221546.9
E01022105,396892.5,221037.5
E01022106,392325.5,221696.2
E01022107,391737.3,221645.8
E01022108,391024.2,221149.1
E01022109,396779.8,219849.6
E01022110,396463.0,220301.0
E01022111,396491.3,220789.0
E01022112,397218.7,220512.7
E01022113,395738.2,220287.9
E01022114,395744.4,219769.1
E01022115,395724.7,221336.9
E01022116,395039.7,221774.1
E01022117,394800.5,221787.3
E01022118,395075.0,220816.5
E01022119,394720.4,220932.8
E01022120,392318.5,223307.3
E01022121,392365.3,222908.4
E01022122,391769.4,222913.4
E01022123,391484.9,222308.3
E01022124,394028.1,222308.5
E01022125,393485.4,221897.4
E01022126,394223.7,221884.2
E01022127,394550.4,222343.3
E01022128,394287.4,220132.2
E01022129,394883.8,219802.5
E01022130,394504.2,220597.2
E01022131,396379.0,223333.3
E01022132,396771.7,222958.9
E01022133,396367.0,222733.6
E01022134,396039.6,222930.2
E01022135,393292.0,221332.1
E01022136,393929.1,221462.6
E01022137,394412.8,221357.3
E01022138,394088.8,220916.1
E01022139,395075.3,223861.5
E01022140,395910.6,223454.9
E01022141,395313.8,223011.5
E01022142,395400.9,222712.7
E01022143,395759.8,223993.4
E01022144,396420.9,223920.9
E01022145,397053.3,223496.9
E01022146,397476.3,223706.2
E01022147,392200.4,222414.5
E01022148,392586.1,222163.2
E01022149,392972.4,222782.1
E01022150,393060.1,222375.3
E01022151,394246.9,223314.1
E01022152,394564.3,223288.4
E01022153,394858.1,222891.6
E01022154,394802.4,223162.4
E01022155,393313.6,223187.5
E01022156,393672.0,222581.5
E01022157,392996.3,223458.9
E01022159,392771.8,223693.4
E01022160,392253.2,223910.5
E01022161,391825.9,223884.5
E01022162,391625.7,223277.5
E01022163,394027.4,224162.1
E01022164,393891.7,223553.2
E01022165,393385.5,224854.0
E01022166,394355.6,224291.4
E01022167,391751.8,220640.6
E01022168,391953.0,221030.2
E01022169,392411.6,220776.4
E01022170,392285.8,220400.2
E01022171,392983.8,220108.2
E01022172,393369.9,220362.1
E01022173,392623.4,221108.8
E01022174,392941.7,220877.6
E01022175,408633.9,204764.1
E01022176,388525.4,198044.3
E01022177,419398.7,225738.8
E01022178,422987.5,225556.2
E01022179,416848.0,235371.9
E01022181,416571.2,220619.8
E01022182,410620.4,239670.1
E01022183,415340.7,239281.1
E01022184,416477.6,240288.5
E01022185,416073.8,243829.0
E01022186,405094.8,213138.5
E01022187,401052.0,208913.4
E01022188,403494.2,202312.6
E01022189,403483.9,201965.1
E01022190,403491.7,201466.4
E01022191,401582.2,200887.0
E01022192,401871.2,200939.1
E01022193,402013.0,200549.0
E01022194,402328.8,201967.3
E01022195,401758.1,201682.3
E01022196,402191.5,203015.6
E01022197,401669.4,203853.3
E01022198,403010.4,200912.0
E01022199,402759.1,201620.9
E01022200,402485.1,201268.7
E01022201,395951.4,210465.8
E01022202,415807.3,201897.1
E01022203,414738.8,200848.9
E01022204,415832.1,201350.2
E01022205,418151.4,229796.3
E01022207,410735.1,199666.3
E01022208,421408.9,200245.4
E01022209,415790.5,197068.5
E01022210,421423.4,199893.3
E01022211,420641.3,232495.6
E01022213,411474.2,214613.5
E01022215,417430.7,209268.9
E01022216,402508.3,219707.6
E01022217,388960.9,193845.1
E01022218,388653.5,194004.2
E01022219,389427.4,193713.1
E01022220,388863.4,193111.6
E01022221,398661.8,197652.0
E01022222,412661.8,224673.7
E01022224,403521.4,197144.0
E01022225,403555.7,200592.3
E01022226,363081.1,202873.4
E01022227,361174.0,201800.8
E01022228,367060.2,207041.3
E01022229,357516.3,212464.4
E01022230,368804.1,218972.9
E01022231,360762.9,205916.1
E01022232,360307.9,205803.5
E01022233,369956.9,231380.9
E01022234,357407.8,213114.0
E01022235,372518.2,219441.1
E01022236,365883.5,213648.5
E01022237,366005.5,214260.6
E01022238,365151.0,213779.6
E01022239,365476.0,213354.4
E01022240,365436.9,214271.0
E01022241,357691.0,210802.1
E01022242,357224.2,211105.9
E01022243,358746.1,210659.3
E01022244,358880.8,211615.4
E01022245,357705.1,210116.1
E01022246,358459.8,209453.8
E01022247,379243.3,224493.5
E01022248,359030.5,200500.4
E01022249,365377.8,212244.4
E01022250,365670.9,212630.6
E01022251,361759.8,217439.9
E01022252,363060.5,216800.8
E01022253,360279.6,215542.9
E01022254,364161.1,202733.9
E01022255,364150.0,203753.2
E01022256,363706.8,203275.6
E01022257,363616.1,204229.8
E01022258,366547.0,218487.5
E01022259,366249.2,218949.9
E01022260,364621.3,217692.0
E01022261,371893.0,225694.4
E01022262,372424.1,225702.6
E01022263,355853.7,204583.2
E01022264,358288.8,207948.1
E01022265,368982.1,211930.5
E01022266,373168.0,214344.1
E01022267,371962.8,226370.9
E01022268,363029.2,206663.4
E01022269,363438.4,207137.3
E01022270,376832.2,230191.9
E01022271,375101.5,222207.2
E01022272,354484.2,193593.9
E01022273,354821.9,191927.1
E01022274,354621.2,195738.6
E01022275,354168.7,194546.7
E01022276,385772.1,215329.2
E01022277,386075.4,215652.1
E01022278,385598.3,216208.6
E01022279,385328.7,216507.0
E01022280,386208.9,216230.9
E01022281,386722.8,216058.7
E01022282,386035.0,216980.3
E01022283,386374.0,217496.7
E01022284,384647.3,217137.3
E01022285,385610.8,217224.2
E01022286,385162.1,217041.0
E01022287,385657.3,218069.8
E01022288,384236.6,217522.9
E01022289,383848.6,218020.8
E01022290,384223.0,217913.3
E01022291,383877.7,217678.1
E01022292,383616.3,217651.4
E01022293,383495.5,217390.3
E01022294,383977.7,217110.2
E01022295,386149.8,219589.5
E01022296,385635.1,219184.2
E01022297,385092.2,219081.1
E01022298,385117.7,218591.9
E01022299,381769.5,214495.3
E01022300,382352.3,214176.4
E01022301,382047.7,215077.7
E01022302,382396.1,214811.1
E01022303,387080.5,217767.6
E01022304,387430.6,217432.3
E01022305,386901.1,217140.2
E01022306,386933.2,216652.4
E01022307,386475.9,216751.5
E01022308,386724.0,218055.6
E01022309,383850.4,219242.0
E01022310,383419.6,219505.2
E01022311,383695.2,218926.4
E01022312,384380.3,218674.8
E01022313,384995.2,220403.0
E01022314,384154.1,219922.4
E01022315,385399.3,220120.2
E01022316,385879.9,220278.3
E01022317,385448.6,219670.3
E01022318,384878.8,219607.2
E01022319,385299.3,215157.3
E01022320,385098.6,214976.4
E01022321,384554.4,216720.7
E01022322,384697.0,216076.2
E01022323,383963.7,216364.4
E01022324,385147.3,215825.3
E01022325,384223.0,216002.6
E01022326,382750.6,217165.6
E01022327,383319.1,216702.1
E01022328,383235.5,217110.2
E01022329,383709.3,216808.7
E01022330,382560.8,216903.2
E01022331,382997.2,216632.1
E01022332,383061.0,217526.4
E01022333,382272.8,215799.6
E01022334,382565.0,216317.8
E01022335,380772.0,214019.3
E01022336,380265.9,213789.2
E01022338,380586.4,213419.9
E01022339,380759.4,215021.5
E01022340,380179.6,214369.3
E01022341,380945.7,214649.0
E01022342,379732.5,214288.4
E01022343,383486.1,215817.7
E01022344,382797.0,215368.4
E01022345,383163.7,214763.3
E01022346,382963.0,214532.9
E01022350,384296.6,202116.2
E01022351,367573.7,201957.2
E01022352,368121.8,199548.0
E01022353,368414.1,199506.9
E01022354,390170.5,205096.3
E01022355,382442.0,205053.5
E01022356,383096.9,204828.8
E01022357,382795.3,205708.3
E01022358,383175.6,205506.3
E01022359,374754.4,199810.8
E01022360,375606.0,199492.5
E01022361,375085.9,200061.8
E01022362,374001.2,199622.5
E01022363,374728.8,200773.9
E01022364,374376.1,199785.4
E01022366,389194.4,203271.3
E01022367,389907.7,203047.1
E01022368,388446.2,203435.6
E01022369,388956.3,203601.2
E01022370,378893.7,198400.8
E01022371,377440.4,201157.3
E01022372,375455.5,198362.2
E01022373,376325.1,197642.1
E01022374,375899.6,197865.5
E01022375,375231.2,199176.7
E01022376,378070.2,205751.4
E01022377,383852.3,205829.0
E01022378,379803.1,213483.4
E01022379,380211.6,213278.3
E01022381,374720.9,191737.9
E01022382,386518.1,201060.2
E01022383,387564.9,200970.4
E01022384,387321.2,200638.4
E01022385,384226.4,198745.4
E01022386,384823.8,199616.9
E01022387,384032.8,200256.6
E01022388,384169.6,199860.7
E01022389,383759.3,207132.4
E01022390,386684.8,209826.2
E01022391,386354.3,209194.7
E01022392,389562.7,210803.3
E01022393,384329.1,203649.9
E01022394,384144.5,204602.7
E01022395,384508.5,204490.1
E01022396,377311.9,208220.3
E01022397,374760.9,209095.3
E01022398,374138.5,203398.5
E01022399,386384.8,205078.9
E01022400,380206.2,205131.4
E01022401,380857.1,205733.7
E01022402,380596.6,206130.3
E01022403,380183.5,205768.6
E01022404,380933.7,205082.4
E01022405,380827.1,203417.4
E01022406,381744.2,203288.2
E01022407,380478.1,203513.8
E01022408,385871.0,203010.8
E01022409,386868.8,202693.9
E01022410,385863.6,204709.2
E01022411,385695.5,205914.4
E01022413,369669.7,196758.3
E01022414,385682.2,205470.5
E01022415,374748.6,195135.3
E01022416,376284.7,192987.5
E01022417,376002.1,193154.7
E01022418,375429.7,193352.5
E01022421,389183.2,216209.5
E01022423,388871.0,216816.7
E01022424,389673.7,216391.9
E01022425,387734.9,220202.8
E01022426,388727.0,219762.1
E01022427,388352.9,220148.7
E01022428,386973.2,220944.9
E01022429,387676.1,221026.8
E01022430,387309.3,220676.4
E01022431,387044.4,221512.7
E01022432,395703.6,226894.7
E01022433,396874.0,227444.8
E01022434,397535.4,226476.7
E01022437,395533.7,227534.4
E01022438,395328.4,227408.6
E01022439,395134.7,228038.8
E01022440,384098.3,220749.3
E01022441,390037.1,226737.0
E01022442,385400.0,224504.4
E01022443,379976.0,220522.5
E01022444,379680.2,219938.0
E01022445,382668.4,227748.9
E01022447,386190.5,220910.1
E01022448,385497.6,220988.3
E01022449,403175.5,234277.9
E01022450,392407.0,233894.5
E01022451,392061.3,234361.6
E01022452,392049.2,233894.5
E01022453,395536.7,229524.5
E01022454,392184.0,218643.1
E01022455,390713.5,233000.7
E01022456,389573.8,231278.7
E01022457,389469.2,231837.7
E01022458,389509.5,232161.5
E01022459,389323.1,232751.9
E01022460,389700.6,233197.2
E01022461,390114.2,233597.9
E01022462,389840.8,236937.8
E01022463,402453.1,228352.8
E01022464,401976.8,228360.7
E01022465,400477.6,231751.2
E01022466,402537.0,229225.5
E01022467,466781.4,152947.4
E01022468,468212.5,152250.2
E01022469,466890.7,152235.9
E01022470,466093.2,153932.7
E01022471,465736.9,153352.0
E01022472,457755.1,161385.1
E01022473,457982.4,162376.4
E01022474,461629.0,149973.9
E01022475,462562.8,149816.8
E01022476,462532.4,150253.6
E01022477,461633.2,149237.1
E01022478,461291.7,149653.0
E01022479,461927.0,149627.8
E01022480,462332.7,149617.8
E01022481,463079.8,151320.7
E01022482,462922.9,151715.9
E01022484,461116.1,151269.1
E01022485,460631.9,151074.5
E01022486,460407.5,151470.6
E01022487,460864.3,151465.3
E01022488,449968.4,162275.9
E01022489,446983.1,161381.7
E01022490,466699.2,158582.2
E01022491,465851.9,159137.6
E01022492,468047.7,158133.6
E01022493,462628.3,162002.2
E01022494,465787.6,154740.5
E01022495,465445.7,155158.1
E01022497,465944.5,155577.1
E01022498,466272.4,155285.3
E01022499,443464.2,162117.4
E01022500,442177.5,162304.6
E01022502,464645.6,152131.0
E01022503,463535.6,151712.2
E01022504,463735.3,150743.8
E01022505,463099.4,150601.6
E01022506,464898.7,151338.7
E01022507,464383.0,151123.0
E01022509,460858.7,149410.4
E01022510,461371.4,148793.6
E01022511,460883.9,149028.0
E01022512,460981.5,148413.3
E01022513,444114.3,161236.6
E01022514,441748.7,150899.6
E01022515,461149.5,150597.5
E01022516,460314.3,150486.9
E01022517,459920.6,149897.8
E01022518,459818.5,149199.9
E01022519,460392.6,149592.0
E01022520,453022.7,158681.3
E01022521,452662.0,158749.5
E01022522,452577.7,162050.1
E01022523,464501.1,153198.7
E01022524,464056.5,153487.4
E01022525,463458.2,153388.6
E01022527,464003.7,152968.8
E01022528,457601.7,150872.7
E01022529,457746.9,149904.0
E01022530,457538.8,150058.0
E01022531,457889.1,150655.9
E01022532,458403.6,147222.9
E01022533,451256.4,149979.3
E01022534,451531.3,149715.5
E01022535,451543.0,149279.9
E01022536,461332.7,160090.9
E01022537,461320.0,162387.5
E01022539,464117.4,154685.9
E01022540,464178.4,154095.0
E01022542,463544.5,153900.2
E01022543,463007.8,153818.6
E01022547,461745.2,155786.3
E01022548,462044.9,150808.1
E01022549,461507.3,151067.7
E01022550,462000.8,151309.5
E01022551,461515.6,151638.8
E01022552,462310.1,151474.6
E01022553,459515.7,161845.6
E01022554,458850.9,162090.1
E01022555,459902.3,161901.6
E01022556,458990.5,162481.9
E01022557,460431.4,161709.3
E01022558,460018.8,161107.2
E01022559,460518.5,161093.3
E01022560,459642.1,161261.5
E01022561,461784.1,142915.5
E01022562,468359.5,148369.0
E01022563,446585.3,148260.1
E01022564,446378.6,147655.9
E01022565,446123.2,148434.5
E01022566,461022.2,152737.2
E01022567,461735.9,152785.8
E01022568,461356.0,152463.5
E01022569,460606.0,152036.8
E01022570,461340.2,153180.2
E01022571,471465.1,140080.7
E01022572,471131.0,139744.5
E01022573,472117.2,138936.8
E01022574,472347.9,139991.5
E01022575,472055.2,140236.2
E01022576,471924.8,139513.0
E01022577,471494.7,139051.7
E01022579,472155.9,140913.4
E01022580,471746.9,140510.0
E01022581,478532.6,144051.0
E01022582,478925.2,141603.5
E01022583,484428.4,131037.2
E01022584,484293.7,131496.3
E01022585,484601.9,132105.4
E01022586,482842.3,132234.3
E01022587,483774.6,131740.6
E01022588,470654.0,116201.5
E01022589,470715.0,115925.2
E01022590,470043.3,116218.0
E01022591,468832.7,137942.6
E01022592,469383.1,121856.2
E01022593,467365.4,134964.0
E01022594,467108.7,135610.8
E01022595,466333.0,134588.9
E01022596,465832.7,135818.0
E01022597,473422.5,125471.7
E01022599,487386.4,135353.4
E01022600,483127.7,136240.6
E01022601,482154.7,136232.4
E01022602,484152.1,136072.7
E01022603,483753.1,136753.5
E01022604,474831.1,143062.0
E01022605,473246.1,140716.8
E01022606,469065.3,113218.3
E01022607,470428.9,115156.2
E01022608,470295.0,114588.9
E01022610,470646.3,112990.2
E01022611,469503.8,112779.7
E01022613,470070.4,113354.8
E01022614,469884.5,112908.0
E01022615,480813.9,136152.4
E01022616,478052.5,127578.8
E01022617,477534.6,127784.8
E01022618,478561.6,127598.5
E01022619,474138.7,123931.6
E01022620,473932.5,123554.9
E01022621,474191.8,122830.2
E01022622,474379.0,122520.3
E01022623,476145.7,123050.3
E01022624,475624.3,123484.5
E01022625,475203.6,124148.7
E01022627,464681.9,131903.4
E01022628,472676.0,110126.9
E01022629,473198.1,110789.1
E01022630,476747.1,135846.4
E01022631,477578.9,130827.4
E01022632,478217.0,128880.6
E01022633,479877.9,134703.0
E01022634,479899.1,135140.6
E01022635,480330.7,134948.1
E01022636,480390.2,135452.1
E01022639,479878.1,135823.3
E01022640,479635.5,136436.9
E01022641,479550.1,134349.9
E01022642,479942.3,134303.7
E01022643,447885.6,118732.6
E01022644,448349.8,118693.9
E01022645,448002.2,118322.5
E01022646,448742.4,118916.9
E01022647,447016.2,119965.3
E01022648,446675.0,119692.5
E01022649,447153.5,119167.6
E01022650,446945.6,118964.7
E01022651,449886.8,112445.1
E01022652,450888.7,113120.8
E01022654,447960.4,110187.1
E01022655,447823.0,109712.3
E01022656,447637.4,110665.4
E01022657,448470.7,110759.0
E01022658,448438.3,110123.7
E01022659,443996.6,120251.4
E01022660,444197.9,120551.2
E01022661,443603.1,120814.1
E01022662,443638.8,119811.5
E01022663,443141.3,119777.4
E01022664,443181.3,121319.7
E01022665,443049.3,120788.8
E01022666,445336.0,119130.2
E01022667,444930.3,119390.7
E01022669,445142.6,118710.0
E01022670,445486.3,118481.5
E01022671,445443.7,119656.9
E01022672,445527.7,120483.2
E01022673,445694.5,119919.8
E01022674,445096.2,120214.2
E01022675,444969.9,120671.8
E01022676,445565.4,121269.6
E01022678,444149.2,118408.0
E01022679,445245.8,118068.5
E01022680,443349.6,119377.5
E01022681,443466.5,118949.0
E01022682,449999.6,118716.0
E01022683,448873.4,119451.0
E01022684,449129.8,118788.4
E01022685,449551.7,118528.9
E01022686,449384.6,117868.7
E01022687,449580.6,117027.1
E01022688,447917.3,106958.5
E01022689,446930.3,108828.7
E01022690,447302.6,107053.7
E01022691,449384.7,114965.1
E01022693,449670.7,114608.3
E01022694,449606.9,114081.9
E01022695,449603.5,112930.9
E01022696,449264.0,112623.7
E01022697,448512.0,112513.7
E01022698,448759.6,112062.6
E01022699,449353.5,112066.8
E01022700,448936.9,113504.1
E01022701,449506.1,113252.4
E01022702,448515.0,113013.1
E01022703,449271.3,114050.8
E01022704,444637.8,121202.7
E01022705,444215.3,121463.1
E01022706,444350.5,122270.8
E01022707,442799.3,121936.8
E01022708,443222.3,122590.8
E01022709,443481.2,121992.9
E01022710,445670.4,108501.5
E01022711,445951.6,108883.2
E01022712,446309.4,108982.7
E01022713,447484.5,114925.4
E01022714,447049.4,114760.7
E01022715,446036.8,115018.3
E01022716,445645.9,114863.5
E01022717,445780.6,114528.7
E01022718,446249.5,114326.0
E01022719,446969.3,114160.1
E01022720,457791.9,107349.2
E01022721,458478.7,106744.6
E01022722,457877.7,106695.9
E01022723,457843.4,105769.1
E01022724,457797.3,104976.7
E01022725,457238.5,107250.3
E01022726,456760.5,107343.8
E01022727,456863.3,106658.2
E01022728,457358.0,106369.6
E01022729,456267.8,108109.3
E01022730,455836.1,107389.5
E01022731,455836.1,107624.5
E01022732,455302.4,107178.2
E01022733,456284.2,107045.5
E01022734,455669.7,106931.0
E01022735,456863.8,105860.0
E01022736,456756.9,105227.8
E01022737,457563.0,105715.7
E01022738,457165.5,105147.4
E01022739,456370.1,105495.6
E01022740,455989.9,105648.8
E01022741,455620.6,105844.9
E01022742,455435.2,106550.6
E01022743,456201.8,106510.3
E01022744,455383.6,102254.1
E01022745,454329.1,102463.5
E01022746,454891.7,102386.7
E01022747,454832.4,103345.4
E01022748,454712.3,102920.8
E01022749,451779.6,107515.2
E01022750,451467.4,107289.5
E01022751,450997.0,106952.1
E01022752,451665.1,106862.2
E01022753,451479.2,107983.1
E01022754,451609.9,108319.9
E01022755,450191.0,107535.4
E01022756,450310.3,107120.1
E01022757,450609.2,106693.5
E01022758,450982.4,108455.7
E01022759,460725.3,105274.3
E01022760,461068.7,104988.2
E01022761,461874.4,104803.2
E01022762,461648.9,105022.5
E01022763,461924.3,106267.7
E01022764,461860.1,105653.2
E01022765,461245.1,105571.3
E01022766,459428.8,106202.3
E01022767,461451.1,106135.4
E01022768,461023.9,106256.6
E01022769,459717.9,105889.4
E01022770,460432.6,105747.1
E01022771,452113.3,109376.3
E01022772,452072.4,110073.6
E01022773,449743.4,109489.2
E01022774,451200.6,109274.4
E01022776,455113.2,103541.0
E01022777,455571.8,103464.1
E01022778,455717.8,102549.9
E01022780,453306.1,107337.3
E01022781,453859.0,105373.1
E01022782,453775.1,105830.1
E01022783,455190.8,106071.2
E01022784,454918.6,105660.9
E01022785,451853.8,106343.2
E01022786,452490.0,106098.0
E01022787,452136.0,107740.2
E01022788,452335.8,107244.2
E01022789,452381.9,106793.1
E01022790,450857.7,106298.1
E01022791,449478.6,105856.0
E01022792,449878.4,105588.9
E01022793,450092.0,106454.5
E01022794,459847.8,98792.9
E01022795,458916.0,99363.0
E01022796,460051.9,99294.4
E01022797,460577.3,99311.0
E01022798,461289.0,98433.1
E01022799,460632.4,98457.1
E01022800,457777.8,103462.6
E01022801,458120.8,103711.9
E01022802,458080.0,104038.2
E01022803,458357.1,103330.9
E01022804,458694.5,102918.8
E01022805,458613.2,102361.2
E01022806,459745.8,100767.1
E01022807,460249.2,100612.1
E01022810,461197.5,99834.5
E01022812,460959.6,99921.0
E01022813,459994.2,101500.0
E01022814,460260.7,102080.0
E01022815,459929.2,101797.8
E01022816,460342.7,101133.2
E01022817,460008.1,101027.6
E01022818,460629.1,100890.4
E01022819,458767.6,101226.5
E01022820,458344.9,100925.6
E01022823,460575.8,101429.5
E01022825,460774.8,101761.6
E01022826,456891.8,100954.8
E01022828,456464.9,100361.5
E01022829,456340.5,101194.0
E01022830,457145.0,99814.8
E01022831,460434.6,99759.5
E01022832,460329.1,100107.8
E01022833,460720.4,100438.7
E01022834,458195.5,102229.6
E01022835,458022.1,102794.0
E01022836,457673.1,102753.6
E01022837,459559.1,99620.7
E01022838,459384.8,99307.1
E01022839,459894.9,99900.5
E01022840,459021.5,102331.3
E01022841,458850.7,101747.8
E01022842,458146.0,101610.2
E01022843,461332.7,99451.8
E01022845,460951.8,99288.1
E01022846,483843.0,157999.6
E01022847,485266.6,159569.4
E01022848,484849.2,160014.4
E01022849,481353.4,152334.2
E01022850,481754.0,152031.5
E01022851,481939.8,152656.4
E01022852,480385.2,151487.6
E01022853,480826.0,151962.9
E01022854,480204.3,152065.1
E01022855,479611.2,148856.5
E01022856,479882.1,150923.8
E01022858,473315.0,159717.9
E01022859,478884.3,161577.2
E01022860,480885.7,154692.9
E01022861,481381.2,153813.8
E01022862,481028.3,154158.0
E01022863,480988.4,153003.5
E01022864,480580.6,152818.3
E01022865,481467.2,153232.4
E01022867,482063.2,155833.1
E01022868,482087.2,154232.0
E01022869,482317.1,153870.3
E01022870,481682.6,154689.3
E01022871,479891.7,153351.0
E01022872,480276.9,153340.4
E01022874,484404.5,160318.4
E01022875,484188.4,160570.5
E01022876,483780.3,160400.0
E01022877,484134.3,159846.3
E01022878,476303.3,157090.9
E01022879,476840.6,156642.4
E01022880,476140.7,155824.6
E01022881,472839.3,154071.8
E01022882,472779.4,155043.5
E01022883,471944.3,154360.5
E01022884,472361.9,154370.5
E01022885,473158.2,154286.5
E01022887,476529.7,153395.6
E01022888,474078.0,151112.1
E01022889,473413.9,151419.2
E01022890,482105.7,160580.5
E01022891,482542.8,160431.7
E01022892,481739.1,160721.7
E01022893,481470.4,161255.5
E01022894,480626.9,161173.1
E01022895,480635.1,160628.4
E01022896,481657.7,159782.7
E01022897,480800.4,160066.7
E01022898,481164.4,160079.8
E01022899,470184.6,107582.8
E01022900,470644.2,107733.0
E01022901,470339.2,108538.0
E01022902,470148.0,107993.9
E01022903,471883.9,108182.0
E01022904,471681.6,107431.2
E01022905,471444.2,107808.8
E01022906,471441.4,108738.7
E01022907,469957.9,107245.5
E01022908,470835.4,107228.5
E01022909,469932.9,106633.5
E01022910,471234.8,106676.4
E01022911,470542.0,106850.2
E01022913,472155.6,107417.1
E01022914,472578.0,108702.5
E01022915,472837.0,108342.1
E01022916,472356.2,107682.6
E01022917,472381.6,108335.3
E01022918,469585.9,111174.1
E01022919,469000.7,111743.8
E01022920,469061.2,111335.9
E01022921,469707.8,110654.1
E01022922,469874.9,110101.3
E01022924,475073.2,107018.2
E01022925,474734.3,107686.2
E01022926,474555.8,107198.5
E01022927,474282.0,106133.8
E01022928,474073.0,105758.9
E01022929,474891.5,105849.0
E01022930,467654.1,110921.6
E01022931,468654.8,110925.6
E01022933,468517.3,111684.9
E01022934,468040.9,111692.1
E01022935,467845.2,111295.9
E01022936,473855.5,98324.8
E01022937,472484.8,100563.9
E01022938,472460.3,99563.9
E01022939,473156.3,98931.8
E01022940,472745.8,98726.1
E01022941,474470.0,98494.8
E01022942,471246.1,99038.5
E01022943,470652.3,99551.6
E01022944,472023.0,102951.3
E01022945,471862.7,99354.9
E01022946,471370.4,99958.5
E01022947,467059.2,106912.2
E01022948,467412.2,107854.1
E01022949,468544.5,107083.8
E01022950,468083.1,107689.6
E01022951,467518.7,107215.4
E01022952,468277.9,107259.6
E01022954,471832.2,105644.4
E01022955,472445.8,106260.6
E01022956,472965.2,107417.6
E01022957,472139.9,106902.9
E01022958,473046.5,106955.6
E01022959,468000.9,108473.7
E01022960,468961.4,108381.2
E01022961,468324.8,108092.6
E01022962,467546.1,108374.0
E01022963,468695.7,108806.1
E01022964,469211.5,108728.9
E01022965,468250.8,108745.4
E01022966,470578.7,109163.1
E01022967,470795.2,108838.0
E01022968,470791.6,108521.5
E01022969,471086.5,108455.3
E01022970,471018.1,107967.1
E01022971,469337.7,109905.6
E01022972,468688.5,109831.9
E01022973,468253.6,109391.4
E01022974,469311.6,109472.8
E01022975,467500.6,110449.7
E01022976,468121.3,110410.0
E01022977,433928.1,110797.2
E01022978,430527.7,113176.7
E01022979,432231.4,111844.6
E01022980,433914.9,112359.5
E01022981,423590.8,93783.8
E01022982,423901.1,93356.9
E01022983,422915.2,93623.8
E01022984,424128.0,96803.5
E01022985,423615.8,95717.9
E01022986,425343.0,95333.3
E01022987,424663.5,93618.7
E01022988,425762.2,95384.4
E01022989,427688.0,98679.9
E01022990,433264.6,97780.7
E01022991,428465.1,98392.2
E01022992,431004.2,114570.6
E01022993,427257.5,112587.2
E01022994,418368.1,97784.2
E01022995,418735.9,98211.7
E01022996,419246.3,97956.0
E01022997,420964.6,103084.0
E01022998,429123.0,102242.2
E01022999,437720.5,100890.6
E01023000,430003.7,102266.7
E01023001,431691.4,96269.5
E01023002,432077.7,96134.4
E01023003,441153.7,106246.3
E01023004,442184.9,106100.9
E01023005,441698.3,106087.2
E01023006,442459.8,105543.6
E01023007,440443.9,107643.2
E01023008,442116.4,108022.6
E01023009,440759.3,106943.7
E01023010,440550.8,107358.8
E01023011,410393.5,117148.7
E01023012,417371.6,117858.6
E01023013,444756.6,102071.0
E01023014,444333.8,101975.0
E01023015,445982.9,103138.4
E01023016,444266.0,101244.3
E01023017,425192.5,95870.6
E01023018,424025.8,95303.7
E01023019,423494.9,95242.1
E01023020,424835.9,96184.3
E01023021,413525.2,114488.7
E01023022,414534.8,114083.2
E01023023,414871.8,114810.6
E01023024,414435.2,114976.2
E01023025,416906.8,113040.9
E01023026,415982.9,109153.8
E01023027,442919.2,104493.5
E01023028,442633.6,106638.2
E01023029,444709.4,102585.6
E01023030,443055.4,103431.9
E01023031,443275.6,103800.3
E01023032,443781.3,103267.9
E01023033,443343.2,103208.3
E01023034,427107.3,95186.6
E01023035,426648.3,95585.9
E01023036,428796.4,94239.2
E01023037,442636.2,107392.5
E01023038,441810.5,107023.5
E01023039,442144.8,107172.5
E01023040,441552.7,107347.5
E01023041,432818.5,95045.7
E01023042,432417.3,95687.7
E01023043,431729.6,95514.8
E01023044,432180.8,94767.8
E01023045,430092.2,108195.7
E01023046,429642.0,108141.5
E01023047,438781.2,110441.7
E01023048,438171.0,110301.9
E01023049,438959.3,110969.1
E01023050,438671.3,109989.5
E01023051,429141.7,92251.8
E01023052,429219.7,91805.6
E01023053,428153.2,91975.2
E01023054,424132.2,94688.5
E01023055,423642.7,94803.8
E01023056,424756.6,94586.6
E01023057,424686.3,95109.1
E01023058,430795.4,94787.3
E01023059,431400.2,94488.8
E01023060,430637.8,95541.1
E01023061,431179.9,95248.2
E01023062,416596.4,104851.5
E01023063,417088.0,99016.1
E01023064,416377.4,105952.1
E01023065,416012.8,105752.4
E01023066,415365.7,105948.3
E01023067,416126.1,106414.6
E01023068,415835.9,105329.0
E01023069,415822.3,104930.6
E01023070,414953.8,105069.2
E01023071,415416.6,104247.4
E01023072,434777.8,112948.7
E01023073,434275.4,112877.9
E01023074,435550.6,113545.1
E01023075,435192.5,113108.3
E01023076,435077.4,113947.0
E01023077,436190.9,113254.8
E01023078,435879.2,113873.6
E01023079,434943.4,114504.2
E01023080,434390.9,114805.7
E01023081,433772.1,114132.3
E01023082,434121.7,114281.7
E01023083,434549.7,114332.3
E01023084,435894.6,112701.5
E01023085,436043.5,112306.2
E01023086,435529.7,112523.7
E01023087,434999.4,112300.3
E01023088,434751.4,113515.3
E01023089,434281.4,113505.0
E01023090,433919.6,113260.5
E01023091,485762.8,155239.0
E01023092,484988.5,155144.4
E01023093,484392.2,155313.2
E01023094,485324.6,155627.6
E01023095,486161.7,155199.2
E01023096,487296.6,155760.3
E01023097,486724.9,156395.3
E01023098,486304.7,155706.9
E01023099,485537.4,158017.9
E01023100,484531.9,157343.1
E01023101,485186.6,157508.5
E01023102,484833.7,157075.3
E01023103,487470.5,156769.7
E01023104,486898.0,157463.8
E01023105,486640.4,157338.2
E01023106,486387.6,157811.3
E01023107,487169.5,149138.6
E01023108,487472.3,148963.2
E01023109,487478.4,149813.1
E01023110,487986.9,149573.7
E01023111,487412.9,155012.1
E01023112,487994.1,155241.3
E01023113,487350.5,154520.6
E01023114,488119.8,154451.6
E01023115,486958.1,149655.5
E01023116,486638.1,150135.5
E01023117,486538.4,149439.7
E01023118,487164.1,150338.0
E01023119,486225.2,157084.0
E01023120,486387.7,157007.5
E01023121,485721.7,157520.2
E01023122,485926.8,157026.9
E01023123,487784.5,150175.5
E01023124,487436.9,150269.8
E01023125,488152.1,151162.4
E01023128,485332.6,150512.7
E01023129,485671.2,150468.8
E01023130,485315.8,150075.8
E01023131,485977.1,149898.3
E01023132,485032.7,156145.9
E01023133,484099.7,156101.6
E01023134,484760.1,156593.7
E01023135,484481.7,156031.6
E01023136,486850.6,153609.4
E01023137,487684.7,153915.7
E01023138,487319.5,154039.6
E01023139,488095.8,154000.3
E01023140,487779.8,153353.0
E01023141,487267.4,151201.8
E01023144,486405.2,150390.5
E01023145,486138.2,150470.5
E01023146,485676.2,156826.6
E01023147,485291.2,156770.9
E01023148,486147.9,156242.2
E01023149,485627.9,156133.8
E01023150,435796.2,121399.5
E01023151,435370.3,121031.9
E01023152,435102.1,121411.3
E01023153,436565.2,147139.8
E01023154,436754.8,147548.6
E01023156,436220.0,147084.1
E01023157,437106.2,147062.0
E01023158,441185.2,123016.5
E01023159,429810.3,144351.6
E01023160,435758.4,142532.4
E01023162,431373.8,123197.4
E01023163,429870.7,118932.3
E01023164,429182.8,119311.4
E01023165,436662.1,153876.5
E01023166,430937.4,132918.9
E01023167,431007.2,136553.5
E01023168,439096.8,139351.4
E01023169,434964.6,147116.5
E01023170,437569.8,116096.5
E01023171,441210.1,117754.1
E01023172,438121.2,117020.9
E01023173,438332.0,116459.6
E01023174,436832.0,122391.2
E01023175,435915.5,122033.9
E01023176,436182.0,121810.5
E01023177,429368.7,126771.1
E01023178,443403.0,141693.6
E01023179,435195.4,146065.0
E01023180,434707.4,145963.8
E01023181,435949.6,147487.5
E01023182,435717.7,146915.1
E01023183,435739.0,146369.2
E01023184,434855.9,125966.7
E01023185,436137.4,130790.6
E01023186,435000.5,145095.2
E01023187,435325.5,145401.3
E01023188,435252.4,144717.9
E01023189,434125.9,145590.1
E01023190,435877.9,145652.9
E01023191,438840.1,119510.5
E01023192,439329.9,119628.2
E01023193,439174.6,120144.4
E01023194,438556.4,120154.4
E01023195,429173.9,139214.2
E01023196,431893.2,147184.9
E01023197,422942.1,145395.1
E01023198,429036.1,146358.1
E01023200,437354.8,122173.1
E01023202,436845.4,145648.4
E01023203,436967.7,146108.8
E01023204,436196.8,146039.2
E01023205,437326.8,146702.9
E01023206,436409.6,121077.2
E01023207,437213.6,120955.0
E01023208,436956.7,121828.1
E01023209,436941.3,121427.6
E01023210,442123.9,121403.4
E01023211,441700.8,120883.1
E01023212,442500.2,120540.3
E01023213,441735.4,120059.9
E01023214,442421.8,119607.5
E01023215,437112.6,145079.6
E01023216,436090.5,145162.9
E01023217,436662.7,144837.5
E01023218,436021.5,144473.2
E01023219,437477.2,145554.6
E01023220,454433.1,117809.2
E01023221,455142.3,117587.4
E01023222,455638.9,117939.9
E01023223,456010.9,117458.4
E01023225,459085.9,128372.5
E01023226,448144.8,124609.1
E01023227,447989.9,122235.9
E01023228,447954.0,121813.5
E01023229,445493.4,125077.8
E01023230,446382.5,123729.4
E01023231,465014.8,111901.9
E01023232,466523.6,111298.8
E01023233,465464.0,111823.2
E01023234,465914.2,111598.7
E01023235,462791.5,116426.1
E01023236,453083.7,132796.2
E01023237,449131.4,133743.1
E01023238,448681.8,134132.5
E01023239,449141.7,133020.8
E01023240,446710.4,131633.2
E01023241,445958.0,132246.2
E01023242,446852.0,128046.4
E01023243,446403.9,127812.7
E01023244,445772.5,127505.1
E01023245,452858.0,114196.8
E01023246,452204.9,121687.3
E01023247,447057.3,130624.9
E01023248,446117.8,130417.9
E01023249,447081.9,131146.2
E01023250,446531.1,131069.5
E01023251,448403.3,129677.3
E01023252,448041.2,129799.2
E01023253,448376.1,130898.7
E01023254,448076.7,130387.1
E01023255,448919.8,129655.1
E01023256,449374.0,129804.3
E01023257,448880.0,128979.1
E01023258,449399.7,129157.9
E01023259,445934.7,128576.4
E01023260,446485.9,128672.2
E01023261,447096.3,128480.4
E01023262,446309.7,128265.2
E01023263,447131.0,129142.4
E01023264,448149.6,129059.0
E01023265,447621.9,128148.9
E01023266,447413.9,128992.1
E01023267,447689.6,130066.3
E01023268,447405.3,130049.9
E01023269,446737.9,129523.1
E01023270,447185.8,129729.3
E01023271,456375.2,113270.7
E01023272,456187.0,115548.3
E01023273,456177.7,115021.2
E01023274,447017.7,131955.1
E01023275,457478.9,116234.9
E01023276,457710.1,115893.2
E01023277,460584.0,114123.0
E01023278,458778.6,132166.6
E01023279,458482.3,131738.7
E01023280,458762.2,133456.0
E01023281,458340.6,132404.2
E01023282,462038.7,121649.5
E01023285,457305.9,111615.3
E01023286,446540.3,139544.2
E01023287,446754.4,135750.0
E01023288,451799.6,139907.3
E01023289,536213.4,207035.5
E01023290,536607.6,207360.3
E01023291,537115.0,207457.4
E01023292,536746.5,206667.0
E01023293,534355.6,201917.5
E01023294,535079.2,202624.1
E01023295,534547.5,202804.5
E01023296,534724.1,202169.3
E01023297,535516.2,202518.1
E01023298,536139.9,202747.2
E01023299,536348.7,202267.1
E01023300,536192.1,201873.7
E01023301,535812.2,202660.6
E01023302,536050.4,203285.2
E01023303,535665.5,203151.5
E01023304,536180.8,203439.5
E01023305,535844.0,203666.0
E01023306,536289.6,203892.0
E01023307,532860.9,204448.0
E01023308,533675.6,204149.3
E01023309,534328.8,203829.8
E01023310,535275.7,203296.3
E01023311,532179.0,202992.1
E01023312,533278.6,203792.7
E01023313,531819.7,203212.4
E01023314,533878.2,202853.6
E01023315,532724.5,204226.6
E01023316,537686.8,210758.7
E01023317,537107.5,210446.3
E01023318,537644.8,210340.7
E01023319,536938.8,209747.7
E01023320,537277.1,208643.8
E01023321,537213.3,208042.9
E01023322,536966.4,209215.9
E01023323,537065.1,208935.0
E01023324,533996.6,203647.6
E01023325,534256.1,203187.9
E01023326,534594.8,203215.0
E01023327,537513.2,209604.0
E01023328,537957.6,210027.3
E01023329,537336.2,209889.5
E01023330,538228.0,209655.2
E01023331,537905.1,209374.4
E01023332,535955.4,201033.5
E01023333,536074.8,201499.0
E01023334,535679.6,201998.1
E01023335,536387.2,201199.2
E01023336,536336.0,200640.0
E01023337,536001.9,200263.5
E01023339,535644.7,200352.4
E01023340,536767.3,206009.8
E01023341,536574.4,205656.1
E01023343,536668.0,205064.4
E01023344,536478.4,204214.6
E01023345,507736.4,207512.5
E01023346,507446.5,208596.5
E01023347,506928.2,207858.5
E01023348,507265.2,207508.3
E01023349,507019.1,207058.9
E01023350,506436.2,206980.9
E01023351,506483.3,207558.3
E01023352,494350.0,210348.6
E01023354,505426.4,205157.2
E01023355,501849.5,209015.1
E01023356,499593.8,213123.8
E01023357,506922.0,206245.6
E01023358,507307.7,206086.6
E01023359,507057.2,205568.4
E01023360,506625.2,205394.4
E01023361,499575.8,207798.0
E01023362,500008.3,207956.0
E01023363,498054.7,208908.7
E01023364,498726.2,208590.5
E01023365,499256.8,207496.5
E01023366,499591.1,207299.0
E01023367,500070.8,207090.3
E01023368,498724.8,207819.1
E01023369,497753.5,208351.8
E01023370,498388.8,208177.7
E01023371,497822.5,207767.2
E01023372,498384.3,207360.1
E01023373,500905.5,203884.1
E01023374,501831.7,203414.2
E01023375,504443.5,202085.9
E01023376,501183.6,203409.4
E01023377,501297.0,202845.3
E01023378,503806.3,205533.7
E01023379,504444.7,206384.6
E01023380,504774.2,207187.1
E01023381,504340.4,206869.8
E01023382,504822.4,206625.9
E01023383,503315.6,206750.2
E01023384,503767.8,206702.6
E01023385,503627.9,207413.2
E01023386,506073.0,206028.4
E01023387,506301.8,206445.8
E01023388,505816.4,206280.4
E01023389,506413.6,205824.5
E01023390,504499.8,208365.2
E01023391,504689.5,208026.0
E01023392,504089.6,208510.9
E01023393,506767.5,209347.5
E01023394,506718.9,209746.8
E01023395,507022.5,209781.4
E01023396,506249.4,209484.3
E01023397,505957.9,209476.9
E01023399,505688.1,207940.0
E01023400,505645.4,207414.0
E01023401,506064.2,207919.9
E01023402,506544.8,208670.3
E01023403,506659.4,208337.0
E01023404,505721.9,208329.1
E01023405,506106.1,208483.8
E01023406,507363.7,202542.9
E01023407,506681.1,203926.1
E01023408,506848.7,202816.6
E01023409,508393.0,207096.4
E01023410,508589.7,206553.2
E01023411,507614.1,206815.4
E01023412,507769.7,206525.9
E01023413,508075.4,206123.9
E01023414,506945.5,204698.0
E01023415,507293.7,205258.7
E01023416,496861.2,209134.0
E01023417,497326.6,208825.7
E01023418,492377.9,211963.9
E01023419,492487.9,212623.3
E01023420,492060.3,211734.1
E01023421,492851.4,212211.3
E01023422,493186.8,211884.8
E01023423,491467.5,211218.2
E01023424,490028.6,215092.4
E01023425,491655.1,211389.4
E01023426,492234.6,211193.8
E01023427,503801.0,207960.5
E01023428,503372.9,208004.5
E01023429,504126.4,207612.3
E01023430,507830.2,214627.5
E01023431,504242.6,212891.3
E01023432,506225.3,216257.8
E01023433,505974.7,216385.3
E01023434,507912.1,209714.7
E01023435,507644.1,210214.7
E01023436,507383.8,210035.5
E01023437,508072.0,209984.1
E01023438,549889.7,221601.1
E01023439,549863.2,222297.3
E01023440,550189.5,221936.3
E01023441,549432.8,221176.6
E01023442,549852.3,220665.2
E01023443,547960.6,220252.5
E01023444,548980.7,220421.6
E01023445,548384.2,220120.9
E01023447,548243.9,220578.7
E01023448,547442.6,220233.9
E01023449,548462.4,221795.5
E01023451,549432.1,222003.2
E01023452,547266.6,220644.9
E01023453,547741.3,221764.3
E01023454,547216.4,221725.8
E01023455,547955.6,220791.9
E01023456,547704.8,219718.8
E01023457,548317.3,219668.4
E01023458,548993.7,219990.7
E01023459,548034.2,219413.8
E01023460,548757.3,219466.3
E01023461,547151.0,219940.5
E01023462,540278.5,230173.2
E01023463,539667.8,225191.6
E01023465,536122.9,229951.1
E01023466,536225.7,229439.3
E01023467,527013.8,218955.1
E01023468,537066.2,212593.8
E01023469,537751.9,211770.5
E01023470,532187.8,212855.0
E01023471,532640.2,213641.7
E01023472,532598.8,213899.3
E01023473,532072.8,214025.5
E01023474,532029.7,213301.1
E01023475,532173.5,211331.8
E01023476,532781.2,211778.8
E01023477,533362.1,212723.3
E01023479,531750.4,212397.5
E01023480,535139.3,211411.5
E01023481,535235.9,210614.9
E01023482,534477.7,212786.6
E01023483,533972.6,213035.7
E01023484,534676.3,213207.4
E01023485,530844.1,216284.3
E01023486,528964.7,211175.2
E01023487,531027.6,213185.5
E01023488,530688.5,213428.0
E01023489,531031.8,212720.9
E01023490,531468.2,212612.1
E01023491,539976.9,215705.0
E01023492,542306.2,213838.6
E01023493,544064.4,224210.9
E01023494,534980.1,229516.2
E01023495,533583.2,221633.4
E01023496,545484.2,216164.5
E01023497,542659.4,218579.4
E01023499,548374.5,215571.3
E01023500,547373.0,214027.5
E01023501,547953.4,215025.1
E01023502,548495.9,214876.8
E01023503,548188.8,214456.8
E01023504,538873.8,211780.9
E01023505,538252.4,211582.3
E01023506,536018.2,217624.4
E01023507,539439.5,222396.2
E01023509,528730.8,226061.7
E01023510,535668.5,213811.9
E01023511,536116.7,213935.1
E01023512,536325.2,214308.0
E01023513,536860.4,214600.4
E01023514,535825.2,214553.2
E01023515,534751.2,214755.0
E01023516,535139.8,215321.3
E01023517,535508.4,214861.2
E01023518,536652.7,214969.8
E01023519,536207.2,214871.0
E01023520,535807.3,215240.4
E01023523,516578.2,200242.1
E01023524,516158.6,199065.0
E01023525,516350.7,199568.4
E01023526,515941.0,200274.0
E01023527,515517.6,199141.8
E01023528,514016.8,198899.2
E01023529,518371.7,197645.3
E01023530,519327.0,197101.1
E01023531,518800.4,197427.8
E01023532,519014.2,196954.5
E01023533,518200.1,197977.9
E01023534,519453.4,198428.1
E01023535,519066.7,198199.6
E01023536,518793.4,198051.4
E01023537,519901.5,197569.2
E01023538,519485.5,197337.8
E01023540,519810.3,196028.1
E01023541,520169.4,196656.0
E01023542,520314.2,195890.4
E01023543,520665.0,195594.8
E01023544,520526.2,197844.2
E01023545,520359.8,197463.8
E01023546,520718.3,196476.4
E01023547,520827.2,196135.8
E01023548,515087.4,194326.7
E01023549,514616.5,194644.1
E01023550,514488.2,194105.7
E01023551,515127.6,194917.4
E01023552,512395.4,197468.0
E01023553,512155.1,196065.9
E01023554,511981.4,196514.2
E01023555,513057.7,197519.0
E01023556,514410.6,195306.3
E01023557,513966.1,195140.2
E01023558,513864.5,194586.7
E01023559,512355.7,195669.2
E01023560,513927.9,195943.0
E01023561,513717.4,195419.6
E01023562,513355.8,195940.6
E01023563,513209.6,195372.1
E01023564,517643.2,195108.1
E01023565,518824.3,196272.5
E01023566,518928.6,195642.1
E01023567,523904.8,201454.6
E01023568,524566.3,201173.3
E01023569,524119.7,200958.8
E01023570,524228.5,201799.6
E01023571,526778.5,201541.0
E01023572,526398.7,201132.3
E01023573,525811.0,200706.7
E01023574,526748.1,200915.8
E01023575,526162.2,200510.3
E01023576,525097.9,200631.2
E01023577,525404.0,201134.9
E01023578,525296.7,201829.9
E01023579,524812.5,201480.7
E01023580,525984.3,201861.2
E01023581,518303.1,200923.7
E01023582,518230.8,201113.6
E01023583,519198.6,200396.5
E01023584,522170.0,201072.6
E01023585,524957.5,238542.7
E01023586,526850.2,239606.1
E01023587,525574.7,234095.2
E01023588,525052.4,234124.7
E01023589,524655.2,233732.7
E01023590,524251.1,234031.5
E01023591,524903.6,233205.3
E01023592,524315.3,233219.8
E01023593,524762.3,232820.6
E01023594,518076.3,231692.0
E01023595,521761.2,218061.9
E01023596,521693.0,218448.2
E01023597,539888.0,237981.6
E01023598,535659.1,236457.2
E01023600,521453.2,227520.7
E01023601,518906.9,229645.8
E01023602,518613.4,229938.7
E01023603,518184.8,230158.7
E01023604,518560.9,230388.1
E01023605,519091.1,230525.0
E01023606,518924.4,228592.8
E01023607,519973.8,228871.1
E01023608,519496.9,228576.3
E01023609,519103.4,229185.8
E01023610,519701.8,229183.5
E01023611,517632.6,230587.7
E01023612,517720.2,229849.5
E01023613,517406.6,230214.4
E01023614,519050.7,228025.9
E01023615,517786.8,228950.4
E01023616,518173.1,229207.5
E01023617,520215.6,230453.9
E01023618,519798.8,230380.5
E01023619,519574.8,229943.5
E01023620,520365.3,229737.8
E01023621,520243.7,229266.5
E01023622,519199.7,227033.6
E01023623,518393.4,221077.1
E01023624,512540.7,223919.1
E01023625,516469.7,223619.7
E01023626,517123.5,218217.3
E01023627,523925.2,219541.6
E01023628,525101.4,220085.1
E01023629,524776.7,219919.0
E01023630,522707.1,232477.4
E01023631,522425.4,232599.5
E01023632,523023.5,233834.8
E01023633,522563.7,233539.0
E01023634,521658.5,233227.3
E01023635,521751.4,234434.2
E01023636,522262.4,234184.2
E01023637,521425.7,234096.2
E01023638,521584.9,233819.4
E01023639,522759.6,231115
E01023640,523253.0,231718.6
E01023641,523613.4,231836.6
E01023642,522758.9,231278.1
E01023643,523001.2,232077.2
E01023644,521823.3,232228.9
E01023645,521231.8,232079.3
E01023646,520945.9,232108.6
E01023647,522399.6,231753.4
E01023648,521723.8,231154.8
E01023649,521196.1,232707.3
E01023650,520658.4,232633.6
E01023651,520461.9,233003.3
E01023652,520863.6,233123.3
E01023653,514662.4,231478.2
E01023654,536007.4,240155.4
E01023655,535104.2,240674.2
E01023656,535268.0,241225.3
E01023657,536313.3,241564.6
E01023658,536566.3,240951.3
E01023659,536306.7,240507.0
E01023660,535676.9,241279.5
E01023661,535511.9,241831.2
E01023662,535900.6,242162.5
E01023663,526793.6,230575.9
E01023664,517652.0,207234.3
E01023665,516926.8,207169.8
E01023666,516263.9,206859.9
E01023667,516904.5,206813.2
E01023668,517205.2,207783.6
E01023669,514126.4,207984.6
E01023670,514551.1,208013.2
E01023671,514562.0,209303.2
E01023672,514594.8,208753.1
E01023673,516863.9,207732.4
E01023674,516356.9,207401.4
E01023675,516224.6,207825.9
E01023676,515457.1,207585.2
E01023677,517561.4,206756.2
E01023678,517500.5,206194.2
E01023680,519269.3,207361.2
E01023681,516840.9,206469.0
E01023682,516267.2,206349.5
E01023683,516621.4,206063.4
E01023684,516502.1,205493.5
E01023685,514682.9,214528.5
E01023686,514484.1,214200.9
E01023687,514550.8,215596.2
E01023688,514404.5,215179.1
E01023689,513855.2,214765.2
E01023690,512558.4,215162.1
E01023691,512033.7,215427.6
E01023692,513572.2,215509.6
E01023693,513883.6,215635.1
E01023694,511545.7,215667.8
E01023695,515020.3,213391.6
E01023696,513357.8,212214.4
E01023697,514421.9,213146.5
E01023698,514695.1,212856.1
E01023699,513099.9,214905.4
E01023700,512657.4,214468.2
E01023701,513572.6,214035.4
E01023702,514014.1,214243.9
E01023703,514333.7,213718.2
E01023704,518493.3,203617.9
E01023705,517489.4,204612.9
E01023706,517846.4,204229.4
E01023708,517675.3,203765.0
E01023709,516362.1,209245.6
E01023710,516958.8,209019.4
E01023711,517343.0,209140.7
E01023712,517270.3,208457.1
E01023713,515468.7,209043.7
E01023714,516343.9,208549.9
E01023715,515789.0,208441.2
E01023716,515445.8,208155.4
E01023717,513243.7,201999.5
E01023718,514413.9,204069.6
E01023719,513988.6,203615.0
E01023720,515123.4,203484.2
E01023721,514014.5,203142.8
E01023722,510174.4,211523.3
E01023723,509984.4,212451.8
E01023724,510673.1,212219.0
E01023725,510440.8,212892.2
E01023726,515071.9,206887.7
E01023727,515076.0,207119.8
E01023728,514781.2,207790.4
E01023730,513375.4,204819.4
E01023731,513461.1,204141.2
E01023732,512498.6,202515.0
E01023733,512656.7,202111.1
E01023734,517340.8,209605.7
E01023735,517746.8,208949.3
E01023736,517207.7,210479.3
E01023737,514498.1,205948.4
E01023738,515108.5,205600.4
E01023739,514547.9,205498.9
E01023740,514885.4,206620.3
E01023741,515084.2,206271.8
E01023742,513227.4,206331.6
E01023743,513969.8,206541.9
E01023744,513805.2,205708.2
E01023745,514131.9,207477.2
E01023746,517993.7,213470.4
E01023747,517803.0,213767.4
E01023748,517291.6,215021.7
E01023749,516273.2,214236.9
E01023750,526704.5,222995.4
E01023751,526446.6,223004.9
E01023752,526036.6,223785.9
E01023753,526840.2,223751.8
E01023754,526342.6,223426.4
E01023755,524352.2,223596.0
E01023756,524989.0,224212.8
E01023757,524595.7,224213.3
E01023759,526299.4,224801.4
E01023760,526400.6,224376.2
E01023761,525945.3,224379.8
E01023762,525654.7,224898.3
E01023763,526466.6,221450.3
E01023764,526199.9,221275.0
E01023765,525946.3,222342.6
E01023766,526015.9,221842.6
E01023767,526687.0,225148.7
E01023769,525722.4,225433.4
E01023770,526301.7,225478.1
E01023771,525909.7,225991.3
E01023772,524776.4,225921.6
E01023773,526296.5,225847.0
E01023774,525387.6,226075.8
E01023775,523671.0,224947.1
E01023776,523147.3,224916.0
E01023777,523745.9,225486.5
E01023778,524112.3,225341.2
E01023779,524308.8,224725.0
E01023780,525285.6,225593.3
E01023781,524966.8,225033.4
E01023782,524523.8,225283.2
E01023783,524897.9,222010.5
E01023784,525291.7,221933.3
E01023785,525577.7,221611.9
E01023786,524680.2,222545.9
E01023787,524904.9,226401.1
E01023788,524849.0,226683.2
E01023790,525265.9,226700.8
E01023791,525481.2,223139.0
E01023792,525860.6,223529.1
E01023793,525902.4,223130.8
E01023794,525099.3,222939.7
E01023795,522559.6,225796.8
E01023796,522426.2,225198.6
E01023797,522210.9,225508.9
E01023798,522709.9,225128.2
E01023799,524222.3,226516.1
E01023800,522993.4,226376.5
E01023801,525180.8,227208.9
E01023802,509587.2,201784.8
E01023803,508783.8,201698.9
E01023804,509711.1,202164.3
E01023805,511900.7,192493.9
E01023806,511323.7,192229.7
E01023807,509737.3,203738.5
E01023809,512280.9,192929.7
E01023810,512476.2,193475.9
E01023811,512082.5,193819.8
E01023812,505123.3,195773.4
E01023813,504407.3,196123.7
E01023814,503836.6,196419.4
E01023815,502053.0,195338.8
E01023816,502605.0,195671.9
E01023817,502518.6,196240.0
E01023818,501922.8,196163.6
E01023819,507513.0,195487.1
E01023820,506921.6,195562.4
E01023821,508125.9,195874.2
E01023822,507600.0,195918.4
E01023823,507621.7,196288.9
E01023824,508229.3,196408.8
E01023825,508375.8,195536.7
E01023826,507515.2,195138.1
E01023827,510456.8,193426.5
E01023828,511107.0,193458.3
E01023829,508819.6,201102.8
E01023830,509540.4,201368.6
E01023831,508411.6,200880.6
E01023832,510668.7,201616.3
E01023834,512089.4,201050.2
E01023835,503839.8,194040.1
E01023836,504370.0,193998.9
E01023837,503246.9,192586.9
E01023838,502802.4,192470.4
E01023839,509265.0,192518.4
E01023840,509984.0,192233.7
E01023841,508469.0,193310.7
E01023842,511124.1,192887.2
E01023843,511552.5,192703.8
E01023844,511434.5,193231.2
E01023845,510680.1,194140.1
E01023846,511041.0,194324.1
E01023847,504249.6,194419.8
E01023848,504079.7,194851.2
E01023849,506167.2,193703.0
E01023850,505913.7,194353.3
E01023851,505966.6,194689.8
E01023852,505109.8,194342.7
E01023853,504738.7,194887.7
E01023854,504398.5,199373.7
E01023855,510898.2,197949.0
E01023856,510655.4,198180.1
E01023857,510870.0,198567.3
E01023858,511093.7,198356.0
E01023860,511410.1,196658.3
E01023862,511217.0,195965.5
E01023863,509953.6,195710.3
E01023864,509763.1,195253.3
E01023865,510167.1,195197.9
E01023866,509341.6,195239.3
E01023868,509847.8,199064.2
E01023869,510527.8,198605.7
E01023870,510392.2,198960.6
E01023871,509842.5,199492.2
E01023872,510786.5,199172.2
E01023873,512072.1,199730.9
E01023874,512270.3,199104.8
E01023875,511583.8,199729.3
E01023876,511896.8,199307.3
E01023877,511906.1,200298.4
E01023878,509720.1,198415.7
E01023880,510617.8,197395.9
E01023881,509142.7,199151.6
E01023882,512064.2,194826.7
E01023883,510982.1,194990.9
E01023884,512136.3,195290.3
E01023885,511527.3,194972.6
E01023886,509411.7,196325.9
E01023887,509401.6,197985.8
E01023888,510089.7,196541.2
E01023889,509735.7,197393.6
E01023890,511008.1,199525.0
E01023891,510171.9,199720.8
E01023892,510395.0,200081.3
E01023893,511282.8,200193.2
E01023894,510748.2,200131.8
E01023895,511447.8,197554.2
E01023896,511253.0,198840.1
E01023897,511931.4,198588.6
E01023898,511551.1,198275.9
E01023899,510425.0,196247.8
E01023900,510061.0,196141.7
E01023901,510496.8,195904.9
E01023902,510873.9,195790.5
E01023903,510178.2,195905.1
E01023904,510689.4,201148.7
E01023905,511262.2,200782.2
E01023906,510435.8,200610.6
E01023907,510059.6,200376.9
E01023908,524413.5,204243.5
E01023909,525249.9,203976.4
E01023910,526095.2,204543.9
E01023911,525881.4,202489.5
E01023912,525357.5,213338.0
E01023913,526057.3,213357.5
E01023914,525017.6,214255.2
E01023915,524629.0,214325.1
E01023916,522815.1,211962.3
E01023917,523421.4,212266.8
E01023918,523456.4,212897.4
E01023919,522952.2,212849.8
E01023920,522226.2,208832.8
E01023921,521866.1,208594.9
E01023922,522055.6,208225.4
E01023923,522250.4,207789.3
E01023924,522804.0,208495.4
E01023925,526428.4,208970.8
E01023926,523342.5,209253.4
E01023927,522769.9,208990.9
E01023929,522475.6,209533.0
E01023930,522969.1,209503.8
E01023932,522003.8,206521.4
E01023933,522480.9,206767.4
E01023934,521747.9,206861.9
E01023935,521850.5,207504.8
E01023936,522517.2,207393.7
E01023937,521944.8,207165.3
E01023938,521095.4,207976.6
E01023939,524818.9,211659.5
E01023940,524315.4,211543.2
E01023942,524737.3,211038.1
E01023943,525923.3,211944.8
E01023944,525536.4,212313.7
E01023945,525893.0,211510.0
E01023946,525309.6,211110.7
E01023947,529807.1,202272.2
E01023948,530334.3,202876.0
E01023949,530030.1,203505.1
E01023950,526732.3,212921.1
E01023951,526044.8,212981.8
E01023952,526166.2,212583.6
E01023953,526371.5,212382.5
E01023955,525045.8,212028.1
E01023956,524272.0,212143.0
E01023957,524633.9,212080.9
E01023958,524949.4,212565.5
E01023959,523731.4,213654.3
E01023960,523915.8,214492.8
E01023961,524101.4,214159.9
E01023962,523467.8,214742.7
E01023963,523165.2,205580.1
E01023965,525007.3,217784.3
E01023966,524339.4,217531.0
E01023967,525438.9,218621.6
E01023968,523208.7,216607.5
E01023969,522791.4,216067.0
E01023970,522938.0,215476.7
E01023971,524667.9,215460.2
E01023972,602552.0,141629.2
E01023973,602037.6,141602.7
E01023974,599538.7,141685.7
E01023975,599871.0,141575.5
E01023976,600086.1,141171.6
E01023977,599338.0,141214.9
E01023978,585304.8,137671.0
E01023979,584845.6,138557.0
E01023980,601319.3,144874.6
E01023981,601111.1,144320.0
E01023983,601749.1,144280.6
E01023984,601436,144274.4
E01023985,595923.1,149915.1
E01023986,595116.9,149401.3
E01023987,607252.4,154683.3
E01023988,606559.5,152350.0
E01023989,600730.1,150437.2
E01023990,597146.1,145267.8
E01023992,600371.9,142967.2
E01023993,599304.7,142947.5
E01023995,603215.2,141574.5
E01023996,603455.4,141394.9
E01023997,595428.8,130010.2
E01023998,589860.7,127488.3
E01023999,602151.3,145052.3
E01024001,600463.4,140941.8
E01024002,600982.9,141657.3
E01024003,602719.2,142403.5
E01024004,603456.0,142341.0
E01024005,602565.1,142036.0
E01024006,601039.2,139763.9
E01024008,599964.7,139960.1
E01024009,587546.0,132835.0
E01024010,584519.4,131272.7
E01024011,588486.0,135153.1
E01024012,588824.2,134833.7
E01024013,607640.1,139793.2
E01024014,604078.8,135534.7
E01024015,608369.2,141443.1
E01024016,599206.5,141907.4
E01024017,598822.2,141351.6
E01024019,599886.5,140740.6
E01024020,599576.8,140836.9
E01024021,601179.3,143199.7
E01024022,600760.5,143456.1
E01024023,601838.8,142536.2
E01024024,588648.2,133897.7
E01024025,588784.3,133225.7
E01024026,589365.2,133434.4
E01024028,599707.0,142108.8
E01024029,600504.8,141766.1
E01024031,592808.4,140095.0
E01024032,589568.1,137326.6
E01024033,592631.4,145528.7
E01024035,590384.3,147089.0
E01024036,588132.9,142375.9
E01024037,600152.5,133414.0
E01024038,594301.8,134726.5
E01024039,597740.2,138090.7
E01024040,605121.3,146797.0
E01024041,605542.9,146576.4
E01024042,622366.4,151316.1
E01024043,620436.0,150086.8
E01024044,615384.2,157444.5
E01024045,616322.8,157063.4
E01024046,615797.9,156651.5
E01024047,616755.3,158008.1
E01024048,615683.1,158014.2
E01024049,616422.1,157561.6
E01024052,610755.2,154443.6
E01024053,610839.2,154749.7
E01024054,613252.9,150891.7
E01024055,612078.7,166099.0
E01024056,613515.1,165754.7
E01024057,613883.5,166774.5
E01024058,612683.9,166269.4
E01024059,613613.0,167217.5
E01024060,610815.8,165730.4
E01024061,611180.0,165551.8
E01024062,611668.2,165342.9
E01024063,611375.8,166137.3
E01024064,617230.7,167019.9
E01024065,615838.4,166827.5
E01024066,616354.2,166799.1
E01024067,611292.3,158118.2
E01024068,612742.0,159138.8
E01024069,610892.0,166451.3
E01024070,610516.7,166300.9
E01024071,611318.6,166740.3
E01024072,610915.1,166838.6
E01024073,618586.8,167017.6
E01024074,618931.4,166723.8
E01024075,618372.0,166069.3
E01024076,619554.5,166796.3
E01024077,618175.4,165595.4
E01024078,617712.6,168215.9
E01024079,617075.9,167803.3
E01024080,618141.7,168257.5
E01024081,617218.1,168135.1
E01024082,618164.7,167826.3
E01024083,617791.9,167737.9
E01024084,620702.8,157910.7
E01024085,621586.9,158027.6
E01024086,620287.3,162132.8
E01024087,622458.8,163188.6
E01024088,618134.1,154533.4
E01024089,618732.8,153940.3
E01024090,615894.2,158916.2
E01024091,616487.3,159220.1
E01024092,615726.4,158464.8
E01024093,615319.9,158360.6
E01024094,620688.9,168210.7
E01024095,618536.6,167998.7
E01024096,619916.7,168096.3
E01024097,619270.6,168014.8
E01024098,618864.7,167589.7
E01024099,615231.7,159754.1
E01024100,614796.1,159685.3
E01024101,615404.2,159385.7
E01024102,614545.5,158976.0
E01024103,614222.6,158747.1
E01024104,614601.6,158464.3
E01024105,609630.3,165086.0
E01024106,610358.2,165440.2
E01024107,610194.7,164827.0
E01024108,608693.7,164914.7
E01024109,609423.2,164565.6
E01024110,617287.8,161299.9
E01024111,617856.0,161136.5
E01024112,618112.6,160844.1
E01024113,617814.9,160210.2
E01024114,612297.8,166948.3
E01024115,612970.9,166933.5
E01024116,611796.5,166986.0
E01024117,616181.3,167952.4
E01024118,616693.2,167652.3
E01024119,616124.2,167549.7
E01024120,615460.0,167506.8
E01024121,614166.3,158275.4
E01024122,613668.9,158122.6
E01024123,613493.0,158651.9
E01024124,614950.5,158086.7
E01024126,613288.0,157621.5
E01024127,613144.5,156469.8
E01024128,613553.9,156639.7
E01024129,614585.7,157109.1
E01024131,615066.6,157115.6
E01024132,557192.5,171497.9
E01024133,556991.3,172762.1
E01024134,559138.0,172281.5
E01024135,556979.9,171402.7
E01024136,555248.0,173625.7
E01024137,554938.3,173473.9
E01024138,556020.6,173234.3
E01024139,556422.0,173192.7
E01024143,558774.1,175075.0
E01024144,552128.2,174039.0
E01024145,552818.7,173544.5
E01024146,552403.1,173663.1
E01024147,552511.9,174221.8
E01024150,550981.9,171501.7
E01024151,550663.1,171769.1
E01024152,551161.0,172707.1
E01024153,551196.2,172089.3
E01024154,555476.1,174893.7
E01024155,555400.3,175377.5
E01024156,555012.5,174561.3
E01024157,561258.8,170678.8
E01024158,560304.6,168990.5
E01024159,562435.2,168742.0
E01024160,561837.0,168896.2
E01024161,555195.9,174045.4
E01024162,555577.7,174316.3
E01024163,555798.8,173938.0
E01024164,554722.0,174154.8
E01024165,553858.7,173506.3
E01024166,553494.0,173227.2
E01024167,554131.0,173063.4
E01024168,553790.2,172882.5
E01024169,556323.8,173810.2
E01024170,556592.8,173917.9
E01024171,557219.0,173847.7
E01024172,557578.3,174664.4
E01024173,554813.4,171511.1
E01024174,555775.4,169861.8
E01024175,555728.6,169755.8
E01024176,560609.2,174072.2
E01024177,560060.5,173992.0
E01024178,560172.0,174367.3
E01024179,560643.0,174525.5
E01024180,553745.5,175007.7
E01024181,553774.4,174720.6
E01024182,553921.2,174038.5
E01024183,553103.0,174419.0
E01024184,553591.3,174419.3
E01024185,553433.6,173944.0
E01024186,552678.7,174538.8
E01024187,554000.2,172427.2
E01024188,552269.3,172411.0
E01024189,553284.8,171962.0
E01024190,625374.6,152107.0
E01024192,623440.1,152217.4
E01024193,630850.9,143110.1
E01024194,631084.2,142713.5
E01024195,631185.5,143352.3
E01024196,630726.2,143888.5
E01024197,630369.7,143216.5
E01024198,625178.3,138728.6
E01024200,630911.9,151052.7
E01024201,634468.3,152065.4
E01024202,630765.0,154987.9
E01024203,625765.0,148015.6
E01024204,627646.3,149943.9
E01024205,628442.5,149381.1
E01024206,625813.7,160847.4
E01024207,627811.9,157418.8
E01024208,628849.9,158586.4
E01024209,624359.1,157474.0
E01024212,630366.8,140743.3
E01024213,630070.5,141268.3
E01024214,630930.1,141178.8
E01024215,631286.9,141311.4
E01024216,630528.5,141172.3
E01024218,636949.2,151718.7
E01024219,636231.6,152170.2
E01024220,637154.5,152576.6
E01024221,636740.1,152114.7
E01024222,636633.8,151378.5
E01024223,636072.7,151395.6
E01024224,636387.8,150698.2
E01024225,636394.6,151212.0
E01024226,635703.1,151777.6
E01024227,637399.2,153946.9
E01024228,637602.7,152702.9
E01024229,637410.0,153555.8
E01024230,637573.4,153252.1
E01024231,637575.3,152124.8
E01024232,637464.2,148408.0
E01024233,629397.6,143044.6
E01024234,627648.0,142884.3
E01024235,629422.4,143425.6
E01024236,635791.1,144894.1
E01024237,636240.1,144833.0
E01024238,632604.7,143410.6
E01024239,631086.0,142372.4
E01024240,630214.9,142123.7
E01024241,630609.1,142577.6
E01024242,633474.6,156513.8
E01024243,632738.2,157672.4
E01024244,633090.3,158173.4
E01024245,631171.4,157078.8
E01024246,631154.7,141807.1
E01024247,631555.8,142095.7
E01024248,630799.4,141823.7
E01024249,630791.3,140203.6
E01024250,637164.6,150938.8
E01024251,636834.6,150311.2
E01024252,637533.6,151461.7
E01024253,637014.1,149980.6
E01024254,630206.3,144466.9
E01024255,630098.6,145637.4
E01024256,630599.3,145206.4
E01024257,564953.2,173736.8
E01024258,565320.8,173637.1
E01024259,565557.8,172969.6
E01024260,565105.0,173137.0
E01024261,567341.3,173031.4
E01024262,563771.4,173009.0
E01024263,563682.8,172760.1
E01024264,563842.2,172273.3
E01024265,570887.7,171247.9
E01024266,571088.8,171282.0
E01024267,571349.1,172532.8
E01024268,563642.3,169730.4
E01024269,563375.9,170190.2
E01024270,564150.9,167679.4
E01024271,564310.2,166002.1
E01024272,564555.4,167010.2
E01024273,564088.5,163038.1
E01024274,564118.8,162100.2
E01024275,564657.6,161760.5
E01024276,563165.7,173808.9
E01024277,562570.8,173891.3
E01024278,561765.3,174528.8
E01024279,563421.3,173996.5
E01024281,562889.8,172938.5
E01024282,563753.9,173515.8
E01024283,563265.7,173342.5
E01024284,563756.7,173275.6
E01024285,563365.6,172375.3
E01024286,563473.4,171895.1
E01024287,563030.0,172187.4
E01024288,562544.2,172368.2
E01024290,564173.5,173785.2
E01024291,564575.2,173705.5
E01024292,564377.2,173328.2
E01024293,566207.5,173487.3
E01024294,566655.3,173454.4
E01024295,565064.1,174206.3
E01024296,565738.4,173999.0
E01024297,566386.9,171379.2
E01024298,566596.5,171858.8
E01024299,566799.8,171489.7
E01024300,566613.0,171100.3
E01024301,569224.5,170804.1
E01024302,565787.5,167883.3
E01024303,565590.8,170906.3
E01024304,565993.0,170829.1
E01024305,565343.5,172010.1
E01024306,565387.2,171663.5
E01024307,565874.8,171580.1
E01024308,566049.8,172333.7
E01024309,566694.9,172437.8
E01024310,566286.9,172230.7
E01024311,566333.3,172917.9
E01024312,566815.4,172716.9
E01024313,565119.0,172559.7
E01024314,565719.3,172631.0
E01024315,565703.6,172206.8
E01024316,564893.4,171254.9
E01024317,564505.1,172998.2
E01024318,564727.4,172717.9
E01024319,564903.4,172073.9
E01024320,573823.3,156152.8
E01024321,573766.1,156740.0
E01024322,574384.2,156627.3
E01024323,574083.3,157249.1
E01024324,574651.6,157270.2
E01024325,572459.0,154702.3
E01024326,579015.8,155253.9
E01024327,579007.3,154754.2
E01024328,580171.0,155771.7
E01024329,579570.1,155084.0
E01024330,579292.2,155860.6
E01024331,576977.0,151151.6
E01024332,579401.7,150071.3
E01024333,577709.1,162008.0
E01024335,575840.8,159192.8
E01024336,578202.7,156288.6
E01024337,578159.7,156045.8
E01024339,575226.7,155550.4
E01024340,575297.1,156103.5
E01024341,574622.6,156106.4
E01024342,574313.6,151000.8
E01024343,573946.6,151531.9
E01024344,574506.6,151444.5
E01024345,573832.5,150112.2
E01024346,572694.7,153002.1
E01024347,579395.5,157778.1
E01024348,578647.7,155900.6
E01024349,579157.6,154320.2
E01024350,579123.1,153197.4
E01024351,577138.7,156132.2
E01024352,576348.7,156240.5
E01024353,577103.6,156870.0
E01024354,577399.1,156663.7
E01024355,576527.1,156486.0
E01024356,574742.8,154986.6
E01024357,574087.9,154907.1
E01024358,573400.1,154641.2
E01024360,574221.5,154681.0
E01024361,589386.3,152078.5
E01024362,589690.1,151894.9
E01024364,583694.7,144380.1
E01024365,583785.7,144412.2
E01024366,584923.7,148979.0
E01024367,574165.8,155281.2
E01024369,573091.1,154831.5
E01024371,576721.1,155183.5
E01024372,576332.0,155038.0
E01024373,575946.1,154918.2
E01024374,575946.3,154594.9
E01024375,583638.1,151082.6
E01024376,575937.3,152025.1
E01024377,568726.5,150671.4
E01024378,569982.0,150238.4
E01024379,572955.4,146743.3
E01024380,573939.7,144292.4
E01024381,574534.6,144367.5
E01024382,576127.5,156651.1
E01024383,575806.5,156939.2
E01024384,575408.2,157386.0
E01024385,576602.6,157608.5
E01024386,576559.3,157052.0
E01024387,584878.9,157028.2
E01024390,578723.6,152047.9
E01024391,577254.9,153141.3
E01024392,577030.6,154474.5
E01024393,578220.0,153985.4
E01024394,576926.2,154126.6
E01024395,577689.3,153946.3
E01024396,577348.3,153662.9
E01024397,578224.6,153063.4
E01024398,577884.5,153365.0
E01024399,578721.7,153164.2
E01024400,578468.2,152822.6
E01024401,575147.9,154640.3
E01024402,576104.0,153074.1
E01024403,575778.4,154291.0
E01024404,576536.9,152886.3
E01024405,576363.1,153874.2
E01024406,578114.7,143857.8
E01024407,578776.7,143818.9
E01024408,578274.4,143618.2
E01024409,578433.3,143082.7
E01024410,581207.0,151517.9
E01024411,581237.1,148643.8
E01024413,560708.7,165979.0
E01024414,560266.2,165708.2
E01024415,560963.1,165269.3
E01024416,550301.1,156029.0
E01024417,548130.1,155287.0
E01024418,550866.9,156211.7
E01024419,547790.2,153091.2
E01024420,547050.2,143831.0
E01024421,550496.4,166903.1
E01024423,551180.1,156652.0
E01024424,551455.5,155599.6
E01024425,544320.8,146624.8
E01024426,543976.1,147694.3
E01024427,544614.7,147257.5
E01024428,543831.2,146700.2
E01024429,544136.1,146181.3
E01024430,544500.5,145575.5
E01024431,554007.4,165397.5
E01024432,556308.5,168303.4
E01024433,554819.6,166680.7
E01024434,556502.3,169562.4
E01024435,557880.9,162527.7
E01024436,556968.2,163335.6
E01024437,557574.2,164046.1
E01024438,557234.5,163649.6
E01024439,549171.3,161859.2
E01024440,548270.5,159783.0
E01024441,560895.0,167805.2
E01024442,561003.2,166744.6
E01024443,560350.9,168056.0
E01024444,560777.7,168422.9
E01024445,551606.5,170449.1
E01024446,551729.1,170084.4
E01024447,552325.6,170581.7
E01024448,554212.3,158727.2
E01024449,554594.1,158859.4
E01024450,555445.2,158484.6
E01024451,554735.1,146429.8
E01024452,551969.2,161570.2
E01024453,553248.4,159312.1
E01024454,551860.1,158981.8
E01024455,550739.8,144467.8
E01024456,552376.7,141110.7
E01024457,554817.9,157209.3
E01024458,555174.0,155850.7
E01024459,553041.7,150964.0
E01024460,553543.6,156438.3
E01024461,553420.4,155884.6
E01024462,553141.4,153233.0
E01024463,551939.3,154987.6
E01024464,552363.3,153855.6
E01024465,553010.7,157104.0
E01024466,553439.2,156860.8
E01024467,552000.2,156109.3
E01024468,552974.6,156281.7
E01024469,552615.8,155119.5
E01024470,552721.6,155704.6
E01024471,553008.1,154500.0
E01024472,552206.1,168548.5
E01024473,552047.3,168215.8
E01024474,551555.3,168100.6
E01024475,551123.6,168151.9
E01024476,550636.1,168443.0
E01024477,550788.0,168852.9
E01024478,550437.8,168989.2
E01024479,551845.8,169083.6
E01024480,551484.2,168973.3
E01024481,550576.7,169503.2
E01024482,551104.1,169365.0
E01024483,544551.4,154028.5
E01024484,544440.8,151751.1
E01024485,544791.5,154496.9
E01024486,609928.7,129257.4
E01024487,609027.5,127722.1
E01024488,608642.9,127358.5
E01024489,611296.4,130719.8
E01024490,617453.0,144163.1
E01024491,619850.9,136736.1
E01024492,619807.0,137202.8
E01024493,620208.7,137131.8
E01024494,619348.8,136707.5
E01024495,619784.2,136237.8
E01024496,622845.5,137750.7
E01024497,623548.3,137316.5
E01024498,623196.6,137466.9
E01024499,623070.2,137121.2
E01024500,623081.5,136852.7
E01024501,622691.5,136837.8
E01024502,622616.6,136643.2
E01024503,623683.5,136705.1
E01024504,623146.8,136304.3
E01024505,623343.3,136501.5
E01024507,622645.2,136240.2
E01024508,622220.7,135930.0
E01024509,622000.6,135554.4
E01024510,621626.9,135680.0
E01024511,621341.2,136093.0
E01024512,620398.5,136744.6
E01024513,620817.8,136813.1
E01024514,620697.7,136460.5
E01024515,622057.5,136975.1
E01024516,621450.9,137312.6
E01024517,622159.9,136430.4
E01024518,622580.0,137334.4
E01024519,619926.1,135545.1
E01024520,620419.9,136115.6
E01024521,620612.4,135422.7
E01024522,616016.2,134224.5
E01024523,615627.9,135282.5
E01024524,615743.5,134660.6
E01024525,616341.9,134671.3
E01024526,618178.7,135099.0
E01024527,616769.0,134925.7
E01024528,618671.0,135486.9
E01024529,614397.6,134041.7
E01024530,613494.3,133604.0
E01024531,615218.3,134642.1
E01024532,608079.2,122185.4
E01024533,608372.1,120482.1
E01024534,603949.5,120593.4
E01024535,604504.5,121031.8
E01024536,612138.4,135449.0
E01024537,608045.8,123564.0
E01024538,607961.3,124693.8
E01024539,606834.9,124768.6
E01024540,606623.3,125337.7
E01024541,621380.4,140061.2
E01024542,621861.4,140005.9
E01024544,621072.3,141628.8
E01024545,614648.5,142019.7
E01024546,610588.6,138125.5
E01024547,616142.8,141028.5
E01024548,600107.8,127097.7
E01024549,606433.5,128670.3
E01024550,616299.7,137605.1
E01024551,602083.3,161223.0
E01024552,602489.5,161093.3
E01024553,601695.1,161323.9
E01024554,588348.3,163418.4
E01024555,603555.5,156777.7
E01024556,606045.3,161451.7
E01024557,606196.5,159180.3
E01024558,606707.7,159004.5
E01024559,590116.9,163691.7
E01024560,590030.1,163425.8
E01024561,590122.7,164272.6
E01024562,589873.7,163980.6
E01024563,601413.2,162005.0
E01024564,600784.0,162045.9
E01024565,599367.6,158588.0
E01024566,595107.4,157176.0
E01024569,589137.9,164010.6
E01024570,585275.5,164525.6
E01024571,585989.6,164865.1
E01024572,583114.0,166785.4
E01024573,584249.8,167204.0
E01024575,585836.6,167127.2
E01024576,590787.2,165681.7
E01024577,590432.8,165798.5
E01024578,591231.0,165688.1
E01024580,602355.5,170750.5
E01024581,602134.0,171675.7
E01024582,590073.8,164657.3
E01024583,590254.1,165257.0
E01024584,590533.2,164995.0
E01024585,594477.9,173026.5
E01024586,596293.9,172930.4
E01024587,594587.5,173706.0
E01024588,595250.4,173631.1
E01024589,595168.9,173086.2
E01024590,591912.1,163677.5
E01024591,592341.6,163937.3
E01024592,592198.8,163504.9
E01024593,592057.3,164249.9
E01024594,592304.0,172424.5
E01024595,593048.8,172711.1
E01024596,591351.9,172127.1
E01024597,590856.9,171351.7
E01024598,593288.3,173147.2
E01024599,591553.0,163540.0
E01024600,591898.7,162964.6
E01024601,591412.2,162963.6
E01024602,601253.5,161231.8
E01024603,600871.0,161110.1
E01024604,600424.5,161835.0
E01024605,600708.4,161497.4
E01024606,590383.0,163212.9
E01024608,591043.0,163440.4
E01024609,592322.4,174843.7
E01024610,592892.1,174747.7
E01024611,592535.9,174660.9
E01024612,592590.8,174510.7
E01024613,592185.2,174479.6
E01024614,591907.8,174476.1
E01024615,591331.3,173691.2
E01024616,591891.7,174031.0
E01024619,594118.3,172681.4
E01024620,595698.8,172463.8
E01024621,595159.6,172567.9
E01024622,597331.8,162880.6
E01024623,595550.0,162895.6
E01024624,594421.6,162595.1
E01024625,601942.7,160578.1
E01024626,601146.5,160706.8
E01024627,600282.8,161092.4
E01024628,589929.4,160327.0
E01024629,592982.4,162926.9
E01024630,589857.3,162904.3
E01024631,589979.8,162148.2
E01024632,589424.7,163241.1
E01024633,638427.3,169149.6
E01024634,638158.6,169392.9
E01024635,638766.3,169292.6
E01024636,629266.9,169542.7
E01024637,629851.6,169794.7
E01024638,630597.8,169302.3
E01024639,629944.0,169160.9
E01024640,630037.9,168526.5
E01024641,630501.6,168841.3
E01024642,639586.8,168561.6
E01024643,639607.4,167973.4
E01024644,639173.9,168573.9
E01024645,637581.8,165603.8
E01024646,638010.7,164931.7
E01024647,637458.8,164976.4
E01024648,637712.3,165083.1
E01024649,637804.3,164559.3
E01024650,636651.8,164564.5
E01024651,637174.2,164514.1
E01024652,634621.5,164439.8
E01024653,638554.8,170984.5
E01024654,638295.8,170611.4
E01024655,637509.6,170672.0
E01024656,637205.8,171080.4
E01024657,636039.5,171172.4
E01024658,636365.7,171103.3
E01024659,636616.3,170688.4
E01024660,636710.2,171089.9
E01024661,635863.7,170869.6
E01024662,637476.5,169940.6
E01024663,637293.2,169646.7
E01024664,636340.8,170250.1
E01024665,636754.5,170288.2
E01024666,637025.4,170013.5
E01024667,638451.2,165125.4
E01024668,637875.9,165793.1
E01024669,638457.3,165616.8
E01024670,638146.5,165488.6
E01024671,638673.4,165212.1
E01024672,634086.1,169547.7
E01024673,633576.7,169642.7
E01024674,634140.2,169974.0
E01024675,638973.8,170484.3
E01024676,635368.1,170496.8
E01024677,635843.6,170321.8
E01024679,636204.5,165247.3
E01024680,636836.1,165143.3
E01024681,637176.8,164917.0
E01024682,636192.0,166133.9
E01024683,636580.7,166382.3
E01024684,636795.2,165793.6
E01024685,637003.2,166266.9
E01024686,637251.3,166722.4
E01024687,637359.5,166107.4
E01024688,636856.4,167076.5
E01024689,637667.1,167838.6
E01024690,638214.8,167649.2
E01024691,637299.0,167580.5
E01024692,638295.1,168586.1
E01024693,638723.6,168216.1
E01024694,635814.7,169765.3
E01024695,635488.7,169786.0
E01024696,635915.7,168995.7
E01024697,635374.1,170123.1
E01024698,638784.5,165632.4
E01024699,638240.4,166512.9
E01024700,638826.2,166025.4
E01024702,630967.1,164639.0
E01024703,626874.2,166300.6
E01024704,630695.5,164818.0
E01024705,639616.0,167561.8
E01024706,638986.9,167757.0
E01024707,639235.8,167464.4
E01024708,639222.3,166809.4
E01024709,638698.6,166962.1
E01024710,634446.5,170540.9
E01024711,633758.8,170242.6
E01024712,633121.5,170092.5
E01024713,631844.3,169336.3
E01024714,632071.3,170019.3
E01024715,632549.0,170165.8
E01024716,632557.9,169491.6
E01024717,572695.1,158012.4
E01024718,572184.7,158166.2
E01024719,572515.2,158717.0
E01024720,575426.0,162790.7
E01024721,574681.5,162351.8
E01024722,575682.8,162253.5
E01024723,560608.9,153474.6
E01024724,562088.8,157131.9
E01024725,560762.7,157101.3
E01024726,561092.9,157544.0
E01024728,573021.2,160826.8
E01024729,559609.6,148004.2
E01024730,559816.0,148836.8
E01024731,559451.6,149257.6
E01024732,558907.8,146856.6
E01024733,559227.5,147475.5
E01024734,558820.6,147772.7
E01024735,571577.6,158081.5
E01024736,571150.0,157940.4
E01024737,570850.9,158736.2
E01024740,569820.9,157064.4
E01024741,569834.1,158067.4
E01024742,570005.3,157745.6
E01024743,566931.8,148736.2
E01024744,566237.7,148774.4
E01024745,563347.8,150007.4
E01024746,565602.4,153883.4
E01024747,563156.1,150113.0
E01024748,560874.3,148087.0
E01024749,560267.1,148690.7
E01024750,560057.7,148166.8
E01024751,560643.5,148484.7
E01024752,557315.8,147986.3
E01024753,557672.5,148141.1
E01024754,556461.2,149106.6
E01024755,559067.5,156060.7
E01024756,558246.1,146242.2
E01024757,558409.4,145886.1
E01024758,557907.4,145329.1
E01024760,566885.2,155123.1
E01024761,569940.4,159678.6
E01024762,570186.8,159431.1
E01024763,569754.1,158515.4
E01024764,569988.3,158716.5
E01024765,570428.0,158664.0
E01024767,559960.7,145626.6
E01024768,559420.7,146801.1
E01024771,570485.6,161993.9
E01024772,569681.6,161203.9
E01024773,569616.6,161648.9
E01024775,559072.9,148353.5
E01024776,558935.7,149027.1
E01024777,559271.2,148792.7
E01024778,558841.8,145374.4
E01024779,558849.6,145709.6
E01024780,558606.5,145085.9
E01024781,569100.4,153330.7
E01024782,569035.9,158562.6
E01024783,567746.2,157626.4
E01024785,569424.5,158661.3
E01024786,560810.5,159312.4
E01024787,576253.9,135118.9
E01024788,577779.9,135645.0
E01024789,580720.8,133031.3
E01024790,577662.9,136186.9
E01024791,577198.9,136248.4
E01024792,568595.7,141106.8
E01024793,566032.7,141818.2
E01024794,570171.9,140752.1
E01024795,557487.3,138211.3
E01024796,557059.8,138284.7
E01024797,557597.8,137856.8
E01024798,564568.9,145278.5
E01024799,558009.8,140041.6
E01024800,557474.5,139981.9
E01024802,558546.0,140258.3
E01024803,579417.7,138262.6
E01024804,571279.8,136270.6
E01024805,567415.6,136094.8
E01024806,572656.3,138164.9
E01024807,576206.4,130364.4
E01024808,575927.3,130538.6
E01024809,579752.3,128363.3
E01024810,576101.3,131000.3
E01024811,567041.1,144571.2
E01024812,567608.0,144761.2
E01024813,567174.3,145073.3
E01024814,566621.1,145146.1
E01024815,566549.4,144730.4
E01024816,567219.3,144270.9
E01024817,558375.4,138214.0
E01024818,558347.0,137660.5
E01024819,558358.9,138807.8
E01024820,558925.9,138723.6
E01024821,559277.3,139209.4
E01024822,559724.0,139941.5
E01024823,558815.6,139513.1
E01024824,559655.1,138524.4
E01024825,562803.1,141268.3
E01024826,562890.3,141036.6
E01024827,562973.7,141633.7
E01024828,562933.9,140638.6
E01024829,556128.7,139953.5
E01024830,556013.2,139745.3
E01024831,556710.6,139791.2
E01024832,559142.7,140070.7
E01024833,558827.8,140072.7
E01024834,559203.1,140501.3
E01024835,558821.8,140777.5
E01024836,558994.9,141234.5
E01024837,558500.3,141128.5
E01024838,558163.1,140663.3
E01024839,560280.9,141577.8
E01024840,559661.5,141342.0
E01024841,559948.1,140964.3
E01024842,560129.9,140337.1
E01024843,559312.2,141729.5
E01024844,557933.6,142106.0
E01024845,558637.1,141750.9
E01024846,557655.4,141848.9
E01024847,559051.3,141732.6
E01024848,558178.4,142531.1
E01024849,557783.9,142380.5
E01024850,557585.7,143178.9
E01024851,554621.4,139232.0
E01024852,555429.5,139403.0
E01024853,555142.2,141193.1
E01024854,556387.7,143238.2
E01024855,384877.8,432338.9
E01024856,384860.4,433970.1
E01024857,384771.5,433150.7
E01024858,384645.0,432821.6
E01024859,386711.5,435064.7
E01024860,387169.5,435214.9
E01024861,385949.2,435171.6
E01024862,386282.3,434892.4
E01024863,385683.7,432355.7
E01024864,385251.4,432321.2
E01024865,385396.7,432717.3
E01024866,385983.0,432128.9
E01024867,386772.4,432545.8
E01024868,387568.9,432434.7
E01024869,386666.3,431768.9
E01024870,386968.5,429601.9
E01024871,383135.0,431326.4
E01024872,382728.5,431617.3
E01024873,382880.5,431080.4
E01024874,383283.2,430621.6
E01024875,384183.1,434051.5
E01024876,384345.7,433686.9
E01024877,383956.4,433366.6
E01024878,383868.6,433548.5
E01024879,381092.7,433272.3
E01024880,381786.0,433212.8
E01024881,382371.6,433074.2
E01024882,382210.7,432868.5
E01024883,379426.9,434444.3
E01024884,380146.4,433349.8
E01024885,379584.7,433689.6
E01024886,379875.3,433407.2
E01024887,379790.2,432730.5
E01024888,379219.2,431544.3
E01024889,379019.1,433956.0
E01024890,379487.2,433260.2
E01024891,385191.8,435109.0
E01024892,385389.8,434553.0
E01024893,385115.8,434117.1
E01024894,385570.6,435344.4
E01024895,384640.4,434275.4
E01024896,384136.6,434755.3
E01024897,384777.3,434904.2
E01024898,384805.0,434500.3
E01024899,381754.4,432025.6
E01024900,382295.1,431773.4
E01024901,380708.9,432795.5
E01024902,381582.8,432690.8
E01024903,383694.5,431076.8
E01024904,384701.9,431578.0
E01024905,383438.2,431379.1
E01024906,384474.2,431865.6
E01024907,383110.4,432133.5
E01024908,382777.0,432255.2
E01024909,383442.2,432269.5
E01024910,383579.5,431813.2
E01024911,382910.5,433153.7
E01024912,381687.0,433635.1
E01024913,382943.4,433674.0
E01024914,382401.2,433635.6
E01024915,360352.0,413669.4
E01024916,360102.8,413368.9
E01024917,359744.5,412939.0
E01024918,360837.4,413707.9
E01024920,357531.2,418596.5
E01024921,360646.5,425714.4
E01024922,355686.8,413766.8
E01024923,353298.9,415232.6
E01024924,355925.5,415435.7
E01024925,358974.9,417546.0
E01024926,359383.2,417487.7
E01024927,359226.2,417084.5
E01024928,359287.5,417999.8
E01024930,359070.5,418326.6
E01024931,358779.2,418103.0
E01024933,358506.1,418829.1
E01024934,357763.8,417368.1
E01024935,357354.8,417234.0
E01024936,358127.8,417238.3
E01024937,358197.7,418390.5
E01024938,358553.2,416341.3
E01024939,358847.5,416005.7
E01024940,358559.1,417089.6
E01024941,358317.2,416668.0
E01024942,357823.3,416280.4
E01024943,357291.5,416263.2
E01024944,357973.7,415402.1
E01024946,357645.5,422638.6
E01024947,358179.2,422816.2
E01024948,358054.7,422276.9
E01024950,358021.7,420692.8
E01024951,357727.3,424472.7
E01024952,357582.2,424030.2
E01024953,358259.1,424342.7
E01024954,358041.1,423908.0
E01024955,357511.0,423166.7
E01024956,356256.4,422494.8
E01024957,355965.0,422807.8
E01024958,355829.0,422174.7
E01024959,356483.9,414049.2
E01024960,356509.5,414588.7
E01024961,356263.2,413848.7
E01024962,356799.5,414699.3
E01024963,351924.4,417125.1
E01024964,349304.3,414798.6
E01024965,351733.8,416886.4
E01024966,352388.3,416575.2
E01024967,355198.5,419782.8
E01024968,355708.6,419662.1
E01024969,355103.9,419283.5
E01024970,355913.8,418304.8
E01024971,355478.8,418408.5
E01024972,356048.8,418656.5
E01024973,360014.8,414288.9
E01024974,348861.8,419031.1
E01024975,350594.0,420473.0
E01024976,348756.9,418867.1
E01024977,358907.2,420448.7
E01024978,363362.0,422181.6
E01024979,361000.1,422256.5
E01024980,362520.7,421580.5
E01024981,335313.9,427584.2
E01024982,334834.1,427464.6
E01024983,334667.1,427985.6
E01024984,331606.6,429524.7
E01024985,332283.6,429569.7
E01024986,332031.3,429119.2
E01024987,332509.7,428999.0
E01024988,332396.1,428523.0
E01024989,332888.3,429385.4
E01024990,336937.4,427261.3
E01024991,336242.4,427161.0
E01024992,336163.1,427664.6
E01024993,342061.6,438494.8
E01024994,333108.5,427990.6
E01024995,334160.6,427644.2
E01024996,332680.1,428197.1
E01024997,343207.0,428884.7
E01024998,343022.4,430083.4
E01024999,342659.7,428666.4
E01025000,342368.6,428804.2
E01025001,333802.5,429445.9
E01025002,333328.9,429177.8
E01025003,333066.9,428913.2
E01025004,332712.8,430274.7
E01025005,333186.2,429993.6
E01025006,332981.7,430575.1
E01025007,341257.0,432324.1
E01025008,343214.4,432055.6
E01025009,342131.2,432345.9
E01025010,342439.5,431703.0
E01025011,342522.5,431973.6
E01025012,341684.9,433195.1
E01025013,341921.5,432846.2
E01025014,346349.4,430623.2
E01025015,344775.5,430936.6
E01025016,334867.2,428952.8
E01025017,334156.4,428647.6
E01025018,334310.5,429131.9
E01025019,339957.5,431434.9
E01025020,337931.5,427938.9
E01025021,337186.7,427672.9
E01025022,337648.6,427439.8
E01025023,332253.1,430295.8
E01025024,330942.4,431397.6
E01025025,331957.0,429863.1
E01025026,338262.0,438504.4
E01025027,335492.3,436580.2
E01025028,334990.8,436181.9
E01025029,340834.1,428717.0
E01025030,341479.0,428727.6
E01025031,335178.3,432645.2
E01025032,374989.1,431290.2
E01025033,375270.5,431009.6
E01025034,375231.3,430161.6
E01025035,376808.9,428397.6
E01025036,376132.0,428136.3
E01025037,376279.4,427789.0
E01025038,377248.5,426869.6
E01025039,377300.8,426546.9
E01025040,376896.3,427268.7
E01025041,375473.2,428609.2
E01025042,375406.0,428095.7
E01025044,374780.3,429054.8
E01025045,375000.9,429277.6
E01025046,374322.0,428864.8
E01025048,374607.7,431720.6
E01025049,374613.7,431213.1
E01025050,374412.9,430880.2
E01025051,377306.5,429973.2
E01025052,376809.8,429286.3
E01025053,377461.6,430608.2
E01025054,373865.6,426876.4
E01025055,373667.9,427163.8
E01025056,374657.6,427225.1
E01025057,376060.3,429276.8
E01025058,375557.8,429329.7
E01025059,375926.9,429656.4
E01025060,373241.9,431870.3
E01025061,374471.8,432678.8
E01025062,373510.3,432116.8
E01025063,372768.5,432052.2
E01025064,373072.6,432765.0
E01025065,373094.0,432250.9
E01025066,373786.7,432639.3
E01025067,376398.9,429060.3
E01025068,376456.3,428807.9
E01025069,376678.9,428742.7
E01025070,372644.5,430594.9
E01025071,372874.3,430099.9
E01025072,372976.2,430424.4
E01025073,372540.8,430038.0
E01025074,372100.0,430104.2
E01025075,374249.2,427824.6
E01025076,374182.3,427464.6
E01025077,373501.2,427828.7
E01025078,373152.2,428017.4
E01025079,371361.6,427908.7
E01025080,372505.7,426834.0
E01025081,372892.7,427911.5
E01025082,375178.3,427572.9
E01025083,374775.5,428009.6
E01025084,375628.5,427899.1
E01025085,344890.2,464665.7
E01025086,345506.9,464931.9
E01025087,345043.6,464972.5
E01025088,349077.2,470134.3
E01025089,348225.9,467819.9
E01025090,348362.9,468499.5
E01025091,348577.7,462386.3
E01025092,348591.9,462726.0
E01025093,348081.8,462082.8
E01025094,348235.5,461733.3
E01025095,349099.1,461867.0
E01025096,349515.1,470192.5
E01025097,350224.3,469977.5
E01025098,350137.9,470585.9
E01025099,347087.3,462070.3
E01025100,346517.4,461703.6
E01025101,346798.3,461816.8
E01025102,347258.2,461407.1
E01025103,346677.3,461125.6
E01025105,348604.1,456982.2
E01025106,348253.2,455513.6
E01025107,345924.5,454412.3
E01025108,350363.5,464994.2
E01025109,350876.2,465134.4
E01025110,342638.4,463625.8
E01025111,343516.5,463885.8
E01025112,342947.1,463824.1
E01025113,343072.7,463432.1
E01025114,341768.7,462169.8
E01025115,342128.6,462146.1
E01025116,341896.4,462875.3
E01025117,342329.0,463447.2
E01025118,342608.5,463221.0
E01025119,342291.5,462933.8
E01025120,342087.0,463268.5
E01025121,342102.8,461382.3
E01025122,341312.3,461400.2
E01025123,341764.7,460806.3
E01025124,341344.1,460770.2
E01025126,348896.0,460845.1
E01025127,348821.3,460138.1
E01025128,348321.8,461369.4
E01025130,352363.2,469936.7
E01025131,353037.1,464314.3
E01025132,360370.3,467430.1
E01025133,353763.1,464551.1
E01025136,343853.6,464267.2
E01025137,344665.0,464094.4
E01025138,344262.0,464024.9
E01025139,343623.7,464449.6
E01025140,344155.9,464626.6
E01025141,348281.9,459919.9
E01025142,348566.3,459185.4
E01025143,348279.2,459248.6
E01025144,347786.4,460260.6
E01025145,348266.8,460442.6
E01025146,347730.8,459664.7
E01025147,347949.7,460594.1
E01025148,346462.1,475182.9
E01025149,347737.9,463258.0
E01025150,347420.5,462992.0
E01025151,347857.4,462728.7
E01025152,347944.8,463661.3
E01025153,346713.6,463170.1
E01025154,347113.2,463395.0
E01025155,346263.7,463043.9
E01025156,346983.8,462735.6
E01025157,346460.5,462654.5
E01025158,347236.6,465989.9
E01025159,347375.3,465901.2
E01025160,347767.2,466904.6
E01025161,345686.9,464558.7
E01025162,345120.9,464190.6
E01025163,345713.2,464026.6
E01025164,345595.9,463600.5
E01025165,345643.4,463069.5
E01025166,358483.9,468753.7
E01025167,361505.0,475222.6
E01025168,349968.9,472430.8
E01025169,349866.9,472291.2
E01025170,344099.2,463456.4
E01025171,343551.0,463041.2
E01025172,344065.6,462852.5
E01025173,344766.5,463620.0
E01025174,385082.8,438365.5
E01025175,385579.7,439400.1
E01025176,385722.6,439131.5
E01025177,386381.2,440704.6
E01025178,391515.8,440728.6
E01025179,390497.1,440096.2
E01025180,391126.4,438687.5
E01025181,386465.7,438782.6
E01025182,386015.2,438256.7
E01025183,386738.7,438555.3
E01025184,386333.1,438343.4
E01025185,384868.4,436656.0
E01025186,384522.0,436311.5
E01025187,385712.9,436587.3
E01025188,386265.9,437247.7
E01025189,386646.1,437173.8
E01025190,386259.4,436771.5
E01025191,387377.3,447398.3
E01025192,387990.7,447028.5
E01025193,388524.4,447442.6
E01025194,387533.7,447120.7
E01025195,387707.0,446292.6
E01025196,387822.9,446599.9
E01025197,387419.1,446723.5
E01025198,388072.4,446550.8
E01025199,389454.8,445627.1
E01025200,390803.3,446668.2
E01025201,390808.5,446391.5
E01025202,390295.7,445709.9
E01025203,388944.1,442235.6
E01025204,381454.0,437667.2
E01025205,389409.0,440598.8
E01025206,389717.7,440764.6
E01025207,389248.5,440316.4
E01025208,389716.9,440356.4
E01025209,387726.1,437969.0
E01025210,387152.2,438417.1
E01025211,383002.0,437653.9
E01025212,385152.4,435881.1
E01025213,384608.2,435841.4
E01025214,385701.3,436052.1
E01025215,384900.6,436317.5
E01025216,387280.2,437649.8
E01025217,386784.0,437728.0
E01025218,386560.6,437738.5
E01025219,386741.2,438049.8
E01025220,388934.1,440704.3
E01025221,388607.8,440621.0
E01025222,388071.4,440291.0
E01025223,388485.6,440098.1
E01025224,385978.5,437352.9
E01025225,385707.3,437129.4
E01025226,388221.5,439602.3
E01025227,388982.9,439890.9
E01025228,387845.7,439185.1
E01025229,385426.7,437551.9
E01025230,385670.0,437893.0
E01025231,351733.6,430197.8
E01025232,352174.6,430242.9
E01025233,351638.8,430648.2
E01025234,356891.5,432147.9
E01025235,355763.6,431361.8
E01025236,356407.1,431390.2
E01025237,356017.8,432028.7
E01025238,356279.6,431881.5
E01025239,352572.6,431610.6
E01025240,352109.1,431471.6
E01025241,352944.4,431866.6
E01025242,353521.2,432438.3
E01025243,354084.4,431542.2
E01025244,354599.8,430393.8
E01025245,355078.4,430985.6
E01025246,354816.3,430535.4
E01025247,355432.3,429705.2
E01025248,356151.8,429921.9
E01025249,356809.9,429997.3
E01025250,355777.7,429815.3
E01025251,354502.2,431790.6
E01025252,355302.7,431706.8
E01025253,355531.3,433030.0
E01025254,355239.7,432400.5
E01025255,356035.0,432521.9
E01025256,352945.0,432670.0
E01025257,351853.6,433187.5
E01025258,352570.8,432747.7
E01025259,352551.5,433509.5
E01025260,351070.2,431507.3
E01025261,351494.0,431838.1
E01025262,350880.9,432094.6
E01025263,350973.0,432748.0
E01025264,351240.2,432373.6
E01025265,350109.6,431092.4
E01025266,351091.9,430793.6
E01025267,350578.7,430697.4
E01025268,350139.4,430184.3
E01025269,350495.5,430164.1
E01025270,349440.2,430309.2
E01025271,349730.0,430238.1
E01025272,349706.2,431939.9
E01025273,350320.9,432325.9
E01025274,353315.7,430864.6
E01025275,353724.6,430642.6
E01025276,353191.0,431217.6
E01025277,352629.5,434887.9
E01025278,358604.1,434217.1
E01025279,358213.9,437980.0
E01025281,351635.4,436654.0
E01025282,355975.2,436483.7
E01025283,357289.5,430899.7
E01025284,356759.3,430954.3
E01025285,355965.4,430851.5
E01025286,356622.9,430477.1
E01025287,357004.0,431734.6
E01025288,351677.6,429565.4
E01025289,352952.1,429154.7
E01025290,353189.6,429003.8
E01025291,353099.8,428500.9
E01025292,353694.1,430173.9
E01025293,354364.0,430033.3
E01025294,354282.7,430633.2
E01025295,354930.8,429974.9
E01025296,355778.4,430439.6
E01025297,355487.0,430047.9
E01025298,355371.4,430388.5
E01025299,353355.7,433163.1
E01025300,354034.5,432874.9
E01025301,353854.5,433669.3
E01025302,353485.4,433517.9
E01025303,354133.9,433298.8
E01025304,354826.2,428803.7
E01025305,354948.1,429077.7
E01025306,354046.9,428989.0
E01025308,352894.2,431144.7
E01025309,352410.7,431122.6
E01025310,352712.0,430719.0
E01025311,352171.5,430731.0
E01025312,352418.0,430490.1
E01025313,353166.2,430435.7
E01025314,353049.8,429814.2
E01025315,368869.4,438988.3
E01025316,359987.3,436228.5
E01025317,360291.1,436907.4
E01025318,372358.2,435549.6
E01025319,370404.5,436443.2
E01025320,372601.9,451180.7
E01025321,376947.1,444153.2
E01025322,362056.7,443336.0
E01025323,367250.2,433412.4
E01025324,368290.8,431846.9
E01025325,360330.3,437360.0
E01025326,360322.2,437739.4
E01025327,360895.0,437731.4
E01025328,360851.7,437161.6
E01025329,373165.2,441208.8
E01025330,373249.0,441707.6
E01025331,382882.4,448772.0
E01025333,370519.1,434239.0
E01025334,374557.8,441077.4
E01025335,374637.7,441441.5
E01025336,364207.2,431137.2
E01025337,365351.8,430765.6
E01025338,373963.9,441301.5
E01025339,373548.1,440920.3
E01025340,376901.9,434482.2
E01025341,376957.9,434755.4
E01025342,364882.0,435462.6
E01025343,377860.4,437393.8
E01025344,374108.4,442033.6
E01025345,374407.0,442438.2
E01025346,374795.5,441828.4
E01025347,374890.6,442476.5
E01025348,373030.7,443846.9
E01025349,375938.6,445708.2
E01025350,373394.8,436575.5
E01025351,372561.3,436948.2
E01025352,368924.3,433050.5
E01025354,373834.5,438161.9
E01025355,381116.2,424266.4
E01025356,381070.0,423417.9
E01025357,379423.2,418551.6
E01025358,379969.0,419100.1
E01025359,388763.4,419732.4
E01025360,388651.5,418734.7
E01025361,381224.5,425512.8
E01025362,381310.0,426560.9
E01025363,378464.3,422512.8
E01025364,379084.6,422538.3
E01025365,379270.9,421853.8
E01025366,378967.2,422952.5
E01025367,387137.9,425408.9
E01025368,386975.8,423425.8
E01025369,386788.3,422816.9
E01025370,386354.2,422022.9
E01025371,383102.6,422153.5
E01025373,381694.9,423020.9
E01025374,383208.8,422487.5
E01025375,388373.0,416929.2
E01025376,388179.1,417588.3
E01025377,378192.3,420936.1
E01025378,377998.0,422072.2
E01025379,378605.0,421673.4
E01025380,378138.4,421456.4
E01025381,387446.7,423064.3
E01025382,387192.0,422665.9
E01025383,387592.2,421968.1
E01025384,380544.2,421863.9
E01025385,381043.2,422136.5
E01025387,380559.4,422895.5
E01025388,385114.5,421754.5
E01025389,385747.5,421743.2
E01025390,385238.7,422009.3
E01025391,383977.6,422400.9
E01025392,383572.0,421665.1
E01025393,383986.7,425236.8
E01025394,383689.8,423069.3
E01025395,378422.3,425050.6
E01025396,378707.8,423587.7
E01025397,378469.4,423194.8
E01025398,379006.0,423165.6
E01025399,356670.0,426422.0
E01025400,357559.3,425836.8
E01025401,356729.9,425587.6
E01025402,356651.1,426891.9
E01025403,356229.5,427199.0
E01025404,355812.1,426731.8
E01025405,356327.6,425525.4
E01025406,355867.6,426322.8
E01025407,356262.3,426078.4
E01025408,352211.6,427699.5
E01025409,351994.9,427264.4
E01025410,351605.3,427180.5
E01025411,353835.2,426546.5
E01025412,353711.8,426231.5
E01025413,359163.3,426470.9
E01025414,359168.4,427442.3
E01025415,352923.9,422418.8
E01025416,352237.8,422356.3
E01025417,355152.2,423538.1
E01025418,354964.5,423060.4
E01025419,353953.0,425442.4
E01025421,353834.4,422819.3
E01025422,354087.5,422423.1
E01025423,353440.9,422403.5
E01025424,351115.0,428004.0
E01025425,351700.1,428766.2
E01025426,351930.7,428692.2
E01025427,352533.1,427183.7
E01025428,352957.7,426859.3
E01025429,352548.0,426578.9
E01025431,354554.4,422657.4
E01025433,355021.8,422649.0
E01025434,354667.5,421157.3
E01025435,354106.0,421849.7
E01025436,347261.0,423111.3
E01025437,348021.1,424194.4
E01025438,347617.4,425626.8
E01025439,349157.5,426187.3
E01025440,348162.4,426231.8
E01025441,348162.8,425684.7
E01025442,354696.5,425310.9
E01025443,355333.7,425664.6
E01025444,354852.8,425636.2
E01025445,353073.1,421112.8
E01025446,353343.2,421730.1
E01025447,352971.8,421592.7
E01025448,353202.3,427974.4
E01025451,351229.8,421818.0
E01025452,351583.8,422173.7
E01025453,350019.7,426611.7
E01025454,351000.6,425729.4
E01025455,350889.8,425173.9
E01025456,362028.6,429616.3
E01025457,356195.8,428101.4
E01025458,357804.0,427508.3
E01025459,352550.2,421850.6
E01025460,352087.1,421519.9
E01025461,354990.2,426468.8
E01025462,354531.5,426213.0
E01025463,355603.0,427229.8
E01025464,354596.9,427136.7
E01025465,355587.1,427615.6
E01025466,351712.8,428078.4
E01025467,351404.5,427659.2
E01025468,348361.9,407800.2
E01025469,348797.6,407569.2
E01025470,349328.5,407656.8
E01025471,349148.5,407229.3
E01025472,340354.6,405662.6
E01025473,340006.0,405369.7
E01025474,335811.7,407966.1
E01025475,339756.3,406325.6
E01025476,340787.4,406877.6
E01025477,339959.3,406813.3
E01025478,340408.8,406459.6
E01025479,344765.3,405229.3
E01025480,348928.3,406898.4
E01025481,348479.0,406887.2
E01025482,349410.7,406591.1
E01025483,344531.7,411664.8
E01025484,344838.3,411454.2
E01025485,344335.0,412506.4
E01025486,343687.7,410772.0
E01025487,343891.6,411658.8
E01025488,342031.9,407991.1
E01025489,342291.9,408314.1
E01025490,341956.5,407515.4
E01025491,342569.6,407260.1
E01025492,349070.6,405539.4
E01025493,349511.5,405146.5
E01025494,349289.2,404868.6
E01025495,336054.6,411468.7
E01025496,343852.4,423569.6
E01025497,344277.9,423615.6
E01025498,344569.6,422870.2
E01025499,340851.0,408760.4
E01025500,341156.1,407907.2
E01025501,340684.4,408020.0
E01025502,340626.7,407336.8
E01025503,350305.0,404774.2
E01025504,349924.5,404742.7
E01025505,350195.3,405194.3
E01025506,347746.1,410370.7
E01025507,339301.5,420201.5
E01025508,339518.5,420955.1
E01025509,338955.8,420765.2
E01025510,349387.9,410770.1
E01025511,349381.0,412174.9
E01025512,348984.8,410679.2
E01025513,345657.9,415481.5
E01025514,337404.6,414167.3
E01025515,339958.1,411778.0
E01025516,341460.2,409124.7
E01025517,341898.8,409252.3
E01025518,341459.1,408618.7
E01025519,341009.4,409382.7
E01025520,347661.3,406462.6
E01025521,347943.4,406163.6
E01025522,347596.4,406761.3
E01025523,346805.7,405738.8
E01025524,347061.1,406144.3
E01025525,347092.0,406552.9
E01025526,346612.4,406421.5
E01025527,349372.8,405894.4
E01025528,349921.7,405742.1
E01025529,350001.4,406062.2
E01025530,345005.5,421818.1
E01025531,342263.8,418930.2
E01025532,345357.0,420928.1
E01025533,345130.9,420330.5
E01025534,351523.8,405105.9
E01025535,350864.8,404850.7
E01025536,351459.0,405375.6
E01025537,352227.0,404835.1
E01025538,353382.4,412290.8
E01025539,352355.6,409895.3
E01025540,351905.3,405892.0
E01025541,333651.0,443830.9
E01025542,333219.9,443647.2
E01025543,333983.9,442988.7
E01025544,333571.8,442858.3
E01025545,335442.0,439824.3
E01025546,335114.7,439437.5
E01025547,350779.6,440489.2
E01025548,349035.1,446577.6
E01025549,349686.4,444630.2
E01025550,333588.7,440260.0
E01025551,334307.1,440283.0
E01025552,333931.8,440572.0
E01025553,349617.3,442901.3
E01025554,332273.4,443614.2
E01025555,332626.5,443589.7
E01025556,331939.0,443702.2
E01025557,332779.0,444159.8
E01025558,349206.3,445951.5
E01025559,348578.6,445008.9
E01025560,348767.7,445510.7
E01025561,344117.4,439464.5
E01025562,342995.5,440308.7
E01025563,336946.3,442564.2
E01025564,337342.2,442622.4
E01025565,337426.4,445193.1
E01025566,334994.2,438065.5
E01025567,335334.1,439016.4
E01025568,333931.7,437517.0
E01025569,334507.2,438822.7
E01025570,331451.6,442962.2
E01025571,331572.2,443422.7
E01025572,331524.7,444122.2
E01025573,332503.4,447167.5
E01025574,332993.8,447316.5
E01025575,333440.8,446972.3
E01025576,333785.0,442066.8
E01025577,334001.3,442469.9
E01025578,332368.9,446340.1
E01025579,332464.9,446698.9
E01025580,332176.3,445841.8
E01025581,333185.7,447998.9
E01025582,333253.2,447709.1
E01025583,333615.6,448066.1
E01025584,333828.6,448170.7
E01025585,341216.8,447947.6
E01025586,335835.8,448557.6
E01025587,336477.2,448289.7
E01025588,334996.4,448340.9
E01025589,336667.6,447512.2
E01025590,331854.8,446855.8
E01025591,331489.1,446323.9
E01025592,331546.0,446753.6
E01025593,331511.8,445725.1
E01025594,334240.4,441756.8
E01025595,334788.1,441607.4
E01025596,334828.7,442713.5
E01025597,334492.6,442363.9
E01025598,334438.2,439592.7
E01025599,333411.7,438972.4
E01025600,333971.1,439035.6
E01025601,332620.2,442571.5
E01025602,332863.7,441923.1
E01025603,332708.0,443111.0
E01025604,331986.3,442823.8
E01025605,331888.8,447315.5
E01025606,332292.4,447868.2
E01025607,332767.3,447837.4
E01025608,332205.6,447475.0
E01025609,349305.9,450822.7
E01025610,456663.1,297409.2
E01025611,456546.7,296904.0
E01025612,457036.9,296868.9
E01025613,454601.9,294872.7
E01025614,454832.6,295499.9
E01025615,455747.6,295950.7
E01025616,457466.8,295521.2
E01025617,458717.0,295723.0
E01025618,458289.7,295459.2
E01025619,457777.4,295769.1
E01025620,451349.1,295537.2
E01025621,447066.1,296090.9
E01025622,454051.6,306020.9
E01025623,454298.2,306737.3
E01025624,453795.4,305458.8
E01025625,453454.6,299091.7
E01025626,452891.1,301317.2
E01025627,454754.4,298665.7
E01025629,454414.7,305781.2
E01025630,454858.9,306283.9
E01025631,453360.1,302897.1
E01025632,452769.6,302580.8
E01025633,453889.0,303384.7
E01025634,452531.2,302800.1
E01025635,453192.8,303312.5
E01025636,455536.8,301262.6
E01025637,455572.7,300952.5
E01025638,452414.6,303395.3
E01025639,452180.9,304545.6
E01025640,451757.6,304213.4
E01025641,454262.3,296864.8
E01025642,454039.0,297464.4
E01025643,453256.0,297496.5
E01025644,451895.5,297497.7
E01025645,450322.8,299006.2
E01025646,455904.5,297828.5
E01025647,455786.0,297280.7
E01025648,456002.3,296519.2
E01025649,453355.8,298060.6
E01025650,452966.3,298201.6
E01025651,453171.3,299003.3
E01025652,456030.2,301258.2
E01025653,455715.5,302275.7
E01025654,455625.0,301816.0
E01025655,456305.1,301916.9
E01025656,456025.1,301573.2
E01025657,456562.5,298989.3
E01025658,458031.7,298299.5
E01025659,456710.0,297903.5
E01025660,456701.9,299359.9
E01025661,448924.4,295253.5
E01025662,448544.6,293568.1
E01025663,449106.5,294652.1
E01025664,447999.9,291932.5
E01025665,449049.0,293601.6
E01025666,454528.0,303158.7
E01025667,455356.6,302667.3
E01025668,454468.8,302780.2
E01025669,454568.7,302397.1
E01025670,454994.2,309153.9
E01025671,455381.1,309207.4
E01025672,454509.3,308759.8
E01025673,454911.6,308448.5
E01025674,458381.4,316908.6
E01025675,457744.5,317236.6
E01025676,457519.6,318117.1
E01025677,458013.0,317794.1
E01025678,458903.2,308961.0
E01025680,458565.5,309806.7
E01025681,459298.8,308491.9
E01025682,459908.8,309714.3
E01025683,459517.2,309883.5
E01025684,459461.0,309432.7
E01025685,463948.7,313331.0
E01025686,464314.3,313580.3
E01025687,451790.8,310690.0
E01025688,452982.3,314349.3
E01025689,451822.7,319442.1
E01025690,451536.2,318886.6
E01025692,450976.2,320691.5
E01025693,450216.8,322164.5
E01025695,450595.1,318905.5
E01025696,451035.5,320143.0
E01025697,451718.1,320112.1
E01025698,451162.2,319742.2
E01025699,454070.8,319663.0
E01025700,454373.5,319754.2
E01025701,454202.9,319323.8
E01025702,454512.8,318780.5
E01025703,453686.2,320125.4
E01025704,452947.7,320397.7
E01025705,454078.3,320395.0
E01025706,453743.7,320595.1
E01025707,451670.6,318255.8
E01025708,451264.6,317677.8
E01025709,452302.7,318678.9
E01025710,452011.6,317790.8
E01025711,452727.1,317905.5
E01025712,452820.2,317360.0
E01025713,452795.6,318435.4
E01025715,453944.1,318233.8
E01025716,453450.0,317892.7
E01025718,453701.3,319094.7
E01025719,453470.1,318670.9
E01025720,453221.4,319256.2
E01025721,453012.3,319546.9
E01025722,452401.7,320221.2
E01025723,452687.3,319909.2
E01025724,452979.2,319959.0
E01025725,452077.2,320441.0
E01025726,458578.0,314452.3
E01025727,458115.1,314457.9
E01025728,457961.1,313988.4
E01025729,457554.8,313936.5
E01025730,464486.0,310041.2
E01025731,463972.5,312428.4
E01025732,455841.9,317066.9
E01025733,456410.0,316734.2
E01025734,455455.9,316442.2
E01025735,457642.5,315475.7
E01025736,456701.5,310945.8
E01025737,458647.3,313381.1
E01025738,456580.8,312517.7
E01025739,458291.0,312700.4
E01025740,447959.5,318801.1
E01025741,448406.2,319118.8
E01025742,448008.5,319002.6
E01025743,448254.9,319952.7
E01025744,446985.6,318814.7
E01025745,448023.5,320345.4
E01025746,447617.0,319707.8
E01025747,447426.7,319171.0
E01025748,460353.3,314690.4
E01025749,460553.3,316104.4
E01025750,460918.5,315678.7
E01025751,460671.0,315165.1
E01025752,463418.4,311235.2
E01025753,463034.0,311516.5
E01025754,462963.7,311041.7
E01025755,462527.5,311030.1
E01025756,462012.8,311273.1
E01025757,461542.2,311531.5
E01025758,461721.5,310818.2
E01025759,462701.1,311859.8
E01025760,458780.5,321128.9
E01025761,460235.9,323366.5
E01025762,461925.1,308710.5
E01025763,461049.0,309134.5
E01025764,461560.8,308970.3
E01025765,461193.2,308627.1
E01025766,461414.8,309733.6
E01025767,461871.8,309661.8
E01025768,464742.0,315923.7
E01025769,464668.0,314302.0
E01025770,472033.9,302275.6
E01025772,452953.3,291932.0
E01025773,453518.7,292040.3
E01025774,453265.1,292600.3
E01025775,452126.3,293097.9
E01025776,452221.6,293485.5
E01025777,454149.8,290442.1
E01025778,464879.5,293157.5
E01025779,464987.9,293188.0
E01025780,464523.6,293954.6
E01025781,465077.0,298107.9
E01025782,465829.8,298044.1
E01025783,466220.1,298430.9
E01025784,472124.9,293325.1
E01025786,468185.8,294070.4
E01025787,468170.4,293591.8
E01025788,468289.8,289994.0
E01025789,470565.7,288272.3
E01025790,453395.2,284785.5
E01025791,453540.8,284257.1
E01025792,454447.2,284536.8
E01025794,472958.8,288324.5
E01025795,473326.2,287712.3
E01025796,473791.4,287675.1
E01025797,474296.3,288564.4
E01025798,474059.6,286718.9
E01025799,474847,287205.3
E01025800,474386.4,287083.1
E01025801,472934.7,287230.0
E01025802,472598.6,287598.3
E01025803,472262.5,287112.4
E01025804,473171.1,286137.7
E01025806,473222.1,286716.2
E01025807,473569.6,286515.9
E01025808,456716.0,283817.3
E01025809,481597.8,293999.2
E01025810,460131.2,289948.7
E01025812,464613.9,304092.0
E01025813,465216.0,304304.4
E01025814,467855.2,303614.8
E01025815,474292.1,305321.2
E01025816,450686.3,287757.9
E01025817,440092.4,297251.3
E01025818,437936.6,295659.6
E01025819,442637.4,305826.6
E01025820,442496.5,305570.5
E01025821,444347.8,296930.7
E01025822,445000.9,297270.0
E01025823,444508.1,297546.8
E01025824,444616.7,296604.6
E01025825,444039.1,296788.9
E01025826,444945.9,297753.9
E01025827,443493.6,293217.6
E01025828,444371.5,293325.0
E01025829,443005.0,292927.5
E01025830,444201.8,292822.8
E01025831,443269.4,292363.5
E01025832,442948.9,291685.0
E01025833,444325.0,292157.2
E01025834,443563.6,292044.0
E01025835,442521.9,292643.5
E01025836,443667.3,292623.8
E01025837,439214.2,304757.6
E01025838,440474.5,303000.7
E01025839,446377.3,297395.1
E01025840,445725.1,297441.2
E01025841,446134.8,296982.9
E01025842,447373.5,297961.2
E01025843,446500.4,297953.0
E01025844,446888.5,297810.7
E01025845,452251.2,307026.8
E01025846,452970.7,307279.9
E01025847,452591.9,306644.0
E01025848,452011.7,307501.2
E01025849,442281.9,293413.2
E01025850,443253.1,293644.4
E01025851,442136.2,294110.6
E01025852,442795.7,293927.2
E01025854,441169.1,294226.4
E01025855,441235.3,293737.4
E01025856,441643.7,293288.8
E01025857,441365.1,293280.5
E01025858,442958.8,294337.8
E01025859,443665.5,294153.4
E01025860,443228.5,295646.6
E01025861,442892.5,295336.2
E01025862,443768.3,295003.0
E01025863,442777.8,295025.0
E01025864,441545.3,295181.3
E01025865,442401.1,294706.5
E01025866,441516.6,294786.6
E01025867,441616.4,294450.9
E01025868,448853.2,310057.6
E01025869,449275.5,310023.8
E01025870,449475.7,309600.1
E01025871,446804.6,310474.1
E01025872,444721.8,303584.0
E01025873,445696.3,300911.4
E01025874,447386.2,303152.8
E01025875,444589.1,304076.3
E01025876,448221.2,303480.7
E01025877,451528.0,305560.4
E01025879,451037.6,306307.3
E01025880,451672.0,305907.6
E01025881,432901.4,297461.8
E01025882,432678.4,302012.1
E01025883,470464.5,318973.0
E01025884,471220.6,319218.5
E01025885,480861.5,338869.7
E01025886,480379.3,338966.0
E01025887,481234.4,328966.8
E01025888,469512.0,317714.1
E01025889,474105.9,314392.5
E01025890,474219.3,330123.1
E01025891,472857.2,328014.2
E01025892,477524.8,333372.1
E01025893,476189.7,318493.8
E01025894,475583.2,319007.6
E01025895,474741.5,317724.3
E01025896,474592.9,318123.6
E01025897,474601.7,318637.9
E01025898,474275.1,319455.1
E01025899,474900.0,319842.7
E01025900,474417.0,319857.4
E01025901,475372.9,320208.7
E01025902,476149.8,320162.3
E01025903,475882.9,319537.1
E01025904,474328.2,320505.8
E01025905,474869.5,320317.0
E01025906,475374.4,320709.3
E01025907,475232.9,317748.2
E01025908,475560.4,318066.5
E01025909,469062.1,324633.3
E01025910,477593.4,310567.5
E01025911,479979.0,324718.4
E01025912,485032.3,319099.5
E01025913,431886.7,309825.1
E01025914,436318.5,316045.1
E01025915,436116.5,316355.4
E01025916,435194.0,317157.5
E01025918,435474.5,317356.8
E01025919,435015.8,316038.2
E01025920,434867.5,316899.0
E01025921,434904.9,316405.0
E01025923,444872.8,321268.7
E01025924,440654.3,322937.2
E01025926,443787.7,327423.7
E01025927,444456.0,326903.4
E01025928,444288.4,327569.9
E01025929,443308.4,314157.3
E01025930,442610.8,314130.4
E01025931,442656.8,313657.9
E01025932,444831.0,313738.0
E01025933,445365.0,313947.9
E01025934,445598.3,314349.6
E01025935,445025.6,314575.8
E01025936,444502.4,314257.7
E01025937,442756.8,312815.9
E01025938,442233.5,312150.5
E01025939,443147.6,311148.2
E01025940,441027.5,310341.1
E01025941,439484.4,310513.5
E01025942,440390.9,310786.8
E01025943,440665.4,310289.4
E01025944,447949.9,323630.4
E01025945,448327.4,326610.1
E01025946,448670.0,326981.5
E01025947,433303.4,311601.3
E01025948,433351.0,312509.1
E01025949,433087.4,311890.1
E01025950,431347.3,317706.6
E01025951,431738.3,315632.2
E01025952,432818.0,317945.2
E01025953,432032.1,313942.8
E01025954,431325.3,314047.1
E01025955,438404.8,313788.4
E01025956,440442.8,313811.3
E01025957,442280.8,313872.7
E01025958,441218.7,314593.4
E01025959,442095.9,313132.7
E01025960,442725.0,317362.5
E01025961,442868.0,316408.2
E01025962,442890.7,317717.5
E01025963,440815.5,319881.2
E01025964,440335.1,317486.8
E01025965,441457.9,316179.3
E01025966,443884.4,315761.5
E01025967,444242.9,315116.5
E01025968,443590.8,316362.4
E01025969,443221.2,315793.3
E01025970,463330.9,299322.5
E01025971,462918.7,299781.6
E01025972,462461.4,299510.9
E01025973,461974.7,301873.8
E01025974,462143.6,301103.6
E01025975,462726.6,301130.6
E01025976,462061.0,300212.6
E01025977,461809.8,300745.4
E01025978,462586.5,300192.7
E01025979,462967.5,300406.4
E01025980,463444.6,300854.5
E01025981,463500.5,300509.2
E01025982,464081.6,299863.6
E01025983,463490.2,300014.8
E01025984,463847.2,299479.9
E01025985,458893.3,299261.2
E01025986,458621.2,298950.8
E01025987,458830.6,298500.1
E01025988,459350.1,298041.4
E01025989,458810.0,298048.3
E01025990,460214.2,298101.4
E01025991,460592.8,297660.9
E01025992,460496.1,298687.6
E01025993,460683.8,298238.4
E01025994,459827.5,298841.8
E01025995,459637.1,299997.6
E01025997,459784.1,299378.4
E01025998,461356.2,297890.8
E01025999,461131.2,298945.5
E01026000,461627.4,298851.5
E01026001,461176.3,298467.5
E01026003,460992.8,299597.1
E01026004,461441.2,299411.4
E01026005,460426.3,299387.2
E01026007,538813.8,344908.2
E01026008,537731.0,343979.5
E01026009,539853.6,347317.0
E01026010,531423.5,344992.7
E01026012,535002.8,343941.8
E01026013,534469.1,344279.7
E01026014,535405.5,342667.3
E01026015,534415.4,343483.1
E01026016,526465.9,336290.6
E01026017,529394.6,334807.2
E01026018,530106.9,340451.8
E01026019,530842.0,338534.5
E01026020,530464.9,338781.4
E01026021,533293.0,345095.5
E01026022,533770.2,344915.4
E01026023,542846.3,351321.2
E01026024,540547.3,350581.9
E01026025,533122.5,343883.8
E01026026,533837.0,343689.7
E01026027,533846.2,343250.3
E01026028,533621.2,344239.7
E01026030,532066.9,343667.3
E01026031,531647.0,343519.5
E01026032,531834.2,344268.0
E01026033,523329.8,341650.9
E01026034,524015.4,340221.9
E01026035,530931.4,343752.8
E01026036,532830.8,344695.1
E01026037,532382.8,344807.0
E01026038,532118.2,345357.0
E01026039,531447.3,341777.8
E01026040,532218.4,341769.7
E01026041,531762.0,341011.9
E01026042,545303.4,375833.0
E01026043,545174.8,375550.5
E01026044,548933.6,376600.3
E01026045,524799.1,393255.2
E01026046,550365.9,365049.3
E01026047,549933.5,364783.4
E01026048,555992.7,371974.3
E01026049,553722.5,372428.2
E01026050,555697.8,372464.4
E01026051,522963.5,358307.9
E01026052,522608.2,357325.7
E01026053,521532.5,358290.0
E01026054,521752.2,358108.5
E01026055,545479.2,363939.9
E01026056,550327.4,360613.5
E01026057,530074.2,351293.3
E01026058,539294.8,387591.6
E01026059,540357.8,363644.1
E01026060,536286.3,363313.1
E01026061,529208.4,402566.2
E01026062,528820.1,402357.1
E01026063,528454.6,403060.8
E01026064,526353.9,368810.7
E01026065,526533.6,369708.5
E01026066,525213.8,369807.5
E01026067,526116.4,369492.4
E01026068,539843.9,368996.6
E01026069,556006.8,368806.8
E01026070,535237.6,384731.7
E01026071,523269.0,382848.5
E01026072,550102.9,384952.7
E01026073,550689.1,384805.5
E01026074,550092.4,385838.7
E01026075,527793.6,360858.8
E01026076,536809.2,397232.0
E01026077,532492.1,388142.3
E01026078,532756.9,388087.8
E01026079,542106.6,396642.4
E01026080,529383.9,398277.3
E01026081,533251.4,387253.8
E01026082,519807.5,368219.1
E01026083,555477.5,364165.4
E01026084,555934.2,364266.8
E01026087,533478.2,388603.6
E01026088,533766.0,388293.8
E01026089,532904.4,386883.2
E01026090,533813.1,386931.2
E01026091,533918.2,386429.4
E01026092,555953.0,363335.1
E01026093,556537.8,363355.2
E01026094,555251.7,363843.9
E01026095,556701.1,362401.1
E01026096,556310.0,361988.3
E01026097,556325.5,362733.1
E01026098,535304.7,350970.4
E01026099,545184.5,389744.8
E01026100,540399.2,365922.2
E01026101,539909.1,366019.7
E01026102,534995.9,357192.8
E01026103,551908.9,381935.0
E01026104,552268.0,380980.9
E01026105,530841.9,372638.7
E01026106,531391.1,401234.0
E01026107,534681.6,401482.0
E01026108,534108.5,387713.8
E01026109,551134.1,383900.3
E01026110,549383.4,358797.1
E01026111,546587.3,355428.2
E01026112,549870.4,358901.3
E01026113,548195.3,371085.7
E01026114,556742.6,363786.7
E01026115,556787.2,365769.3
E01026116,556786.4,364583.1
E01026117,543631.8,381749.8
E01026118,518628.1,362854.0
E01026119,520218.3,363053.1
E01026120,519249.4,363045.7
E01026121,513482.7,378033.7
E01026122,498123.9,371472.3
E01026123,499654.3,371671.9
E01026124,498795.6,371366.6
E01026125,498917.5,371870.9
E01026126,498363.9,371256.8
E01026127,493116.5,370032.4
E01026129,492829.6,369774.7
E01026130,493714.8,370707.8
E01026131,493513.8,370094.0
E01026132,497222.4,370883.3
E01026134,497060.7,369732.7
E01026135,496382.6,369539.7
E01026136,495772.2,369525.1
E01026137,496820.8,367285.2
E01026138,496412.5,367015.5
E01026139,495535.5,367329.3
E01026140,496641.6,366723.7
E01026141,496032.3,367817.8
E01026142,496829.9,367837.7
E01026144,496436.7,371703.7
E01026145,496851.1,371939.8
E01026146,496813.7,371512.9
E01026147,496542.6,372844.1
E01026148,497436.7,372280.6
E01026149,496896.5,373528.9
E01026150,497360.9,373676.1
E01026151,497330.3,372814.8
E01026152,499074.5,373160.9
E01026153,499824.3,372960.2
E01026154,499107.0,372723.3
E01026155,500123.1,373296.5
E01026156,498669.7,372850.9
E01026157,499135.6,373508.2
E01026158,494068.4,369786.5
E01026159,493836.3,369770.7
E01026160,493566.6,369177.4
E01026161,495004.3,369226.4
E01026162,494674.1,368857.2
E01026163,493449.0,368683.3
E01026164,498082.8,372885.9
E01026165,498500.8,373643.4
E01026166,497900.0,373394.7
E01026167,498017.3,372087.7
E01026168,497881.8,373820.0
E01026169,495339.0,368210.4
E01026170,496248.2,368366.6
E01026171,494810.1,367956.6
E01026172,495784.4,368995.5
E01026173,495726.6,368728.6
E01026174,497039.7,369160.3
E01026175,496886.6,368562.9
E01026176,497707.3,370524.5
E01026177,497646.6,370346.5
E01026178,497426.4,370164.0
E01026179,504899.2,356475.1
E01026180,508209.5,354968.0
E01026182,491235.3,360012.5
E01026183,515233.4,355040.7
E01026184,498075.5,364662.4
E01026185,497529.9,364390.4
E01026186,497910.6,367591.3
E01026187,498489.0,367603.9
E01026188,498119.7,366876.3
E01026189,501714.1,367779.9
E01026190,502354.2,367466.9
E01026191,504767.1,366823.0
E01026192,491412.3,354198.7
E01026193,487904.1,361562.0
E01026194,499023.9,357659.6
E01026195,497724.2,360421.6
E01026196,496621.7,354085.9
E01026197,503076.0,350017.8
E01026198,501024.5,350081.0
E01026199,487855.2,367095.3
E01026200,514533.8,343902.0
E01026201,514430.1,341633.7
E01026202,514121.2,344128.8
E01026203,501521.6,370491.5
E01026204,502828.6,370272.3
E01026205,503311.5,369536.4
E01026206,502768.5,369707.6
E01026207,515196.1,351502.6
E01026208,508504.0,345746.8
E01026209,505649.9,348768.5
E01026210,512374.2,358825.2
E01026211,506341.0,363169.1
E01026212,506766.8,361753.3
E01026213,506974.2,361422.5
E01026214,494753.6,366892.4
E01026215,495035.5,367197.4
E01026218,494075.3,366205.2
E01026219,494621.0,366551.8
E01026220,494946.5,366185.2
E01026221,506607.8,339095.1
E01026222,508309.6,350696.1
E01026223,507512.5,351079.6
E01026224,508372.6,351290.3
E01026225,492129.9,371858.0
E01026226,492533.0,371350.6
E01026227,506509.8,345531.2
E01026228,505969.0,345330.2
E01026229,506135.6,347032.9
E01026230,506603.6,346865.5
E01026231,506846.8,344930.7
E01026232,507493.4,345706.6
E01026233,505748.9,345039.5
E01026235,506602.9,346250.3
E01026236,506147.8,346448.5
E01026237,496535.5,366173.6
E01026238,496419.6,365534.2
E01026239,523952.1,310200.8
E01026240,524125.8,309874.8
E01026241,521096.5,315425.3
E01026242,520927.5,335334.9
E01026243,520624.9,335736.2
E01026244,522334.7,333103.1
E01026245,538533.5,324615.3
E01026246,541386.8,324819.9
E01026247,523939.0,331690.7
E01026248,536084.3,327473.5
E01026249,532092.3,313637.1
E01026250,536074.7,324622.1
E01026251,534900.8,324624.7
E01026252,535581.0,325172.0
E01026253,536649.4,325207.4
E01026254,543913.8,318779.4
E01026255,543418.5,322698.4
E01026256,543645.0,323635.8
E01026257,542896.6,323396.7
E01026258,524051.4,325166.8
E01026259,520103.7,325315.3
E01026260,524031.6,326024.1
E01026262,523176.2,322427.1
E01026263,523378.4,321751.4
E01026264,523606.2,322459.1
E01026265,523607.2,320816.2
E01026266,524419.3,322339.8
E01026268,525209.9,321764.1
E01026269,525456.1,322253.4
E01026270,525980.7,323598.8
E01026271,525754.9,323265.5
E01026272,525378.8,322945.5
E01026273,524139.6,323527.7
E01026275,523909.7,322937.2
E01026276,524729.9,328921.7
E01026277,547555.5,321431.9
E01026278,548055.8,321461.3
E01026279,547047.8,321465.9
E01026280,536756.3,313810.3
E01026281,528802.1,324405.4
E01026282,530390.0,323677.4
E01026283,531425.7,325751.3
E01026284,526546.2,317895.9
E01026285,532562.5,323663.7
E01026286,533089.6,324683.4
E01026287,502393.2,308076.8
E01026288,502659.7,307785.3
E01026289,501822.3,307889.8
E01026290,510130.3,328353.3
E01026291,488387.2,336043.2
E01026292,493699.5,336481.5
E01026293,493529.2,336912.4
E01026294,492838.0,337414.5
E01026296,510235.2,321230.2
E01026297,509886.7,320766.0
E01026298,510033.9,320154.1
E01026299,509233.3,320468.6
E01026300,508903.7,320857.7
E01026302,509451.5,321085.4
E01026303,514886.8,310214.9
E01026304,516081.2,309625.6
E01026305,514663.3,310570.0
E01026306,515551.2,309976.1
E01026307,514866.4,309787.4
E01026308,490099.7,334697.4
E01026309,490186.4,335593.0
E01026310,489493.0,335480.3
E01026311,490435.6,335318.4
E01026312,490239.4,334899.8
E01026313,493152.3,341454.1
E01026314,498538.3,344094.4
E01026315,488342.0,332653.1
E01026316,500069.0,324823.0
E01026317,491209.3,335164.2
E01026318,491419.8,334732.9
E01026319,490876.7,334368.8
E01026321,489636.8,336153.8
E01026322,490703.0,336089.9
E01026323,491295.1,336090.2
E01026324,490561.1,337581.2
E01026325,492893.4,336990.0
E01026326,492362.3,336560.6
E01026327,492328.2,337032.8
E01026328,493056.5,336572.8
E01026329,493835.0,348397.5
E01026330,505409.1,314833.1
E01026331,492799.8,324253.2
E01026332,499278.4,334284.7
E01026333,485447.1,348904.5
E01026334,513140.7,310411.5
E01026335,513812.4,310100.4
E01026336,513679.4,310826.1
E01026337,514178.0,310499.2
E01026338,498515.8,318526.3
E01026339,492418.1,319680.1
E01026340,489858.3,338306.1
E01026341,509296.9,324013.1
E01026342,510349.3,324056.3
E01026343,492013.0,335269.8
E01026344,492115.5,334755.8
E01026345,492297.3,336033.5
E01026346,503593.2,308139.9
E01026347,503127.6,307682.6
E01026348,503189.3,308125.4
E01026349,502445.1,307337.3
E01026350,503356.8,306948.7
E01026351,502971.8,307140.9
E01026352,491511.0,337265.4
E01026353,491350.5,336361.4
E01026354,491294.8,337746.4
E01026355,483608.5,344798.4
E01026356,500539.2,308020.7
E01026357,500963.7,307660.5
E01026358,501585.3,307561.8
E01026359,501369.6,307021.9
E01026360,509595.1,317263.3
E01026361,511488.9,334206.0
E01026362,511905.6,312212.9
E01026363,509086.5,308643.2
E01026364,511448.9,313970.9
E01026365,485952.2,340461.4
E01026366,512079.6,369514.7
E01026367,511952.4,401475.2
E01026368,511084.8,401208.7
E01026369,503154.9,372933.0
E01026370,502781.2,372290.8
E01026371,503660.6,373527.1
E01026372,502235.5,379207.4
E01026373,505422.8,372627.2
E01026374,482801.5,389628.7
E01026375,482837.8,388814.9
E01026376,482434.2,389374.5
E01026377,482648.3,390135.5
E01026378,480996.0,390595.6
E01026379,481543.0,390435.7
E01026380,482256.4,390754.7
E01026381,481000.4,391132.9
E01026382,481973.8,388525.9
E01026383,481709.3,389074.6
E01026384,481429.1,389982.9
E01026385,488253.3,390778.5
E01026386,495002.9,389982.8
E01026387,504697.6,401928.4
E01026388,483628.1,386524.4
E01026389,510994.6,389060.0
E01026390,510596.5,388725.5
E01026391,512923.2,389036.4
E01026392,509243.5,389744.8
E01026393,501328.1,375263.1
E01026394,500329.2,373944.3
E01026395,500717.4,375515.2
E01026396,489416.0,375832.8
E01026398,489220.6,375401.0
E01026399,494758.4,383590.1
E01026400,496363.0,378894.8
E01026401,488185.5,400661.9
E01026402,488614.9,401157.1
E01026403,484687.9,397479.0
E01026404,488848.4,381195.7
E01026405,503510.1,377227.6
E01026406,503715.9,375696.1
E01026407,485311.4,394798.6
E01026408,480815.1,391956.1
E01026409,483861.1,375879.5
E01026410,484185.3,379296.3
E01026411,499718.3,391057.4
E01026412,501259.9,380200.5
E01026413,501368.9,379932.4
E01026414,503975.5,384252.6
E01026415,520211.7,395253.1
E01026416,510809.0,399833.5
E01026419,599133.7,297449.1
E01026420,601838.8,297125.0
E01026421,606690.7,291071.8
E01026423,604871.3,294877.4
E01026424,580189.0,293945.5
E01026425,598757.3,312554.2
E01026426,599306.0,313185.1
E01026427,599235.9,312138.5
E01026428,598252.4,313889.6
E01026429,599306.3,313509.7
E01026430,600620.5,313392.0
E01026431,598912.2,314364.4
E01026432,598736.6,311845.6
E01026433,598179.6,311433.2
E01026434,598572.0,311367.7
E01026435,606300.5,288171.5
E01026436,604981.8,320345.2
E01026437,590262.8,301911.0
E01026438,592218.6,308452.9
E01026439,599698.9,286318.1
E01026440,595636.1,285935.6
E01026441,600030.3,283094.1
E01026442,591701.5,323428.5
E01026443,588395.2,316330.7
E01026444,576754.1,301981.4
E01026445,575307.8,312488.8
E01026446,587982.2,309369.5
E01026447,604185.5,295414.3
E01026448,605806.3,295811.3
E01026449,604878.1,295458.5
E01026450,603903.9,294966.5
E01026451,595999.7,307327.2
E01026452,596602.8,316349.3
E01026453,593474.2,312848.5
E01026454,598094.1,312863.0
E01026456,582445.3,308488.1
E01026457,581841.1,307867.1
E01026458,582281.8,308055.5
E01026459,582060.4,309435.2
E01026461,601569.6,316389.2
E01026462,596393.3,318187.2
E01026464,594837.8,301521.0
E01026465,586464.6,283577.5
E01026466,587204.5,284471.5
E01026467,585950.2,283696.5
E01026468,587376.1,283132.2
E01026469,587359.9,283634.0
E01026470,588286.9,283773.5
E01026471,588168.3,283390.3
E01026472,587551.9,284235.9
E01026473,588011.9,284227.4
E01026474,586040.9,282932.7
E01026475,587012.8,282334.6
E01026476,586012.8,282631.9
E01026477,586513.0,282317.3
E01026478,586109.1,281868.8
E01026479,605227.7,311551.2
E01026480,604584.2,311130.1
E01026481,607663.9,312976.7
E01026483,598646.0,321667.7
E01026484,601892.9,309528.3
E01026485,600469.0,307119.9
E01026486,592029.2,300948.9
E01026487,592912.3,300657.4
E01026488,591572.7,300761.9
E01026489,590636.2,300669.0
E01026490,591862.7,300336.2
E01026491,595245.8,292891.8
E01026492,577491.1,288869.5
E01026493,582769.3,287585.9
E01026494,603605.5,283454.2
E01026495,588638.6,305308.4
E01026496,588576.7,304252.0
E01026497,640403.8,310603.9
E01026498,639955.7,310396.5
E01026499,619436.7,326559.2
E01026500,619027.2,326499.3
E01026501,619902.7,324935.9
E01026502,618397.7,326613.7
E01026503,619880.8,326989.8
E01026504,637814.3,313314.9
E01026505,633727.2,309818.5
E01026506,632920.6,311479.7
E01026507,633388.9,309655.5
E01026508,632257.4,308691.9
E01026509,631852.9,308860.1
E01026510,633162.6,308153.8
E01026511,637964.9,304213.2
E01026512,636078.4,308196.6
E01026513,636279.3,308496.3
E01026514,623156.8,322666.4
E01026515,624598.6,317630.9
E01026516,626936.8,320279.9
E01026517,626538.9,319314.5
E01026518,617483.7,315175.6
E01026519,617526.2,314768.0
E01026520,619031.5,313210.4
E01026521,617899.4,313691.7
E01026522,603230.6,324887.6
E01026523,613658.7,323883.1
E01026524,610906.9,315876.8
E01026525,613442.0,319052.9
E01026526,620612.6,313115.8
E01026527,620698.2,312740.5
E01026528,620043.9,312588.4
E01026529,620054.1,312073.1
E01026530,621655.5,311994.4
E01026531,621079.5,311720.4
E01026532,620996.9,312354.1
E01026533,622381.8,319048.9
E01026534,619668.2,321104.7
E01026535,618753.9,317094.2
E01026536,619188.7,316130.2
E01026537,618935.6,316277.1
E01026538,641776.4,302262.9
E01026539,640849.4,305852.3
E01026540,623258.1,312697.4
E01026541,624081.5,312771.3
E01026542,623730.5,312513.7
E01026543,623432.2,311805.6
E01026544,623125.8,313069.4
E01026545,630975.4,310926.2
E01026546,627947.1,311183.3
E01026547,609878.1,322830.3
E01026548,610377.4,323296.0
E01026549,621950.4,315542.1
E01026550,624658.9,315597.2
E01026551,624961.2,315012.6
E01026552,624493.0,315020.7
E01026553,624622.8,312114.3
E01026554,625063.3,312327.5
E01026555,624242.3,312003.4
E01026556,623850.7,311487.3
E01026557,624874.2,311623.2
E01026558,626293.9,311455.8
E01026559,624598.6,311032.2
E01026560,625267.2,311381.9
E01026562,617078.7,314283.5
E01026563,617088.4,315066.8
E01026564,616175.8,314907.4
E01026565,616647.4,314709.6
E01026566,615790.0,314477.8
E01026567,616425.2,314130.0
E01026568,617097.3,313700.5
E01026569,626443.9,310274.7
E01026570,626747.1,309783.5
E01026571,626025.7,309679.7
E01026572,625820.2,309160.8
E01026573,626692.9,309319.3
E01026574,627699.6,309524.2
E01026575,627372.9,308931.5
E01026576,627872.0,310021.1
E01026577,626253.0,308595.8
E01026578,628591.7,312814.4
E01026579,630799.6,314229.6
E01026580,629940.8,317229.8
E01026581,651099.5,305170.6
E01026582,650462.5,305021.4
E01026583,650925.6,304695.7
E01026584,650575.0,304325.9
E01026587,650524.8,303296.2
E01026588,652790.4,300014.0
E01026589,651627.5,313030.5
E01026590,651518.3,312524.4
E01026591,651678.9,313512.3
E01026592,652344.2,312452.6
E01026593,651657.7,311981.8
E01026594,652331.4,311795.2
E01026595,652588.5,308389.1
E01026596,652300.9,308476.6
E01026597,652410.0,307801.4
E01026598,652891.4,307847.5
E01026599,652622.9,308889.5
E01026600,652229.2,305405.2
E01026601,652448.5,305099.0
E01026602,651761.4,304741.7
E01026603,651582.8,304220.5
E01026604,651976.5,304001.1
E01026605,649037.1,317438.3
E01026606,649286.0,319340.6
E01026607,649656.8,317197.1
E01026608,646569.7,313439.5
E01026609,644669.8,312290.2
E01026610,652705.3,303593.5
E01026611,652790.2,302848.0
E01026612,652291.5,302073.2
E01026613,648124.0,302410.0
E01026614,648184.1,303928.9
E01026615,648381.2,303061.6
E01026616,647914.4,302856.1
E01026617,651913.8,302959.4
E01026618,652436.4,302963.7
E01026619,651571.0,303272.3
E01026620,651587.5,303694.7
E01026621,651981.1,303397.9
E01026622,652862.0,306122.3
E01026623,652855.2,307479.5
E01026624,652834.5,307148.7
E01026625,652589.7,306987.8
E01026626,652872.8,306739.0
E01026627,649745.1,315173.3
E01026628,650821.0,314466.5
E01026629,649122.6,314987.4
E01026630,652472.0,304205.6
E01026631,652691.6,303872.0
E01026632,652534.7,304751.7
E01026633,652106.0,306664.8
E01026634,651813.6,307310.4
E01026635,651781.2,307469.6
E01026636,644903.1,316087.8
E01026637,645548.3,317879.7
E01026638,645486.8,318085.0
E01026639,652770.3,309115.4
E01026640,652514.5,309566.1
E01026641,652871.8,309664.4
E01026642,570693.1,309872.0
E01026643,563705.8,310096.2
E01026644,572048.3,309722.7
E01026645,577266.6,343783.4
E01026646,583637.2,341733.3
E01026647,559038.4,320438.4
E01026648,572903.1,288208.4
E01026649,571470.6,290780.5
E01026650,570993.3,290510.7
E01026651,573671.3,295736.4
E01026652,562223.8,294785.3
E01026653,568334.8,330853.4
E01026654,568683.9,330492.7
E01026655,568842.3,330189.7
E01026656,577507.3,336445.2
E01026659,551367.2,303622.0
E01026660,548724.2,307375.2
E01026661,549875.8,306335.9
E01026662,564300.8,319581.4
E01026663,564326.9,320116.5
E01026664,564888.6,319855.3
E01026665,572271.3,319215.0
E01026666,563596.5,320015.2
E01026667,562732.6,319487.7
E01026668,562884.8,320274.4
E01026669,563771.1,321765.5
E01026670,563445.7,321775.6
E01026671,564329.1,321790.5
E01026672,564546.5,322156.7
E01026673,565087.8,321943.8
E01026674,570311.4,322586.3
E01026675,571596.2,322393.5
E01026676,568021.5,337447.2
E01026677,567481.7,337183.4
E01026678,567148.4,337425.4
E01026679,561802.8,298707.0
E01026680,567540.3,340114.2
E01026681,568646.4,342065.0
E01026682,567589.7,341313.3
E01026683,567321.3,340654.7
E01026684,552514.7,309905.8
E01026685,548054.5,310384.0
E01026687,562514.2,321043.9
E01026688,562459.5,321479.5
E01026689,562117.6,320727.6
E01026690,562999.4,321485.3
E01026691,564586.1,324285.8
E01026692,564194.8,324000.1
E01026693,563755.4,320898.7
E01026694,573464.4,314857.8
E01026695,582692.1,329176.0
E01026696,554163.7,313863.4
E01026697,554534.7,314022.0
E01026699,562029.8,319682.4
E01026700,562135.2,319374.2
E01026701,568054.7,333609.2
E01026702,568454.5,333984.1
E01026703,570686.9,335817.4
E01026704,561768.4,318485.2
E01026705,561034.9,319886.3
E01026706,561994.3,318865.4
E01026708,564232.3,323205.5
E01026709,564683.9,322879.0
E01026710,565696.1,322499.8
E01026711,555773.4,320931.9
E01026712,554608.7,320187.7
E01026713,554961.2,319066.6
E01026714,564548.4,320658.7
E01026715,550018.7,302355.9
E01026716,551107.8,299937.9
E01026717,557374.6,303392.6
E01026718,575210.4,324828.8
E01026719,550290.6,317249.9
E01026720,547901.9,313264.8
E01026721,550555.3,313266.0
E01026722,561606.7,310944.2
E01026723,563095.9,315009.6
E01026724,563276.3,316072.4
E01026725,566208.3,316164.2
E01026726,559331.4,313753.4
E01026727,564779.0,304489.7
E01026728,569783.7,300307.1
E01026729,602827.4,331352.3
E01026730,605992.0,332642.7
E01026733,611323.1,334332.6
E01026734,621634.5,342233.6
E01026735,621963.4,341971.9
E01026736,621128.1,342085.4
E01026737,619364.3,332234.5
E01026738,628594.1,334674.0
E01026739,603246.7,340770.7
E01026740,636139.6,330594.0
E01026741,609855.3,342171.1
E01026742,608596.8,338992.9
E01026743,608065.0,338382.8
E01026744,631087.6,318786.6
E01026745,592306.1,330480.2
E01026746,591590.3,330413.3
E01026747,592219.7,329835.7
E01026748,593554.5,329917.9
E01026749,592858.4,329786.3
E01026750,631180.1,336375.6
E01026751,630373.1,337218.1
E01026752,634172.3,333597.0
E01026753,628792.2,330223.2
E01026754,629402.8,330157.3
E01026755,628970.7,329535.3
E01026756,628690.7,330749.4
E01026757,628906.6,331058.9
E01026758,628186.4,330787.3
E01026759,627635.5,329596.4
E01026760,628152.1,329516.7
E01026761,627593.8,330362.8
E01026763,592037.1,343514.5
E01026764,591612.3,343344.5
E01026765,598368.7,339531.2
E01026766,623370.9,336960.5
E01026767,631227.0,322789.8
E01026768,625810.6,323460.4
E01026769,634377.6,318107.2
E01026770,615750.2,343215.1
E01026771,616337.1,342950.2
E01026772,615156.9,342650.1
E01026773,615775.3,342267.1
E01026774,638260.5,324208.7
E01026775,637446.5,325569.3
E01026776,637288.5,325097.3
E01026777,622028.6,340877.9
E01026778,622383.7,341626.1
E01026779,622620.9,341050.9
E01026780,586913.9,328535.1
E01026781,618755.2,342020.8
E01026782,592862.5,335788.5
E01026783,640957.2,319204.3
E01026784,638550.0,320108.8
E01026785,640689.2,322978.9
E01026786,639524.5,327566.7
E01026787,595903.2,327397.2
E01026788,596223.0,332278.6
E01026789,624994.5,328943.1
E01026790,630223.3,326108.5
E01026791,618579.5,309566.2
E01026792,618020.5,309478.8
E01026793,618999.0,309420.9
E01026794,617324.1,309500.8
E01026796,619149.2,308859.1
E01026797,622407.0,312358.4
E01026798,622500.5,311278.7
E01026799,622637.7,311932.1
E01026800,622442.5,310891.7
E01026801,623159.1,311041.9
E01026802,623942.0,310886.5
E01026803,625818.3,310147.9
E01026804,625367.7,309803.5
E01026805,625499.5,310507.1
E01026806,624728.6,309623.3
E01026807,624781.1,309221.5
E01026808,625104.9,309136.6
E01026809,625952.4,310543.9
E01026810,620253.5,306688.8
E01026811,621898.3,306496.4
E01026812,621093.3,306151.6
E01026813,620682.9,306101.5
E01026814,620527.3,307157.1
E01026815,621264.4,307189.0
E01026816,623539.5,307378.1
E01026817,623741.6,306794.5
E01026818,623276.5,306336.6
E01026819,623399.8,306643.3
E01026820,622464.7,306293.5
E01026821,622444.3,305690.1
E01026823,622888.2,309012.6
E01026824,622190.8,308928.7
E01026825,621768.4,309576.4
E01026826,623030.5,309530.6
E01026827,622043.9,309323.0
E01026828,621497.3,310359.5
E01026829,622074.4,310338.2
E01026830,622359.7,310313.4
E01026831,622695.2,309789.9
E01026832,621630.5,311217.3
E01026833,621333.6,310971.4
E01026834,621791.0,310720.1
E01026835,621877.7,308277.7
E01026836,621559.2,308425.4
E01026837,621786.7,308654.9
E01026838,621413.5,307790.4
E01026839,621700.6,307963.0
E01026840,621628.4,308897.3
E01026841,623419.2,309688.5
E01026842,623422.3,310395.9
E01026843,622945.6,310387.8
E01026844,623848.5,310036.0
E01026845,623404.3,310001.8
E01026846,623038.3,309870.0
E01026848,623875.7,309473.3
E01026849,624816.2,308243.9
E01026850,624349.8,308903.4
E01026852,622820.9,307115.9
E01026853,623150.7,307490.9
E01026855,622671.4,307670.5
E01026856,622117.0,307893.7
E01026857,621958.5,307565.8
E01026858,620307.3,307871.1
E01026859,620887.7,307930.9
E01026860,619794.2,307710.3
E01026861,619417.3,308475.7
E01026862,620734.9,308329.1
E01026863,620814.8,309075.7
E01026864,619765.4,309904.8
E01026865,620078.6,309047.0
E01026866,621431.4,309331.0
E01026867,619586.1,309357.1
E01026868,619971.5,308717.3
E01026869,619359.2,309771.4
E01026870,610948.9,301531.8
E01026871,610471.1,302415.6
E01026872,620506.6,285786.4
E01026873,608826.3,282050.1
E01026874,613174.7,284262.5
E01026875,628532.8,299018.0
E01026876,630417.7,299381.9
E01026877,613168.7,290483.4
E01026878,612173.6,293125.7
E01026879,636129.5,299612.5
E01026880,632985.4,301294.8
E01026881,619406.3,305550.3
E01026883,616121.7,307548.1
E01026884,611709.8,300380.2
E01026885,610082.0,299238.7
E01026886,616517.8,288996.0
E01026887,617254.1,282366.8
E01026888,612119.8,280113.4
E01026889,611319.6,280315.3
E01026891,611213.2,279783.0
E01026892,633878.1,291355.6
E01026893,634353.5,291132.4
E01026894,628622.4,288112.6
E01026895,613728.7,310787.4
E01026896,611575.9,307716.3
E01026897,614344.5,294534.5
E01026898,639622.6,291957.2
E01026899,638127.0,296570.0
E01026900,624306.1,282970.1
E01026901,624692.9,283865.6
E01026902,624829.7,283305.0
E01026903,623529.2,294209.6
E01026904,627476.4,293827.1
E01026905,614870.7,304727.6
E01026906,614633.5,304924.1
E01026907,615229.9,305166.3
E01026908,615996.9,305465.9
E01026909,602494.5,302223.3
E01026910,602631.6,301890.1
E01026911,635885.9,298666.6
E01026912,636162.7,298048.5
E01026913,619005.4,300146.2
E01026914,619564.5,301597.8
E01026915,619435.7,300300.3
E01026916,618565.3,310525.3
E01026917,618012.1,310280.3
E01026918,619084.3,310398.2
E01026919,621033.6,298450.3
E01026920,618058.0,297955.0
E01026921,611484.0,302637.9
E01026922,610902.2,302432.0
E01026924,617803.9,311557.3
E01026925,617027.8,310318.4
E01026927,627194.6,302318.3
E01026928,626866.2,301596.8
E01026929,629279.5,302485.8
E01026930,631778.7,305216.2
E01026931,609909.8,280474.1
E01026932,611137.3,280501.0
E01026934,615155.4,278937.5
E01026935,620754.7,279767.0
E01026936,624008.4,301831.0
E01026937,624840.8,306414.8
E01026938,619840.4,292966.8
E01026939,619316.0,292120.7
E01026940,619048.7,292883.6
E01026941,623143.6,297707.7
E01026942,620481.5,295782.5
E01026943,645075.6,294523.9
E01026944,641484.7,298351.5
E01026947,607789.0,307288.3
E01026948,607354.2,299800.8
E01026949,488469.5,288768.1
E01026950,488766.4,288101.7
E01026951,488531.2,287775.0
E01026952,488727.9,289348.2
E01026953,485933.9,286867.5
E01026954,486345.5,286649.2
E01026955,486694.7,286026.8
E01026956,486367.9,286138.9
E01026957,489544.9,288866.4
E01026958,489308.4,289826.1
E01026959,486762.2,288064.5
E01026960,487975.9,288229.0
E01026961,487096.3,288025.9
E01026962,486978.0,288605.8
E01026963,487571.6,287014.7
E01026965,487249.9,287632.7
E01026966,486838.9,287573.5
E01026967,487887.0,287867.8
E01026968,487207.6,287140.9
E01026969,487613.1,289706.5
E01026970,487990.3,289941.8
E01026971,488771.4,289914.9
E01026972,488259.8,289542.7
E01026973,487067.5,289154.0
E01026974,486634.1,289620.2
E01026975,486861.6,289454.0
E01026976,487199.0,289981.1
E01026979,490065.2,294085.8
E01026980,484328.7,290076.0
E01026981,487214.6,290348.9
E01026982,488216.8,290369.5
E01026983,487627.5,290371.6
E01026984,486449.1,288743.5
E01026985,486331.3,287890.4
E01026986,456482.7,263549.2
E01026987,457202.0,263443.7
E01026988,456698.8,263098.5
E01026989,457213.9,264132.0
E01026991,457477.8,261985.0
E01026992,457065.4,262373.0
E01026993,455949.2,259367.3
E01026994,457919.2,266435.3
E01026998,470867.7,264362.2
E01026999,454238.5,266267.7
E01027000,474483.0,270474.7
E01027001,475015.0,269940.0
E01027002,475511.6,272203.4
E01027003,474841.2,270371.0
E01027004,451859.5,253488.0
E01027005,471293.0,281258.0
E01027006,458934.6,272587.1
E01027007,456278.3,261798.3
E01027008,457013.5,261560.7
E01027009,456194.1,262298.5
E01027010,456560.1,262496.1
E01027011,464396.4,260541.1
E01027012,458247.0,262951.0
E01027013,458084.0,262197.9
E01027015,463135.1,267423.1
E01027016,462814.4,267741.5
E01027017,462443.9,267231.6
E01027018,479302.5,266274.2
E01027019,477837.8,266228.7
E01027020,478279.3,265695.6
E01027021,467046.2,269938.1
E01027022,471528.6,270211.1
E01027023,480063.1,272094.2
E01027024,462572.9,259193.0
E01027025,462910.6,259445.1
E01027026,464396.3,280569.3
E01027027,463457.8,271973.4
E01027028,453731.7,252689.7
E01027029,453815.3,252998.7
E01027030,459855.9,275657.5
E01027031,504848.0,283579.5
E01027032,498674.1,279381.6
E01027033,500840.2,303967.2
E01027034,496024.6,268330.8
E01027035,496387.0,269259.4
E01027037,495977.3,269321.6
E01027038,495464.5,271959.3
E01027039,494207.8,270571.8
E01027040,494545.5,271125.1
E01027041,494395.9,270288.4
E01027042,494078.6,269719.2
E01027043,500302.4,297303.8
E01027044,507568.5,291069.4
E01027045,494748.1,285372.3
E01027046,503269.4,289099.6
E01027047,503921.1,288880.3
E01027048,503884.6,288223.7
E01027049,504410.9,288018.4
E01027050,506162.0,296360.1
E01027051,499818.5,272470.6
E01027052,499012.8,272098.4
E01027053,500140.5,272997.9
E01027054,499314.4,273278.5
E01027055,499635.8,273261.2
E01027056,499410.3,272666.3
E01027057,498845.4,275216.1
E01027058,496677.9,266627.6
E01027059,496178.9,266676.1
E01027060,496023.8,267008.2
E01027061,496479.6,267418.6
E01027062,495754.8,267613.4
E01027063,494963.7,267360.2
E01027064,494206.6,266937.9
E01027065,495270.9,266974.7
E01027066,496523.7,265339.0
E01027067,495564.7,265815.9
E01027069,496092.3,266279.8
E01027070,494825.5,265973.4
E01027071,495096.2,265689.0
E01027072,494563.2,266547.1
E01027073,495106.0,266664.9
E01027074,497980.1,271471.1
E01027075,500453.7,278836.0
E01027076,499834.0,278800.7
E01027078,496498.5,276974.5
E01027079,486901.0,279828.3
E01027080,486958.8,280264.3
E01027081,487909.9,279876.4
E01027082,487600.3,279479.1
E01027083,487577.5,279917.7
E01027084,488701.4,276273.8
E01027085,488831.0,276798.7
E01027086,489427.1,276365.2
E01027087,486924.1,280643.1
E01027088,487342.9,280660.8
E01027089,486396.3,280484.7
E01027090,489043.6,280002.9
E01027091,490140.6,275207.0
E01027092,489316.6,274754.9
E01027094,479834.7,283101.6
E01027095,479413.0,283612.6
E01027096,488392.6,277936.7
E01027097,488705.2,278308.2
E01027098,488818.1,277939.9
E01027099,487790.7,277912.3
E01027100,487403.5,278141.4
E01027102,489626.2,274257.9
E01027103,489375.6,283127.6
E01027104,486393.5,279336.5
E01027105,486850.4,279221.3
E01027106,487124.5,279468.1
E01027107,480716.1,283384.5
E01027108,480835.0,283019.3
E01027109,481375.8,283058.7
E01027111,487203.0,278598.5
E01027112,487533.5,278977.8
E01027113,486815.7,277933.1
E01027114,487063.3,277528.7
E01027115,485656.1,278161.7
E01027116,485845.2,277558.6
E01027117,485736.1,278952.7
E01027119,483664.3,275533.3
E01027120,488921.2,277663.6
E01027121,489484.9,277859.5
E01027122,489273.5,278277.0
E01027123,481047.9,281121.7
E01027125,482480.9,281152.9
E01027126,481999.0,281178.6
E01027127,488058.5,279318.6
E01027128,487913.7,278843.6
E01027129,480516.4,287937.4
E01027130,487348.8,276932.5
E01027131,487120.3,276868.9
E01027132,476832.3,261564.8
E01027133,477072.0,261067.1
E01027134,476724.1,261263.6
E01027135,477424.1,261113.9
E01027136,477038.2,261802.1
E01027137,480120.3,261961.2
E01027138,480583.4,262082.4
E01027139,479770.1,261752.5
E01027140,480992.4,262053.9
E01027141,480464.2,262743.1
E01027142,481092.6,262470.1
E01027143,474617.8,264092.9
E01027144,474056.9,264628.9
E01027145,475646.7,264381.6
E01027146,474667.7,264588.6
E01027147,475187.8,264012.4
E01027148,475357.9,264815.5
E01027149,475610.5,264990.7
E01027151,474364.4,260749.3
E01027152,475083.1,261818.9
E01027153,475335.4,261250.9
E01027154,475040.7,261450.4
E01027155,475713.1,261200.6
E01027156,475216.3,258921.6
E01027158,474858.7,259236.7
E01027159,475255.5,258314.7
E01027160,474392.7,258726.7
E01027161,474820.0,258505.2
E01027162,474895.2,257771.9
E01027163,474614.4,257483.9
E01027164,475451.0,257291.3
E01027165,474820.6,257021.4
E01027166,475646.0,256950.2
E01027167,475437.5,256681.9
E01027168,478123.8,263197.3
E01027169,477467.6,262212.3
E01027170,477872.2,262206.6
E01027171,478109.3,263812.3
E01027172,477512.3,263079.9
E01027173,477485.5,262648.3
E01027174,481533.5,263809.0
E01027175,481099.6,263763.0
E01027176,481651.0,263044.3
E01027177,481537.7,262662.5
E01027178,481266.8,264453.1
E01027179,478105.8,262769.9
E01027180,478454.8,262471.9
E01027181,479081.5,262557.9
E01027182,478937.1,263296.4
E01027183,478663.4,264251.7
E01027184,476602.1,262183.5
E01027185,475977.5,262324.6
E01027186,477043.6,262218.5
E01027187,476223.4,261902.0
E01027188,476692.4,262777.4
E01027189,476431.7,262516.5
E01027190,474837.6,263222.3
E01027191,475153.8,262422.6
E01027192,475478.1,262476.5
E01027193,474005.6,264046.3
E01027194,474430.9,263644.0
E01027195,479296.5,263385.1
E01027196,479972.7,263513.2
E01027197,480701.4,263458.7
E01027198,479691.9,263421.2
E01027199,480737.6,263860.5
E01027200,480664.8,264205.7
E01027201,476192.8,257405.4
E01027202,476918.0,257770.0
E01027203,476796.8,257006.8
E01027204,476217.3,256866.7
E01027205,477084.1,256702.8
E01027207,471874.9,262489.0
E01027208,471247.1,262792.7
E01027209,470934.2,262412.6
E01027210,471912.0,262039.9
E01027211,471335.7,262224.5
E01027212,470895.6,262008.9
E01027213,472339.4,261905.7
E01027214,472689.7,262260.8
E01027215,471819.5,261666.1
E01027216,472849.9,261549.9
E01027217,472243.1,261069.2
E01027218,476921.4,263950.0
E01027219,477482.1,263838.3
E01027220,476540.6,263246.5
E01027221,477978.5,264950.9
E01027222,478314.5,265163.7
E01027224,476656.9,260643.9
E01027225,476139.6,261404.3
E01027226,476461.0,261208.8
E01027227,476029.6,261115.4
E01027228,476258.4,260777.4
E01027229,475444.4,263112.7
E01027230,475565.4,263510.7
E01027231,475833.2,263284.7
E01027232,475824.6,264032.2
E01027233,473521.1,259468.8
E01027234,473521.7,259164.4
E01027235,474081.9,259132.5
E01027236,473461.4,261218.9
E01027237,473479.2,260822.4
E01027238,474033.9,260729.6
E01027239,474068.8,261508.0
E01027240,473383.2,262222.9
E01027241,474320.0,261148.4
E01027242,474336.6,261867.2
E01027243,473751.8,262857.8
E01027244,473713.8,262414.7
E01027245,479973.8,264970.0
E01027246,480388.9,264508.4
E01027247,479837.1,264491.5
E01027248,479111.7,264442.4
E01027249,479403.0,264182.2
E01027250,473808.0,257514.0
E01027252,473463.3,258800.2
E01027253,473334.9,258088.6
E01027254,472649.1,258365.6
E01027255,478629.2,261191.5
E01027256,478387.3,261709.7
E01027257,477908.8,260845.3
E01027258,478443.9,260734.4
E01027259,479879.2,262335.6
E01027260,479069.6,261715.4
E01027261,461505.8,241964.1
E01027262,462611.6,251143.2
E01027263,472863.2,253454.8
E01027264,458854.1,237042.1
E01027265,459079.3,237514.1
E01027267,458360.0,237464.2
E01027268,457871.2,237322.1
E01027269,458269.2,236981.2
E01027270,458072.5,238378.6
E01027271,457676.5,237727.1
E01027272,458348.1,237895.5
E01027273,481459.0,258503.6
E01027274,477886.4,256142.8
E01027275,482673.2,260688.5
E01027277,467542.4,253768.8
E01027279,475351.1,251639.7
E01027280,476383.4,239997.5
E01027281,476044.4,240038.6
E01027282,468155.8,257419.4
E01027283,467911.8,257004.0
E01027284,476348.0,244821.3
E01027285,469675.7,259178.7
E01027286,469234.2,260817.3
E01027287,465924.5,258457.5
E01027288,449998.1,236447.8
E01027289,466903.8,249735.4
E01027290,454789.3,233491.7
E01027291,449831.6,242165.5
E01027292,450120.6,241890.3
E01027293,450533.8,241657.1
E01027294,478726.0,250482.3
E01027295,466960.8,243965.3
E01027296,454109.5,239694.4
E01027297,472081.7,245830.6
E01027298,469701.8,247429.4
E01027299,469109.3,247950.8
E01027300,468649.3,248157.2
E01027301,469379.9,249419.2
E01027302,469494.7,248035.9
E01027303,468689.8,248700.6
E01027304,449686.7,251016.6
E01027305,450936.8,244463.1
E01027306,459748.8,246828.0
E01027307,475749.3,243173.0
E01027308,484950.4,257548.1
E01027309,487683.1,267302.0
E01027310,487687.6,268131.1
E01027311,488243.2,268001.4
E01027312,487841.9,267660.2
E01027313,489707.2,268334.5
E01027314,489708.2,267990.5
E01027316,490060.3,268487.2
E01027317,488971.2,267059.2
E01027318,488690.9,266736.9
E01027319,488215.7,266592.8
E01027320,488889.0,266271.8
E01027321,488151.3,266159.7
E01027322,485625.1,263915.7
E01027323,485214.5,264333.1
E01027324,485715.0,263527.0
E01027325,485209.6,263329.8
E01027326,491599.1,271963.5
E01027327,491914.8,271872.8
E01027328,492407.9,272220.7
E01027329,487816.2,264878.9
E01027330,489639.2,269044.1
E01027331,489227.7,269301.7
E01027332,488886.0,268946.1
E01027333,488632.6,269759.8
E01027334,489335.7,269624.0
E01027335,492207.3,265365.1
E01027336,492259.7,265718.4
E01027337,492906.3,265562.8
E01027338,487047.1,271931.0
E01027339,486918.0,268034.2
E01027340,487247.3,267598.9
E01027341,486791.5,267554.5
E01027342,487359.5,268404.8
E01027343,487956.9,268986.3
E01027344,488362.3,268509.7
E01027345,487987.2,269361.1
E01027346,487233.1,269124.7
E01027347,487447.5,268986.1
E01027348,490552.8,258961.8
E01027350,488703.3,267608.3
E01027351,488280.1,267252.0
E01027352,489224.4,268405.4
E01027353,482131.8,266258.6
E01027354,490764.7,262505.7
E01027355,490683.1,263143.9
E01027356,423315.2,611232.8
E01027357,419732.3,612932.1
E01027358,419170.1,612505.1
E01027359,418077.2,613112.7
E01027361,426730.4,604460.9
E01027362,426561.2,603591.3
E01027363,427115.7,604161.5
E01027364,426024.7,604076.7
E01027365,412785.3,601245.1
E01027366,422810.3,622517.5
E01027367,424336.4,615395.7
E01027368,406056.1,601667.8
E01027369,405303.7,601815.1
E01027370,418210.4,601320.7
E01027371,419866.7,608663.1
E01027372,424420.2,605231.1
E01027373,400741.8,606998.6
E01027374,411016.4,633579.3
E01027375,399703.1,627105.1
E01027376,399439.6,654394.0
E01027377,399878.0,652963.6
E01027378,399129.4,653941.4
E01027379,398554.8,651374.7
E01027380,401984.0,646502.5
E01027381,397786.4,637466.2
E01027382,390276.8,647166.6
E01027383,421859.0,631809.1
E01027384,421330.8,630725.0
E01027385,399276.0,651422.6
E01027386,399147.0,651384.7
E01027387,399303.1,652540.4
E01027388,400075.5,651466.6
E01027389,400319.6,651228.1
E01027390,399124.4,628107.5
E01027391,430317.8,581643.3
E01027392,429859.5,581638.7
E01027393,429588.1,581179.3
E01027394,427262.1,575924.9
E01027395,427813.8,576189.6
E01027396,427293.5,576984.5
E01027397,427368.7,576646.8
E01027398,427397.2,578175.8
E01027399,427388.3,577544.1
E01027400,427267.3,578648.7
E01027401,426883.6,578458.2
E01027402,426298.9,578637.5
E01027403,426338.0,578121.1
E01027404,426497.0,577516.7
E01027405,427011.6,577400.6
E01027406,426540.0,575436.2
E01027407,426954.7,575263.4
E01027408,426944.7,575909.1
E01027409,426508.0,576670.0
E01027410,426120.7,575882.3
E01027411,426648.3,576262.3
E01027412,424887.3,576960.5
E01027413,425489.9,576941.4
E01027414,431390.9,581254.6
E01027415,430977.5,581687.8
E01027416,430813.7,582000.5
E01027417,433023.0,576974.4
E01027418,430662.7,576713.7
E01027419,433786.3,576165.4
E01027420,431297.1,574538.0
E01027421,431037.3,575008.2
E01027422,430280.7,580645.0
E01027423,430226.1,581104.2
E01027424,429125.5,581677.0
E01027426,429911.2,579187.1
E01027427,429991.1,579782.3
E01027428,429776.2,580364.5
E01027429,430933.9,580640.6
E01027430,430574.8,580145.1
E01027431,430969.5,581041.5
E01027432,430424.1,575359.2
E01027433,429952.0,575767.9
E01027434,430743.4,574720.0
E01027435,428575.0,574341.9
E01027436,429175.5,574624.3
E01027437,430985.1,579866.2
E01027438,431391.5,580052.0
E01027439,430488.1,579437.7
E01027440,431437.0,579528.3
E01027442,431755.9,581225.3
E01027443,425495.8,600101.7
E01027444,423730.9,600205.2
E01027445,428012.9,591885.9
E01027446,428078.8,592265.3
E01027447,408598.2,584134.6
E01027449,413341.5,566766.4
E01027450,415518.9,594943.3
E01027451,429275.9,591097.2
E01027452,420430.5,585733.8
E01027453,419753.9,586016.1
E01027455,418875.1,585266.7
E01027456,418637.2,586492.6
E01027457,419912.3,586493.4
E01027458,419843.5,584540.6
E01027460,420389.1,584860.5
E01027461,420737.6,585098.6
E01027462,422453.1,587329.7
E01027463,422504.2,587605.6
E01027464,416279.7,572121.1
E01027465,416916.7,573015.3
E01027466,416258.4,573323.9
E01027468,415484.4,571032.9
E01027469,414845.8,570510.9
E01027471,414296.4,571146.2
E01027472,407710.4,571645.7
E01027473,419275.0,580856.2
E01027474,424513.8,593866.8
E01027475,424657.9,594048.5
E01027476,393023.5,566034.8
E01027477,382418.6,553026.7
E01027478,383812.7,555882.3
E01027479,384394.9,583425.7
E01027480,393384.6,574006.2
E01027481,398943.8,564661.4
E01027482,399323.0,564767.3
E01027483,406564.0,563959.1
E01027484,374816.1,564796.9
E01027485,370296.2,564132.9
E01027486,370085.9,563789.2
E01027487,370757.5,564324.1
E01027488,384086.4,564251.4
E01027489,392891.3,563266.3
E01027490,393230.9,563648.2
E01027491,392316.1,563619.7
E01027492,392808.0,564224.8
E01027493,394229.7,563717.2
E01027494,394532.2,563686.1
E01027495,391948.4,570889.6
E01027496,408686.7,563993.5
E01027497,409138.8,563203.7
E01027498,410345.3,563194.1
E01027499,410096.0,562406.5
E01027500,409795.2,562812.1
E01027503,382927.1,592948.5
E01027504,400689.3,562004.4
E01027505,395685.4,558008.4
E01027507,406259.3,560215.1
E01027508,407511.0,562066.2
E01027509,406357.0,560998.8
E01027510,388167.1,567817.1
E01027511,385952.9,577096.3
E01027512,368336.8,558275.9
E01027513,411597.2,564798.5
E01027514,425894.0,581595.7
E01027515,426341.7,581869.6
E01027516,425855.3,582437.5
E01027517,427208.0,582892.5
E01027518,427224.6,582369.5
E01027519,426757.6,582070.8
E01027520,425371.5,582585.8
E01027521,424705.5,582403.6
E01027522,424833.7,582069.6
E01027523,425441.3,581894.0
E01027524,426607.2,587721.8
E01027525,426030.3,587794.3
E01027526,426663.4,586674.1
E01027527,427365.4,587178.6
E01027528,427665.3,587495.6
E01027529,427200.5,587588.3
E01027530,425144.9,585155.6
E01027531,425672.0,584459.4
E01027532,428428.6,586356.2
E01027533,428539.7,586769.3
E01027534,425734.2,585419.7
E01027535,426147.1,585887.3
E01027536,427090.5,586681.8
E01027537,427906.5,586608.1
E01027538,427615.3,586373.8
E01027539,428083.4,587788.2
E01027540,428582.6,587981.9
E01027541,431177.6,588089.6
E01027542,430753.8,588199.9
E01027543,430460.9,587545.5
E01027544,430773.9,587438.4
E01027545,428072.2,587208.0
E01027546,428064.0,587441.5
E01027549,429184.7,587404.1
E01027550,427764.4,582699.1
E01027551,427769.1,583129.3
E01027552,429613.4,584112.0
E01027553,427151.7,585279.7
E01027554,426583.1,585687.5
E01027555,400346.9,448323.6
E01027556,398926.9,446928.7
E01027557,403523.9,456838.3
E01027558,365457.8,470021.0
E01027559,366698.3,469345.3
E01027560,397342.3,443175.9
E01027561,400613.8,453576.8
E01027562,391384.4,457254.0
E01027563,393281.5,454255.7
E01027564,400510.3,444960.7
E01027565,400994.2,445096.2
E01027566,399955.2,444856.2
E01027567,400329.8,463920.6
E01027568,385320.9,456789.6
E01027569,375448.7,468197.4
E01027570,369433.7,472781.2
E01027571,381178.6,464124.1
E01027572,381787.6,463899.0
E01027573,381656.7,462903.6
E01027574,399834.0,452018.9
E01027575,399805.7,451620.9
E01027576,398417.5,452262.8
E01027577,398850.4,451736.4
E01027578,399131.3,451311.0
E01027579,399622.8,451237.0
E01027580,399182.4,450678.4
E01027582,398673.9,450699.0
E01027583,400749.7,444369.5
E01027584,400527.3,443897.5
E01027585,398090.9,465579.4
E01027586,396872.5,449679.1
E01027587,426505.7,487837.4
E01027588,426971.2,487652.3
E01027589,427232.2,488572.8
E01027590,437291.2,496132.0
E01027591,454814.1,506238.7
E01027592,434569.2,504518.2
E01027593,424321.2,489429.6
E01027594,453191.3,469478.5
E01027595,452532.9,469728.7
E01027596,453170.4,470093.8
E01027597,456484.6,511012.6
E01027598,455825.7,510667.4
E01027599,456086.0,511052.6
E01027600,445335.9,469902.3
E01027601,456974.8,465521.2
E01027603,428789.1,490435.0
E01027604,432727.0,492495.0
E01027605,436552.6,493551.8
E01027606,436918.4,492970.5
E01027607,437361.1,492970.9
E01027608,437307.0,493855.0
E01027609,437772.6,493995.4
E01027610,437684.4,493594.2
E01027612,437466.2,494365.0
E01027613,444574.9,497197.7
E01027614,435887.0,492822.4
E01027615,436377.0,492500.1
E01027616,436163.3,493182.1
E01027617,439887.4,504867.9
E01027618,446695.9,506230.2
E01027619,451326.4,460015.8
E01027620,442644.5,481687.2
E01027622,458456.6,468367.4
E01027623,452816.9,508980.9
E01027624,452652.2,509344.9
E01027625,452018.6,508574.4
E01027626,451616.0,508502.2
E01027627,448606.8,502275.3
E01027628,431470.0,481186.4
E01027629,443630.6,482445.0
E01027630,442950.7,482300.5
E01027631,443310.0,482661.3
E01027632,440748.3,481669.8
E01027633,437672.2,487327.7
E01027634,450795.3,464497.7
E01027635,441407.6,476667.5
E01027636,449954.3,477844.0
E01027637,444592.7,486813.9
E01027638,430469.7,457332.5
E01027639,430982.5,457610.5
E01027640,430235.2,456996.0
E01027641,430112.0,457581.5
E01027642,432587.5,464147.8
E01027643,431039.2,467037.9
E01027644,439734.1,465951.3
E01027645,439484.0,466543.0
E01027646,433888.7,460333.5
E01027647,440639.2,463025.2
E01027648,432468.4,455446.1
E01027649,431585.6,455806.0
E01027650,432080.0,455889.0
E01027651,432182.7,455417.4
E01027652,429351.2,454801.8
E01027653,429188.6,454329.1
E01027654,428710.9,455512.8
E01027655,429456.5,455558.8
E01027656,430739.3,455317.4
E01027657,430487.7,456227.0
E01027658,431006.7,456026.6
E01027659,430754.8,455772.5
E01027660,432446.6,454736.1
E01027661,432892.1,455080.9
E01027662,431762.2,454671.8
E01027663,433318.3,455320.9
E01027665,428644.8,458577.3
E01027666,423055.0,473756.7
E01027667,427875.7,475698.4
E01027668,435741.9,457145.7
E01027669,435239.3,457169.2
E01027670,436158.3,457166.3
E01027671,435898.2,456301.9
E01027672,435414.2,456170.7
E01027673,435000.9,456826.5
E01027674,433498.1,458058.3
E01027675,435162.9,458179.0
E01027676,435323.4,457796.0
E01027677,430134.2,455940.9
E01027678,430265.8,455567.0
E01027679,429818.5,454755.7
E01027680,429774.6,455060.8
E01027681,421432.3,462686.8
E01027682,424472.5,459691.4
E01027683,446570.1,452308.9
E01027684,448176.8,450498.0
E01027685,422300.7,480734.1
E01027686,421189.2,478438.6
E01027687,439261.5,467542.2
E01027688,434115.4,470920.5
E01027689,429831.8,456420.9
E01027690,429879.6,456981.8
E01027691,429380.8,456746.6
E01027692,430331.1,456411.0
E01027693,417157.0,462264.5
E01027694,420316.8,459504.8
E01027695,444550.5,460288.3
E01027696,446374.5,457361.7
E01027697,431016.0,453374.2
E01027698,430617.7,453132.1
E01027699,430092.0,451613.2
E01027700,430877.7,451443.4
E01027701,417269.5,465084.8
E01027702,415886.3,465692.1
E01027703,442600.8,453635.6
E01027704,434581.1,452995.2
E01027705,431605.5,471597.6
E01027706,431299.1,470895.6
E01027707,431697.3,470760.3
E01027708,430821.0,469730.6
E01027709,430619.4,470233.4
E01027710,430832.0,470050.3
E01027711,431239.2,470361.5
E01027712,429692.1,471846.5
E01027713,430915.8,471296.2
E01027714,431055.5,471948.3
E01027715,429914.4,471598.5
E01027716,429694.3,453020.1
E01027717,429270.6,453914.5
E01027718,430005.7,453639.0
E01027719,429052.6,453630.6
E01027720,428612.3,456684.9
E01027721,428226.8,456323.7
E01027722,427838.9,456476.7
E01027723,428985.8,456384.1
E01027724,427996.5,447606.2
E01027725,436406.0,450786.1
E01027726,432870.8,456406.9
E01027727,432585.0,456107.1
E01027728,433392.4,455943.5
E01027729,432822.6,455699.0
E01027730,430237.1,454248.9
E01027731,430530.6,453780.7
E01027732,430753.7,454195.9
E01027733,431556.5,454918.2
E01027734,426433.5,450667.8
E01027735,417682.6,448920.8
E01027736,433870.8,476747.2
E01027737,438492.9,472912.4
E01027738,430878.5,457010.1
E01027739,430660.5,456711.3
E01027740,431002.2,456622.4
E01027741,431286.1,457247.0
E01027742,394712.6,490632.5
E01027743,423291.4,508999.8
E01027744,406867.0,491129.1
E01027745,425001.6,500136.3
E01027746,422054.3,499789.5
E01027747,424068.7,497634.7
E01027748,423917.7,498309.8
E01027749,420393.7,498523.4
E01027751,429019.7,507276.7
E01027752,416702.2,505894.0
E01027753,387117.0,489709.8
E01027756,420953.1,496279.6
E01027758,418350.1,489686.1
E01027759,420250.6,509845.6
E01027760,412530.4,487749.1
E01027761,422389.0,505322.4
E01027762,415611.1,511682.9
E01027763,402695.0,486793.1
E01027764,403785.9,499379.4
E01027765,417645.6,501834.8
E01027766,417419.9,501325.8
E01027767,418050.6,501577.6
E01027768,418537.8,501721.2
E01027769,416221.0,501173.4
E01027770,416907.6,501033.0
E01027771,418376.0,496976.6
E01027772,419084.2,495696.8
E01027773,399473.4,498403.7
E01027774,475887.4,473522.1
E01027775,458664.9,478479.5
E01027776,477179.3,485958.4
E01027777,470414.5,491620.3
E01027778,475220.2,465448.5
E01027779,482510.6,469504.2
E01027780,463500.3,484864.1
E01027781,461585.1,483825.8
E01027782,469548.0,474642.8
E01027783,469533.0,486227.0
E01027784,469504.5,486566.7
E01027786,478132.6,471786.1
E01027787,479145.4,472582.6
E01027788,479985.2,470749.8
E01027790,479313.0,471271.7
E01027791,479375.0,470683.7
E01027792,480118.5,484006.5
E01027793,480456.3,483596.1
E01027794,479163.6,484275.6
E01027795,479207.9,483982.5
E01027796,485527.7,474439.7
E01027797,469741.1,459548.2
E01027798,496284.6,477244.0
E01027799,465344.5,466135.8
E01027800,468877.4,480620.3
E01027801,483299.4,482666.4
E01027802,487812.4,482989.6
E01027803,493228.8,469470.7
E01027804,503898.5,488277.6
E01027805,504619.1,488930.1
E01027806,504253.7,488763.8
E01027807,505974.7,483064.2
E01027808,505416.7,483324.5
E01027809,505717.6,484746.6
E01027810,503501.1,488649.8
E01027811,503272.6,488452.7
E01027812,503721.1,488494.3
E01027813,469989.9,507823.2
E01027814,498443.6,484407.2
E01027815,492517.7,482263.6
E01027816,499416.8,485339.5
E01027817,504203.8,483895.5
E01027818,505104.7,484392.8
E01027819,504073.8,484259.7
E01027820,504660.7,484265.0
E01027821,486584.9,506727.8
E01027822,479207.4,505603.5
E01027823,486869.2,507377.1
E01027824,502569.4,487603.4
E01027825,503139.1,486643.7
E01027826,503133.4,487723.0
E01027827,511728.7,480610.8
E01027828,511111.0,480306.9
E01027829,511259.3,481287.3
E01027830,511025.6,481049.7
E01027833,510785.5,477095.5
E01027834,510088.8,477402.8
E01027835,509358.9,477829.3
E01027836,500951.6,493330.5
E01027837,488937.4,510774.3
E01027838,488935.3,510174.3
E01027839,488381.8,510835.5
E01027840,478664.6,517497.6
E01027841,484114.4,511686.6
E01027842,502193.4,489731.7
E01027843,501487.7,489452.2
E01027844,501729.9,489113.9
E01027845,502853.2,490011.5
E01027847,504127.4,489083.3
E01027849,503310.0,489441.1
E01027850,502982.3,489291.0
E01027851,503382.8,488950.4
E01027852,504003.0,487610.9
E01027853,503716.7,487451.6
E01027854,504186.4,487815.6
E01027855,501733.0,490645.1
E01027856,501312.1,490163.1
E01027857,499238.0,491964.0
E01027858,503012.5,483981.9
E01027859,501706.8,483729.3
E01027860,501878.1,483741.3
E01027861,503075.3,488054.3
E01027862,503370.9,488052.9
E01027863,502638.1,488322.6
E01027864,490330.1,510195.1
E01027865,489803.5,510573.5
E01027866,490272.9,509582.6
E01027867,505320.5,485821.7
E01027868,504366.7,487192.1
E01027871,488772.4,511333.2
E01027872,502582.4,488878.5
E01027873,501969.5,488092.0
E01027874,502463.0,489456.1
E01027875,454857.6,442597.0
E01027876,463309.2,433931.2
E01027877,463304.7,434846.8
E01027878,462031.8,432690.2
E01027879,461081.3,431021.4
E01027880,460037.8,430480.3
E01027881,459677.7,430613.0
E01027882,461024.7,430526.0
E01027883,464725.5,425930.1
E01027884,465315.5,425982.2
E01027885,464667.3,424197.3
E01027886,457215.6,437508.2
E01027887,459178.0,435821.5
E01027888,451502.7,436949.4
E01027889,455662.9,424075.0
E01027890,456465.9,423583.0
E01027891,448747.7,426859.7
E01027892,448598.1,425743.6
E01027893,455123.2,430742.6
E01027894,457619.7,430957.2
E01027895,457891.4,430576.5
E01027896,467582.0,430613.3
E01027897,466007.4,432576.9
E01027899,450685.4,429356.2
E01027900,468263.9,437122.7
E01027901,462121.7,437899.7
E01027902,460685.9,438514.5
E01027903,463097.0,442718.7
E01027904,450826.3,438646.5
E01027906,460375.9,432630.9
E01027907,460653.2,432775.2
E01027908,461001.7,432490.9
E01027909,461922.5,432008.6
E01027913,460035.5,431745.4
E01027914,449134.0,433299.1
E01027915,449431.6,432958.0
E01027916,449741.8,433924.1
E01027918,449042.1,443668.2
E01027919,448161.4,443478.2
E01027920,449198.8,443964.5
E01027921,447965.0,442675.8
E01027922,447494.2,442737.8
E01027923,452947.9,419547.6
E01027924,457268.4,421313.5
E01027925,452757.1,349040.8
E01027926,453191.9,348101.6
E01027927,453279.6,348623.4
E01027928,453218.3,349208.8
E01027930,453731.1,348000.9
E01027932,453906.5,348817.1
E01027933,453586.7,349507.2
E01027934,453674.7,349981.9
E01027935,452892.7,350343.4
E01027936,454054.1,350215.0
E01027937,453116.1,349763.4
E01027938,451257.7,348445.0
E01027939,452300.7,348321.9
E01027940,451693.5,348208.7
E01027941,451865.6,347713.7
E01027942,452102.3,347336.2
E01027943,452566.2,349552.6
E01027944,451803.8,348726.9
E01027945,444660.6,351623.2
E01027946,445185.5,351751.6
E01027947,449031.2,356013.6
E01027948,450146.7,355703.6
E01027949,450934.1,355708.1
E01027950,450612.6,355156.5
E01027951,451452.2,356455.4
E01027952,450895.2,356412.5
E01027953,451467.0,356103.0
E01027954,450731.8,356853.5
E01027955,449777.1,356257.2
E01027956,449881.0,356648.6
E01027957,449034.2,356858.3
E01027958,449423.3,356663.7
E01027959,449515.9,357280.2
E01027960,445816.3,353086.6
E01027961,446797.3,353173.8
E01027962,447552.4,353239.1
E01027963,447128.8,352994.5
E01027964,449003.7,359883.1
E01027965,449296.6,359305.5
E01027966,448756.6,359539.7
E01027967,449912.0,359579.1
E01027968,449000.5,359092.8
E01027969,448693.4,358572.1
E01027970,449662.6,359729.7
E01027971,449683.1,360240.2
E01027972,450647.4,358470.7
E01027973,451406.2,358173.6
E01027974,449550.8,357929.6
E01027975,449132.5,358138.7
E01027976,449542.8,358427.9
E01027977,450518.2,359223.6
E01027978,450063.9,359319.1
E01027979,449919.2,360846.6
E01027980,448732.2,361099.3
E01027981,448017.3,360889.2
E01027982,450100.1,360341.3
E01027983,448519.3,360657.2
E01027984,450482.8,360184.6
E01027985,450761.9,359726.8
E01027986,446557.2,359568.5
E01027987,447129.1,358901.6
E01027988,447646.5,359243.8
E01027989,448438.2,359066.3
E01027990,446777.6,358843.4
E01027991,448058.5,358427.5
E01027992,448463.0,358085.9
E01027993,446954.1,350723.0
E01027994,447338.0,350845.1
E01027995,449764.0,353839.5
E01027996,449616.9,354148.5
E01027997,451185.0,353814.2
E01027998,450190.7,353825.3
E01027999,477826.5,390484.1
E01028000,462468.4,387404.4
E01028001,458354.3,385253.1
E01028002,458321.0,384806.7
E01028003,458822.8,385307.6
E01028004,458984.4,384551.6
E01028005,472911.7,383814.8
E01028006,471510.0,374852.5
E01028007,473815.1,373086.7
E01028008,471205.2,381573.5
E01028009,471338.4,381917.3
E01028010,471387.8,379674.8
E01028011,470882.4,381304.4
E01028012,471123.2,380625.5
E01028013,470158.1,381741.8
E01028014,469469.8,382257.1
E01028015,470225.7,382095.2
E01028016,469328.7,381845.4
E01028017,469826.4,379761.0
E01028018,470184.3,379178.5
E01028019,470038.8,379436.2
E01028020,470248.2,380667.7
E01028021,469651.9,380581.8
E01028022,470786.8,380203.7
E01028023,469745.5,391700.8
E01028024,461661.1,391672.8
E01028025,463467.7,391773.9
E01028026,462408.1,391968.9
E01028027,462961.6,391777.2
E01028028,462039.5,392285.2
E01028029,458658.3,387208.7
E01028030,458301.7,387196.4
E01028031,477212.8,394451.2
E01028032,476664.1,394624.1
E01028033,478463.2,378971.1
E01028034,465975.3,387990.7
E01028035,478340.3,383364.3
E01028036,467110.9,382442.8
E01028037,474414.0,371092.3
E01028038,474065.5,370969.4
E01028039,480287.6,375073.0
E01028042,459361.9,380114.2
E01028043,460001.1,379605.7
E01028044,459749.9,380069.8
E01028045,459484.9,379591.5
E01028046,458280.4,380273.3
E01028047,457686.0,381953.7
E01028048,458313.2,381762.2
E01028049,458036.2,381190.6
E01028050,458470.0,381081.5
E01028051,459512.4,381361.2
E01028052,459015.5,381431.4
E01028053,459211.0,380842.7
E01028054,458796.9,380608.9
E01028055,458193.3,379675.3
E01028056,456446.3,380090.0
E01028057,458537.1,379513.5
E01028058,455938.5,381352.7
E01028059,457431.4,381176.0
E01028060,458520.7,378024.0
E01028061,457389.8,379052.4
E01028062,458248.3,378748.3
E01028063,457193.5,378650.4
E01028064,459958.8,378181.1
E01028065,459162.9,378429.5
E01028066,459742.9,378573.8
E01028067,459440.5,377925.5
E01028068,459081.2,378955.9
E01028069,452369.3,335383.9
E01028070,451768.7,334715.4
E01028073,453115.2,336748.1
E01028074,453635.3,337234.3
E01028075,453489.3,336776.6
E01028076,451854.0,338309.3
E01028077,452521.1,338035.1
E01028078,452612.0,337649.3
E01028079,453137.3,337441.8
E01028080,453465.8,336006.6
E01028081,453761.7,335618.5
E01028082,453892.5,336082.0
E01028083,453461.3,336446.5
E01028084,452225.5,337135.2
E01028085,452560.6,336891.8
E01028086,452579.3,336456.5
E01028087,450736.9,337562.4
E01028088,450975.4,339037.4
E01028089,451017.5,338443.3
E01028090,450239.9,337921.8
E01028091,451572.5,338079.3
E01028092,446192.8,349405.4
E01028093,445982.8,349806.4
E01028094,451550.6,336671.6
E01028095,451795.9,336212.2
E01028096,451682.1,335646.8
E01028097,451080.5,335819.6
E01028098,450477.7,335803.8
E01028099,451247.9,335363.2
E01028100,451149.9,336425.2
E01028101,450524.4,336369.7
E01028102,450199.4,344216.2
E01028103,449444.0,345122.0
E01028104,449694.2,345266.6
E01028105,448991.5,345075.2
E01028106,449623.4,344210.3
E01028107,447495.2,347479.6
E01028108,447211.3,347308.4
E01028109,447459.3,346257.3
E01028110,446474.1,346185.1
E01028111,446172.0,346801.7
E01028112,446743.1,346940.7
E01028113,446863.9,346376.8
E01028114,447458.3,346817.6
E01028115,447828.6,345920.5
E01028116,448192.0,345898.2
E01028117,447602.1,345574.9
E01028118,448042.7,346661.6
E01028119,451888.3,343307.8
E01028120,452672.3,343623.8
E01028121,452188.6,343264.4
E01028122,450692.2,344831.2
E01028123,450160.1,345488.4
E01028124,451137.1,344667.9
E01028125,449473,338390.7
E01028126,448847.7,338019.7
E01028127,449325.0,338378.0
E01028128,449432.5,336636.0
E01028129,449693.9,337949.3
E01028130,449272.4,337514.4
E01028131,448781.3,336449.6
E01028132,449109.2,336518.0
E01028133,448592.3,336752.9
E01028134,448682.6,337277.9
E01028135,449362.7,335270.2
E01028136,449617.2,334964.1
E01028137,450951.5,334684.6
E01028138,450374.8,334579.9
E01028139,449829.4,334605.7
E01028142,455401.0,347727.8
E01028143,458170.7,345987.3
E01028144,458373.0,345642.7
E01028146,456488.5,346568.2
E01028147,456097.4,346519.5
E01028148,464179.0,343500.8
E01028149,465011.8,344059.2
E01028150,462071.6,349475.2
E01028151,461520.2,349115.8
E01028152,460701.4,349560.3
E01028153,461128.5,349683.2
E01028154,461766.9,349629.8
E01028155,460770.1,341253.5
E01028156,461276.3,340986.3
E01028157,460770.3,340728.0
E01028158,461584.3,341342.6
E01028159,460146.5,341186.4
E01028160,459972.0,341527.6
E01028161,459483.6,341496.4
E01028162,459729.6,342165.2
E01028163,459465.0,341932.3
E01028164,460503.0,341540.3
E01028165,458161.1,345349.5
E01028166,457519.1,345387.3
E01028167,457649.8,344919.1
E01028168,462661.3,342108.4
E01028169,462153.9,342787.9
E01028170,462044.8,342139.6
E01028171,462083.1,341696.6
E01028172,461351.7,343371.7
E01028173,459573.3,346211.9
E01028174,459354.8,345770.6
E01028175,458812.7,345060.6
E01028176,458389.5,344484.5
E01028177,459031.3,344651.1
E01028178,460854.3,344672.8
E01028179,460000.1,344605.2
E01028180,460005.2,345622.3
E01028181,459977.9,346086.5
E01028182,460020.3,345157.1
E01028183,459513.6,345134.6
E01028184,461445.5,339979.2
E01028185,462334.9,341314.8
E01028186,461956.2,340998.7
E01028187,462363.7,340872.7
E01028188,461384.3,340480.8
E01028189,453267.1,351952.3
E01028190,461119.4,342526.4
E01028191,461498.9,342167.1
E01028192,461421.9,342728.4
E01028193,459607.8,343502.1
E01028194,459115.6,343100.4
E01028195,459238.6,342553.0
E01028196,459520.0,342952.5
E01028197,459939.1,342848.4
E01028198,456310.0,354143.7
E01028199,456475.5,354691.5
E01028200,455794.2,354669.5
E01028201,456142.1,355055.7
E01028202,460681.1,342523.4
E01028203,460865.4,343185.4
E01028204,460521.1,343124.2
E01028205,458714.2,346644.4
E01028206,459110.7,346209.8
E01028207,459223.2,346685.4
E01028208,458694.9,346086.8
E01028209,458900.2,345620.2
E01028210,461202.2,341649.6
E01028211,460665.7,341959.2
E01028212,460246.3,342497.1
E01028213,463372.8,347865.6
E01028214,459174.2,343728.1
E01028215,458485.7,343881.6
E01028216,458870.9,344011.4
E01028217,458047.3,343864.6
E01028218,459403.8,344256.2
E01028219,455452.0,359759.5
E01028220,454014.5,359911.7
E01028222,454859.9,358697.6
E01028223,456572.9,368042.7
E01028224,457168.2,367852.7
E01028225,457018.3,367064.3
E01028226,456726.4,367629.7
E01028227,452906.5,361638.7
E01028228,452729.3,362003.7
E01028229,452133.6,362249.3
E01028230,451803.4,361268.4
E01028231,452383.1,361345.6
E01028232,452104.0,361734.4
E01028233,454788.7,360862.2
E01028234,455293.5,360676.2
E01028235,455844.0,360557.6
E01028236,455363.1,361055.4
E01028237,457367.4,362725.0
E01028238,457885.8,363044.0
E01028239,456478.5,361959.4
E01028240,456515.5,362615.2
E01028242,455128.4,362302.0
E01028243,455925.8,362002.1
E01028244,451635.5,360741.9
E01028245,451943.5,360666.1
E01028246,452278.7,360172.8
E01028247,453248.4,361093.4
E01028248,452838.8,361122.9
E01028249,452464.6,360630.6
E01028250,454780.9,363457.2
E01028251,455182.5,364446.2
E01028252,455349.7,363658.6
E01028253,454803.2,364034.7
E01028254,458435.4,358695.7
E01028255,455978.3,359365.4
E01028256,456362.6,359004.9
E01028257,458271.3,369846.9
E01028258,457111.6,369065.1
E01028259,455869.5,368850.7
E01028260,456171.8,367609.7
E01028261,456714.5,360860.8
E01028262,456278.4,361055.4
E01028263,456844.8,360229.5
E01028264,456155.8,360254.2
E01028267,451787.6,362564.0
E01028268,453258.4,360589.4
E01028269,454385.9,360551.1
E01028270,453556.0,359815.5
E01028271,453843.7,362769.6
E01028272,454264.5,363350.9
E01028273,454540.7,362790.2
E01028274,454161.5,361667.4
E01028275,455211.6,361471.9
E01028276,454741.6,361348.8
E01028277,454337.7,364729.6
E01028278,454101.8,364164.7
E01028279,453859.0,364530.6
E01028280,453573.2,363968.9
E01028281,453653.1,363583.7
E01028282,452564.1,362613.1
E01028283,453572.3,362406.9
E01028284,453613.9,361578.6
E01028285,481107.3,352480.2
E01028286,482229.7,351999.0
E01028287,481772.0,351782.6
E01028288,482208.4,351390.6
E01028289,481136.9,352041.1
E01028290,481585.9,351237.9
E01028291,481016.9,351566.2
E01028292,482025.6,353915.3
E01028293,480783.9,353475.2
E01028294,480497.4,353582.3
E01028295,465079.4,360290.8
E01028296,460001.1,358371.8
E01028297,464647.3,360872.2
E01028298,459148.9,355949.5
E01028299,459878.1,356341.1
E01028300,459555.1,356118.5
E01028301,467074.8,368736.0
E01028302,467129.4,368082.1
E01028303,468214.1,370594.0
E01028304,480801.4,354888.3
E01028305,480445.3,354027.0
E01028306,480648.3,355431.7
E01028307,480945.6,355667.6
E01028308,479502.2,352959.1
E01028309,478569.0,352558.1
E01028310,480096.4,354409.4
E01028311,479449.1,353625.1
E01028312,471342.6,363740.9
E01028313,459402.3,363475.8
E01028315,483113.6,362060.2
E01028316,483534.3,361807.7
E01028317,484386.2,370181.0
E01028318,479537.7,352516.9
E01028319,479221.0,352114.0
E01028320,479799.1,352041.8
E01028321,461993.3,366827.2
E01028322,462976.4,366131.0
E01028323,462225.9,366590.7
E01028325,476004.0,348006.7
E01028326,477108.0,352020.3
E01028327,464401.5,356927.2
E01028328,464921.3,356602.7
E01028329,467470.0,357143.5
E01028330,466961.1,346114.0
E01028331,464924.8,347072.8
E01028332,468149.8,345773.4
E01028333,480381.4,353075.6
E01028334,480136.6,352520.7
E01028335,479860.6,353349.3
E01028336,475820.4,354813.9
E01028337,479465.6,358924.1
E01028338,466605.5,368094.8
E01028339,466314.5,368598.0
E01028340,465868.0,367840.4
E01028342,459639.8,358052.4
E01028343,459197.5,357857.8
E01028344,460116.9,358013.6
E01028345,470617.9,354003.8
E01028346,469978.4,354583.3
E01028347,469639.0,353883.2
E01028348,469424.4,353450.6
E01028349,478812.2,363665.7
E01028350,479644.3,365822.9
E01028351,471141.4,349690.5
E01028352,473499.1,351339.5
E01028353,482627.4,354677.9
E01028354,459298.8,337537.4
E01028355,459216.8,337211.1
E01028356,459553.2,336892.9
E01028357,471220.0,339939.2
E01028358,470231.9,339847.4
E01028359,470890.3,339478.9
E01028360,469287.6,339637.8
E01028361,469460.8,339627.1
E01028362,469829.0,339949.8
E01028363,457036.7,336146.2
E01028364,457164.1,335418.6
E01028365,457362.2,336831.3
E01028366,465143.0,334782.8
E01028367,465184.9,335934.6
E01028368,464440.9,334756.7
E01028369,465108.9,334505.6
E01028370,464776.4,335209.7
E01028371,473848.2,339814.1
E01028372,459847.0,335549.9
E01028374,459914.1,336187.8
E01028375,460160.3,336950.8
E01028376,460473.5,337181.4
E01028377,460383.3,336116.7
E01028378,453613.9,330383.1
E01028379,461517.9,331676.4
E01028380,461010.1,331173.1
E01028381,462121.4,330900.5
E01028382,461672.7,331282.2
E01028383,461277.7,330738.8
E01028384,458866.2,338052.5
E01028385,459467.8,337990.0
E01028386,459281.6,338336.2
E01028387,455545.9,327134.9
E01028388,455048.9,326479.9
E01028389,455786.8,326117.3
E01028390,454847.6,325778.4
E01028391,457607.6,335591.7
E01028392,457865.5,336254.5
E01028393,465525.7,339218.4
E01028394,464225.4,338973.8
E01028395,466283.8,339362.1
E01028396,458784.5,336755.1
E01028397,459348.2,336445.4
E01028398,458774.3,337128.4
E01028399,458292.9,336898.0
E01028400,458489.5,336302.6
E01028401,458398.1,335726.5
E01028402,467814.0,330406.8
E01028403,469678.4,343189.1
E01028404,457325.4,332957.7
E01028405,456857.9,333002.2
E01028406,457575.0,333551.0
E01028407,456958.6,333559.7
E01028408,450580.5,325879.1
E01028409,458243.4,329659.8
E01028410,456645.2,324839.6
E01028411,476262.0,342152.1
E01028412,460879.6,334190.4
E01028413,465174.0,339610.6
E01028414,464741.4,339353.8
E01028415,466202.0,340629.6
E01028416,458473.5,337874.6
E01028417,458259.9,337611.3
E01028418,458198.4,337236.1
E01028419,468339.6,335878.8
E01028420,472517.9,334737.7
E01028421,462826.1,328498.0
E01028422,447508.4,236195.4
E01028423,446735.6,235262.2
E01028426,446437.4,239271.2
E01028427,445719.4,240034.8
E01028428,446145.7,238957.9
E01028429,446128.8,239637.9
E01028430,445049.5,240433.5
E01028431,445033.7,239817.0
E01028432,444938.9,239340.0
E01028433,445652.5,238816.8
E01028434,444244.7,239362.6
E01028435,445611.0,240343.8
E01028437,446515.7,241451.1
E01028439,446867.4,241160.8
E01028440,446311.1,240995.7
E01028441,444701.3,242245.8
E01028443,443858.8,241978.4
E01028444,444074.4,241533.7
E01028445,444553.0,241728.0
E01028446,444816.0,241329.1
E01028447,444772.3,240912.5
E01028448,444703.8,240512.9
E01028449,444213.0,240174.0
E01028450,443837.7,240279.4
E01028451,443583.4,241273.4
E01028452,444234.0,241069.6
E01028453,443558.3,240708.5
E01028454,444163.4,240763.9
E01028455,459536.1,223461.2
E01028456,458784.2,223294.7
E01028457,459026.8,223572.3
E01028458,459309.8,223845.7
E01028459,458679.6,224203.4
E01028460,457769.8,224037.3
E01028461,458257.1,224083.7
E01028462,458316.2,223583.3
E01028463,459204.2,222146.8
E01028464,459142.7,221513.8
E01028465,459558.2,221749.8
E01028466,457615.8,222610.2
E01028467,458747.9,222723.6
E01028469,457277.8,223456.7
E01028470,457918.9,223214.6
E01028471,457373.2,223045.8
E01028472,457056.6,222960.6
E01028473,456705.8,222925.9
E01028474,442360.6,235496.9
E01028476,443088.1,235763.2
E01028477,457486.3,225421.1
E01028478,458980.9,225160.7
E01028479,445269.6,247651.6
E01028480,446511.9,245683.6
E01028481,446671.0,231609.3
E01028482,444703.7,232055.5
E01028483,462719.5,231970.8
E01028484,460160.9,229085.8
E01028485,435635.9,233488.4
E01028486,436109.6,233246.4
E01028487,448673.2,213987.1
E01028488,448524.1,214379.5
E01028489,449373.3,214460.0
E01028490,448720.8,214644.2
E01028491,449382.8,213990.3
E01028492,449444.8,213581.5
E01028493,450054.4,213753.9
E01028494,448843.6,213571.8
E01028495,449447.7,213059.3
E01028496,449448.8,212671.6
E01028497,451279.8,219004.7
E01028498,449918.4,217688.5
E01028499,460871.2,222483.8
E01028500,461467.4,217124.6
E01028501,458347.5,215402.0
E01028502,452883.4,214233.7
E01028503,441389.0,238548.9
E01028504,435666.2,237810.8
E01028506,452212.3,229189.2
E01028507,447097.9,226774.9
E01028508,439268.3,244364.9
E01028510,447512.8,213288.1
E01028511,449837.2,212969.9
E01028512,447905.7,212254.6
E01028513,455368.0,207891.5
E01028514,455787.4,207810.3
E01028515,456264.7,207597.2
E01028516,455008.4,207712.8
E01028517,456129.1,202877.3
E01028518,455675.8,203098.2
E01028519,455201.8,203114.2
E01028520,455801.0,202610.0
E01028521,451452.8,206497.4
E01028522,451386.7,205970.6
E01028523,454622.1,206111.5
E01028524,455368.1,206098.3
E01028525,455264.2,205674.4
E01028526,453843.7,206502.4
E01028527,453571.2,204193.5
E01028528,454184.1,204264.6
E01028529,454536.4,203849.4
E01028530,454285.0,203693.9
E01028531,454592.6,204614.3
E01028532,453678.9,205090.5
E01028534,453784.5,207207.2
E01028535,454490.8,206865.2
E01028536,454468.6,206647.1
E01028537,454348.1,207319.6
E01028538,453726.7,208229.0
E01028539,453318.3,207928.9
E01028540,453180.7,207142.7
E01028541,451548.3,204712.7
E01028542,451881.7,204219.3
E01028543,451165.2,205561.1
E01028544,451371.6,205254.3
E01028545,452663.3,204974.3
E01028546,452830.0,204543.5
E01028547,453157.5,205060.0
E01028548,449774.1,206221.5
E01028549,450272.0,206087.6
E01028550,450589.2,206978.8
E01028551,450662.7,206620.6
E01028552,454068.6,202709.3
E01028553,453657.4,202765.3
E01028554,453907.8,203472.6
E01028555,454304.9,203284.3
E01028556,455202.7,205136.2
E01028557,455252.6,204718.5
E01028558,455045.1,204435.7
E01028559,454925.5,205595.8
E01028560,452505.2,208254.5
E01028561,452818.7,208154.1
E01028562,452812.0,207715.8
E01028563,452753.8,207177.9
E01028565,450475.7,207581.2
E01028567,454863.5,202731.9
E01028568,455184.3,202290.0
E01028569,455842.2,202275.3
E01028570,455531.3,202043.7
E01028571,455609.9,206723.3
E01028572,456030.3,207161.4
E01028573,454992.8,206973.2
E01028574,455380.1,207227.1
E01028575,453094.2,203883.2
E01028576,453492.5,203318.7
E01028577,453037.1,203126.6
E01028578,453602.0,203721.9
E01028579,453212.9,205654.2
E01028580,452802.8,205920.4
E01028581,453470.3,205786.6
E01028582,452507.1,206046.0
E01028584,450424.0,208310.2
E01028586,452722.4,205333.1
E01028587,452928.0,205431.8
E01028588,452555.1,205710.1
E01028591,450901.7,209276.1
E01028592,450604.1,208955.9
E01028594,450077.3,210394.2
E01028595,448973.8,209734.2
E01028596,449917.7,209796.3
E01028597,450688.4,210405.0
E01028598,472224.2,201272.3
E01028599,461673.9,191834.7
E01028600,462141.4,192092.0
E01028601,463776.2,191047.5
E01028602,463742.7,191100.0
E01028603,460238.6,198205.8
E01028604,457509.6,196413.9
E01028605,457184.0,196285.7
E01028606,459184.3,193601.8
E01028607,454659.7,193507.9
E01028608,458252.4,190992.9
E01028609,463959.6,196812.8
E01028610,463495.1,197129.3
E01028611,467696.2,183839.2
E01028612,472763.5,184691.7
E01028613,475119.1,200785.8
E01028614,475382.9,200357.6
E01028615,475729.3,201400.8
E01028616,475007.5,201054.0
E01028617,460321.5,188896.4
E01028619,458794.9,186347.9
E01028622,451244.5,190348.8
E01028623,452380.1,190282.4
E01028624,451208.5,189998.3
E01028625,452869.0,190766.6
E01028626,452645.8,191434.6
E01028627,453239.2,191004.8
E01028628,453673.3,190725.5
E01028629,453343.4,190423.7
E01028630,453588.1,189503.9
E01028631,452989.7,189838.9
E01028632,452694.1,189642.1
E01028633,453353.3,189746.1
E01028634,451848.0,189077.1
E01028635,452439.6,189121.7
E01028636,452180.2,189625.5
E01028637,451499.9,189358.2
E01028638,456588.6,209703.7
E01028639,459506.1,206721.8
E01028640,458107.3,202767.9
E01028641,457312.1,201860.7
E01028642,461809.8,180843.8
E01028643,463706.4,177613.1
E01028644,460327.2,181642.1
E01028645,460147.2,180742.6
E01028646,463199.4,202787.8
E01028647,464660.2,204600.0
E01028649,455707.7,188103.6
E01028650,475273.2,181911.4
E01028651,475564.5,183154.2
E01028652,475911.4,182718.5
E01028653,476491.2,181713.6
E01028654,476094.6,181731.2
E01028655,476180.8,182290.1
E01028656,475550.3,181524.2
E01028657,453397.0,201935.7
E01028658,454613.9,195892.6
E01028659,469663.6,178693.4
E01028660,474793.8,178635.0
E01028661,477385.9,179529.7
E01028662,470205.7,181656.9
E01028663,470733.1,180306.2
E01028664,470987.2,179847.4
E01028665,470520.5,180625.0
E01028666,471039.9,206123.8
E01028667,471585.0,206089.6
E01028668,471327.5,205899.3
E01028669,470784.3,206423.2
E01028670,471593.9,205537.3
E01028671,470711.6,205542.0
E01028672,470145.3,205686.0
E01028673,471207.3,205119.5
E01028674,459818.1,189838.7
E01028675,460342.8,190089.2
E01028676,460159.9,189561.7
E01028677,460627.6,189291.0
E01028678,470246.9,187637.6
E01028679,469139.3,195215.9
E01028680,468686.3,194512.6
E01028681,458896.4,205616.0
E01028682,460251.4,205481.0
E01028683,457408.6,204883.4
E01028684,459624.8,205602.4
E01028685,464158.8,181924.5
E01028686,464702.8,181669.9
E01028688,450619.3,197557.4
E01028689,451049.2,197806.0
E01028690,449496.6,195927.0
E01028691,448782.1,195937.3
E01028692,449172.2,196239.7
E01028693,450242.1,199130.2
E01028694,449782.8,199077.0
E01028695,449616.2,198607.8
E01028696,449186.5,197658.6
E01028697,449101.5,198156.0
E01028698,448765.7,197206.4
E01028699,450344.8,198008.4
E01028700,449787.7,198044.5
E01028701,450562.8,198782.3
E01028702,448440.0,196415.7
E01028703,448958.1,196836.2
E01028704,449256.1,196592.6
E01028705,451287.0,198426.6
E01028706,450908.8,198427.1
E01028707,450986.0,198862.7
E01028708,447290.4,205696.3
E01028709,447872.0,205946.6
E01028710,447196.0,204452.0
E01028711,444487.4,201871.0
E01028712,453222.6,185922.7
E01028713,430527.4,189117.3
E01028715,428041.1,194325.9
E01028716,429264.9,195092.0
E01028717,428874.5,195548.0
E01028718,428775.1,195174.6
E01028719,428349.0,194979.9
E01028720,437796.3,187742.9
E01028721,439600.3,190348.5
E01028722,440230.6,189859.0
E01028723,440463.4,190580.8
E01028724,439859.7,189988.0
E01028725,439517.3,189718.8
E01028726,441789.8,193396.5
E01028728,449204.1,189140.9
E01028729,448390.0,185936.9
E01028730,445186.2,188615.6
E01028731,446661.9,191846.6
E01028732,448119.9,191111.8
E01028733,451992.1,202264.3
E01028734,452016.1,202742.2
E01028735,452384.0,201717.0
E01028737,436618.2,197476.9
E01028738,448234.6,198822.0
E01028739,445640.2,196979.9
E01028740,448614.0,205540.7
E01028741,448979.0,205312.7
E01028742,448438.2,206089.9
E01028743,451950.1,199680.6
E01028744,452281.5,198949.6
E01028745,424037.1,188944.6
E01028746,423415.9,188659.0
E01028747,425733.4,190676.9
E01028748,424663.5,190264.4
E01028749,433991.2,193430.9
E01028750,447754.0,200620.7
E01028751,449245.5,201522.8
E01028752,447175.0,201224.1
E01028753,449693.1,192861.9
E01028754,450553.3,193932.5
E01028755,440717.6,188116.5
E01028757,440147.6,187633.9
E01028758,440693.0,188562.3
E01028759,438952.8,188172.3
E01028760,439512.6,188413.7
E01028761,439685.2,188762.2
E01028762,424947.4,203741.8
E01028763,427960.2,217967.9
E01028764,431766.3,203275.6
E01028765,431260.3,203461.9
E01028767,425284.5,212093.8
E01028771,427674.4,206865.6
E01028772,427752.7,208194.4
E01028773,428099.0,206300.0
E01028774,428424.8,206721.8
E01028775,427615.1,206292.7
E01028776,432629.3,222337.3
E01028777,435860.8,219493.9
E01028778,436059.2,219497.5
E01028779,436083.3,216570.1
E01028780,431696.2,227337.7
E01028781,431119.3,226251.6
E01028782,430929.7,226617.7
E01028783,431313.5,226983.4
E01028784,435386.5,207864.3
E01028785,443348.9,209686.0
E01028786,442842.8,209701.6
E01028787,442627.3,209406.8
E01028788,443761.0,209569.8
E01028789,441574.2,214209.5
E01028790,441985.2,213841.5
E01028791,441211.1,212963.6
E01028792,435465.8,213327.3
E01028793,432243.0,215037.1
E01028794,431167.4,210691.6
E01028795,433158.2,229861.6
E01028796,426141.4,224410.5
E01028797,437873.0,224204.4
E01028798,426457.8,218179.9
E01028799,438709.6,212941.0
E01028800,441120.4,205730.4
E01028801,434278.3,203010.8
E01028802,439720.7,203170.2
E01028804,439583.7,217143.2
E01028806,443572.9,225885.4
E01028807,435404.8,210151.3
E01028808,434754.8,210246.1
E01028809,434339.8,209854.3
E01028810,436557.0,209238.8
E01028811,436556.2,209707.7
E01028813,435651.6,210956.1
E01028814,435704.6,210662.5
E01028815,436252.4,210882.2
E01028816,434796.1,209140.5
E01028817,434513.8,209099.0
E01028818,435355.0,209449.9
E01028819,435110.9,209472.8
E01028820,433581.3,209542.1
E01028821,434057.3,209521.6
E01028822,434101.3,209064.2
E01028823,444537.8,216814.7
E01028824,445100.2,216966.5
E01028825,444964.7,215129.1
E01028826,380976.6,304093.0
E01028827,380630.0,304230.7
E01028828,376068.3,287163.1
E01028829,376331.5,284604.0
E01028830,371387.9,292755.2
E01028831,370713.8,293011.2
E01028832,371900.5,293070.4
E01028833,371392.8,293601.1
E01028834,372624.1,292766.7
E01028835,372227.6,292548.2
E01028836,370620.0,293540.9
E01028837,370810.6,293904.8
E01028838,367592.6,301858.5
E01028839,368220.0,301428.5
E01028840,367186.7,302496.6
E01028841,367330.4,301689.2
E01028842,379665.0,293367.8
E01028843,361937.4,287360.8
E01028844,379537.7,305813.0
E01028845,381529.1,304367.4
E01028846,370412.1,289001.9
E01028847,374619.8,301741.6
E01028848,373635.9,284045.5
E01028849,374081.7,283673.8
E01028850,369867.4,293642.9
E01028851,362110.3,299368.4
E01028852,362129.3,299935.8
E01028853,375042.2,308285.0
E01028854,374656.4,308162.9
E01028855,375028.1,307141.6
E01028856,375010.2,307656.4
E01028858,370940.4,280301.8
E01028859,376747.4,295966.6
E01028860,342611.7,321732.5
E01028861,352153.0,320241.7
E01028862,348304.9,323228.9
E01028863,343414.5,328726.1
E01028864,336878.1,336847.0
E01028865,339741.9,335078.8
E01028866,340236.1,334869.4
E01028867,339590.3,334567.9
E01028868,371861.5,329474.5
E01028869,368658.3,326262.1
E01028870,358766.9,327805.4
E01028871,362734.8,327447.4
E01028872,339218.3,332714.4
E01028873,367641.8,334540.0
E01028874,368069.7,334650.9
E01028875,366568.5,334425.3
E01028876,366872.8,334043.5
E01028877,365985.7,333768.5
E01028878,366820.8,333471.4
E01028879,366643.9,333632.7
E01028880,355431.7,333569.4
E01028881,356441.9,335865.0
E01028882,363540.6,336868.2
E01028883,355768.8,321885.2
E01028884,355965.0,321225.4
E01028886,351630.0,328919.3
E01028887,351847.7,329548.4
E01028888,348383.3,329451.6
E01028889,351170.4,329492.2
E01028890,351068.1,328747.5
E01028891,354527.6,341729.0
E01028892,353692.0,342192.2
E01028893,355538.2,338674.7
E01028894,354316.0,340896.9
E01028895,354735.1,341309.9
E01028896,353876.3,341136.3
E01028897,353379.8,341445.7
E01028898,351650.6,334454.1
E01028899,373024.9,341885.6
E01028902,329800.3,329923.5
E01028903,330037.1,329852.9
E01028904,329746.0,329176.8
E01028905,330164.4,329253.3
E01028906,329098.9,329564.2
E01028907,328948.8,329004.0
E01028908,329099.8,330037.8
E01028909,329483.3,330292.2
E01028910,329649.6,333176.5
E01028911,330466.6,334065.5
E01028912,330339.3,333557.3
E01028913,333860.7,320783.2
E01028914,327415.3,323672.8
E01028915,327209.6,321753.5
E01028916,328421.1,329921.9
E01028917,328572.9,329515.8
E01028918,334786.9,325510.4
E01028919,339256.9,322371.5
E01028920,332370.7,336574.5
E01028921,332453.7,336755.8
E01028922,330403.0,325875.8
E01028923,325899.8,326728.4
E01028924,328851.7,327797.8
E01028925,329097.4,336397.1
E01028926,328551.5,335878.2
E01028927,331917.9,331466.5
E01028928,332293.8,331117.8
E01028929,349659.6,314959.2
E01028930,349397.0,314149.2
E01028931,349147.9,313599.4
E01028933,350316.2,314698.5
E01028934,350024.3,314283.0
E01028935,347515.7,309091.9
E01028936,348267.2,308657.3
E01028937,347685.5,308652.9
E01028938,349477.3,311907.2
E01028939,349598.7,311525.8
E01028940,349061.7,311437.6
E01028942,346412.7,313093.3
E01028943,345436.2,313031.4
E01028944,350157.0,313782.1
E01028945,349819.1,313324.1
E01028947,351285.9,312252.8
E01028948,351021.9,310952.7
E01028949,350821.3,311636.5
E01028950,347831.2,303533.3
E01028951,347259.0,311936.0
E01028952,347544.3,311445.2
E01028953,347045.7,312614.7
E01028954,344977.3,306886.2
E01028955,344708.1,310038.3
E01028956,349934.3,315405.5
E01028957,350300.7,315803.9
E01028958,350033.5,316155.2
E01028960,350185.6,297259.4
E01028961,353226.9,302174.2
E01028962,348781.6,310172.6
E01028963,348437.9,310607.5
E01028964,347901.5,310978.9
E01028965,351380.8,313057.2
E01028966,351660.6,313295.5
E01028967,350982.7,312976.4
E01028968,351283.5,313734.3
E01028969,338436.6,319140.9
E01028970,344867.6,314745.1
E01028971,347343.8,319598.5
E01028972,347567.7,312892.2
E01028973,348506.2,312922.5
E01028974,348347.8,312292.9
E01028975,337585.5,304885.9
E01028976,341234.4,308571.5
E01028977,340001.2,305964.6
E01028978,334844.5,310863.6
E01028979,341398.6,313426.2
E01028980,359748.9,304358.0
E01028981,350889.6,314747.9
E01028982,351070.2,315268.9
E01028983,351625.1,315067.5
E01028984,349957.9,311392.2
E01028985,350406.2,311243.5
E01028986,350457.6,310555.9
E01028988,350459.2,312806.3
E01028989,350760.7,313596.5
E01028990,350497.9,292318.0
E01028992,332168.1,288787.4
E01028993,357278.5,278090.5
E01028994,335643.1,274213.1
E01028995,359770.0,268916.7
E01028996,353002.6,271491.9
E01028997,345677.7,294060.3
E01028998,345387.5,293267.6
E01028999,359266.3,275022.6
E01029000,361844.8,276172.8
E01029001,366996.9,275665.6
E01029002,367307.0,275908.0
E01029003,329542.0,280919.7
E01029005,335529.3,283902.7
E01029006,351841.7,275231.3
E01029007,352007.4,274910.9
E01029009,351362.5,275723.1
E01029010,351687.8,275586.0
E01029011,352237.3,274450.9
E01029012,352371.3,274874.0
E01029013,343203.0,282664.5
E01029014,343240.0,283025.4
E01029016,342154.6,284781.6
E01029018,362629.5,149028.4
E01029019,354066.4,134963.5
E01029020,367413.6,146812.0
E01029021,365582.9,143967.5
E01029022,380465.7,153883.1
E01029023,380218.6,151856.3
E01029024,364627.1,151395.2
E01029025,368931.9,149322.0
E01029027,364697.1,139151.3
E01029028,364675.1,138646.5
E01029029,378533.6,148254.4
E01029030,379352.0,148972.0
E01029031,379063.4,148432.1
E01029032,377994.4,149139.2
E01029033,378842.0,149242.0
E01029034,378613.6,148916.8
E01029036,377782.6,147619.4
E01029037,377468.5,147263.1
E01029038,377954.0,146991.2
E01029039,376667.3,147573.9
E01029040,376908.9,146915.1
E01029041,377266.2,147736.7
E01029042,377251.0,148169.8
E01029043,376678.6,148146.2
E01029044,377023.4,148453.3
E01029045,377611.4,148703.4
E01029046,349823.1,138978.3
E01029047,349454.5,138838.3
E01029050,350164.8,139737.3
E01029051,350152.0,138368.9
E01029052,351007.9,146208.7
E01029053,374851.9,147369.7
E01029054,345042.9,141592.1
E01029055,346246.8,136360.1
E01029056,357444.3,147094.1
E01029057,376693.3,155168.8
E01029058,372291.3,142383.4
E01029059,359071.1,141324.5
E01029060,347825.8,150879.5
E01029062,361804.6,143846.7
E01029063,362562.2,142726.3
E01029064,362314.5,143595.7
E01029065,360974.2,143647.3
E01029066,361375.7,143557.2
E01029067,361529.3,142985.4
E01029068,366015.9,150966.3
E01029070,347889.4,136557.0
E01029071,348995.4,136740.6
E01029072,347809.2,137026.5
E01029073,348363.9,136300.8
E01029074,348807.3,136005.8
E01029075,347924.7,136008.3
E01029076,347762.6,135599.7
E01029077,360311.8,135184.0
E01029078,354631.3,145778.8
E01029079,354126.5,145751.5
E01029080,353919.1,145290.6
E01029081,354415.4,145220.1
E01029082,355677.6,146232.9
E01029083,354828.7,146250.3
E01029084,356204.2,146142.7
E01029085,343179.5,154497.2
E01029086,340345.9,153057.6
E01029089,334938.7,152890.2
E01029091,331740.2,138097.9
E01029092,331990.2,137339.6
E01029093,331775.2,137415.7
E01029094,330721.5,136686.2
E01029095,330446.8,137129.2
E01029096,330604.6,137673.4
E01029097,329497.2,135616.4
E01029098,330149.7,136402.7
E01029099,329252.6,135819.5
E01029100,330012.1,135911.1
E01029101,329987.7,135617.6
E01029102,329041.1,137090.5
E01029103,327766.7,136782.3
E01029104,328430.7,136683.2
E01029105,329280.8,136704.7
E01029106,331277.1,137503.3
E01029107,331411.9,136865.3
E01029108,331138.3,136575.6
E01029109,331368.7,137899.2
E01029110,329784.1,137975.6
E01029111,329363.9,137673.5
E01029112,329662.7,137095.4
E01029113,330293.5,150974.9
E01029114,330622.3,150144.7
E01029115,331300.4,149896.3
E01029116,330486.8,149602.9
E01029117,330537.0,148878.7
E01029118,331219.2,148641.2
E01029119,330926.9,148960.9
E01029120,331280.7,149429.3
E01029121,325648.3,142214.9
E01029122,325567.3,139267.4
E01029123,325852.5,139583.1
E01029124,319042.6,139659.0
E01029125,322870.9,135717.4
E01029126,346087.2,153694.1
E01029127,345804.3,153319.0
E01029128,344640.4,157308.0
E01029129,345318.7,153540.9
E01029130,342857.6,137122.0
E01029131,331965.8,147235.5
E01029132,331491.2,147581.8
E01029133,331011.3,148211.5
E01029134,332005.6,147841.5
E01029135,329892.7,143178.4
E01029136,333557.4,145471.2
E01029137,334545.0,138061.0
E01029138,335016.2,134882.2
E01029139,337602.5,132569.2
E01029142,329284.6,133043.7
E01029143,328935.0,132847.0
E01029144,330791.7,130395.8
E01029145,332099.5,141488.2
E01029147,343297.8,147354.3
E01029148,343289.8,148053.0
E01029149,337583.1,147898.4
E01029150,339310.4,139685.4
E01029151,336912.7,140043.0
E01029152,334538.6,141112.8
E01029153,330099.4,111287.9
E01029154,372373.2,119781.9
E01029155,367354.8,124567.3
E01029156,370800.4,122323.4
E01029157,368419.6,134920.9
E01029158,368182.7,134863.3
E01029159,352418.3,116272.4
E01029161,353700.3,117182.0
E01029162,353351.5,116725.5
E01029163,342362.9,120346.8
E01029164,359929.5,125343.9
E01029165,359172.4,122590.1
E01029166,362825.0,128395.3
E01029167,364025.4,132396.0
E01029168,363786.9,132694.8
E01029169,333314.5,109276.9
E01029170,333015.9,109039.9
E01029171,332061.6,108878.2
E01029172,332069.5,109404.3
E01029173,332757.2,109639.0
E01029174,332365.7,107857.4
E01029175,331999.5,108255.9
E01029176,332859.1,108019.2
E01029177,332593.7,108248.7
E01029178,353764.7,113320.8
E01029179,356421.9,113483.1
E01029180,352198.4,112957.3
E01029181,350784.5,115158.0
E01029182,345348.2,108530.3
E01029183,344132.1,108771.2
E01029184,344481.3,110295.5
E01029185,343992.8,109604.2
E01029186,344254.5,109359.8
E01029187,338935.8,125289.0
E01029188,339587.8,125273.3
E01029189,344185.0,112452.8
E01029190,344050.9,112429.5
E01029191,347055.8,116393.9
E01029192,347465.6,117547.7
E01029193,336211.3,114625.7
E01029194,335320.1,114774.3
E01029195,335910.9,114006.4
E01029196,335040.8,117765.5
E01029197,336787.8,122029.3
E01029198,352301.3,123588.7
E01029199,354489.4,123083.0
E01029200,342274.0,127080.0
E01029201,342752.4,127250.9
E01029202,346372.1,119909.0
E01029203,346948.0,120852.2
E01029204,345740.6,118518.3
E01029205,346280.9,119612.3
E01029206,367616.4,118807.3
E01029207,367453.6,118963.7
E01029208,332602.9,114837.1
E01029209,331927.3,115499.2
E01029210,354759.0,130938.3
E01029211,353311.5,128454.5
E01029212,347972.9,113750.6
E01029213,347061.4,110889.3
E01029214,350563.6,119494.1
E01029215,349538.8,117417.0
E01029216,343440.2,115968.2
E01029217,340580.3,116856.5
E01029218,343390.6,117035.9
E01029219,333464.1,105718.3
E01029220,333136.5,105348.7
E01029221,372244.5,131432.8
E01029222,342370.2,129382.0
E01029223,346534.4,126050.3
E01029224,348203.9,129146.7
E01029225,348186.8,128581.3
E01029226,348774.8,128651.2
E01029227,370714.1,128656.1
E01029228,371899.0,128451.4
E01029229,371334.3,128499.1
E01029230,338101.8,108490.8
E01029231,355574.1,116741.7
E01029232,355947.5,116481.9
E01029233,356005.2,116891.5
E01029235,356179.4,117197.2
E01029236,356786.8,116986.6
E01029237,356594.3,117317.0
E01029238,357227.6,117058.5
E01029239,356386.9,116345.1
E01029240,356729.6,116647.5
E01029241,354938.8,115819.9
E01029242,354515.0,115087.8
E01029243,354725.4,114724.1
E01029244,353925.7,114743.8
E01029245,353850.4,116184.4
E01029246,354803.1,116369.7
E01029247,354282.2,117045.4
E01029248,354735.9,116929.7
E01029249,353947.4,116649.2
E01029250,355104.1,117084.8
E01029251,354407.2,117561.3
E01029252,356658.9,117867.6
E01029254,355803.1,117650.1
E01029255,353969.3,117394.7
E01029256,320278.1,124397.0
E01029257,321019.3,124465.0
E01029258,317033.6,129075.6
E01029259,316797.1,129805.2
E01029260,316780.0,127357.3
E01029261,321326.4,115778.1
E01029262,315168.3,123716.6
E01029263,320982.2,123128.4
E01029264,321106.2,123554.6
E01029265,320577.9,123598.6
E01029266,321688.2,123535.8
E01029267,312159.6,125814.1
E01029268,314395.0,131483.5
E01029269,315313.9,120061.9
E01029270,327682.5,120452.4
E01029271,331801.9,125071.9
E01029273,326997.2,125746.0
E01029274,327301.3,126084.8
E01029275,326617.7,124531.7
E01029276,321611.6,125941.4
E01029277,320863.6,126076.9
E01029278,322138.7,128911.1
E01029279,334922.8,127564.9
E01029280,323907.8,124325.2
E01029281,324371.3,124067.6
E01029282,324788.2,124200.1
E01029283,324382.0,123560.9
E01029284,323127.4,124501.9
E01029285,323187.7,124868.6
E01029286,323584.1,124486.5
E01029287,322607.2,125744.8
E01029288,322067.7,125406.6
E01029289,322389.0,125008.8
E01029290,322371.6,125944.0
E01029291,325036.2,125114.4
E01029292,323925.9,125014.8
E01029293,324416.3,125168.3
E01029294,324673.5,124647.5
E01029295,324077.6,122961.2
E01029296,323644.2,123236.5
E01029297,323218.9,126189.4
E01029298,323776.9,126369.6
E01029299,322809.4,125975.2
E01029300,323299.5,125575.5
E01029301,322416.8,124064.8
E01029302,321743.5,124199.4
E01029303,322223.3,123319.4
E01029304,323003.7,126518.8
E01029305,323552.4,126891.0
E01029306,322395.1,126651.7
E01029307,323110.1,126928.2
E01029308,321428.0,122074.9
E01029310,314347.1,120259.1
E01029311,313767.1,121212.1
E01029312,313429.2,120943.4
E01029313,312922.2,121528.3
E01029315,313866.3,119685.2
E01029316,313638.4,120283.3
E01029317,325748.2,126757.2
E01029319,324254.9,126521.9
E01029320,308163.3,127990.2
E01029321,307816.2,127387.9
E01029322,298039.7,145075.9
E01029324,297530.0,145332.7
E01029325,295879.1,142408.3
E01029326,300942.7,142410.7
E01029327,309785.0,135689.0
E01029328,291790.5,127575.7
E01029329,297116.3,146088.2
E01029330,296927.2,146475.4
E01029331,296035.7,145840.4
E01029333,295665.1,146227.2
E01029334,304624.5,141302.6
E01029335,303384.3,138591.2
E01029336,288809.5,146822.8
E01029337,319999.5,143055.8
E01029338,290098.9,134932.0
E01029339,307431.0,142913.8
E01029341,307103.4,143238.7
E01029342,310538.5,140480.7
E01029343,307866.3,141059.5
E01029345,404840.4,317331.9
E01029346,404809.7,316866.5
E01029347,405592.8,316509.9
E01029348,405132.1,316293.2
E01029349,399294.1,312159.4
E01029350,398921.7,311806.8
E01029351,399277.7,311479.0
E01029352,398867.1,311171.5
E01029353,398819.6,310653.5
E01029354,398190.8,311943.8
E01029355,398159.8,311452.6
E01029356,397807.0,311361.0
E01029357,398244.1,312614.7
E01029358,398605.6,311966.1
E01029359,398107.6,308612.9
E01029360,398171.0,309737.8
E01029361,397581.1,309413
E01029362,398645.9,309625.3
E01029363,396970.1,309569.1
E01029364,397495.9,310386.7
E01029365,397452.1,309894.1
E01029366,396846.8,310249.8
E01029367,398216.7,310842.5
E01029368,402970.8,318693.8
E01029369,403302.2,318518.0
E01029370,402858.8,318083.8
E01029371,403547.2,319214.2
E01029372,403663.5,319012.3
E01029373,404044.0,317284.9
E01029374,403922.0,316793.8
E01029375,399808.5,310094.3
E01029376,400260.1,310838.8
E01029377,399819.9,310667.4
E01029378,400623.5,310456.8
E01029379,401576.0,311457.7
E01029380,401203.0,310744.0
E01029381,401433.1,310463.4
E01029382,401027.7,310139.3
E01029383,398955.8,313728.4
E01029385,398779.4,313226.9
E01029386,399645.8,313422.4
E01029387,399846.2,313076.5
E01029388,400318.0,313381.8
E01029389,400405.1,312886.7
E01029390,399222.4,314040.0
E01029391,400662.3,311823.1
E01029392,400728.1,311296.8
E01029393,399904.3,311677.4
E01029394,402436.4,308858.5
E01029395,401537.4,307766.1
E01029396,401856.5,308465.1
E01029397,402523.1,308032.5
E01029398,404433.2,312140.6
E01029399,401874.1,312187.2
E01029400,402269.6,312522.1
E01029401,403667.5,318546.5
E01029402,404170.4,318898.1
E01029403,403806.2,318223.1
E01029404,404481.8,318110.5
E01029405,406593.2,333803.5
E01029406,402514.2,335795.8
E01029407,423899.3,322067.4
E01029408,424096.8,322369.9
E01029409,424407.8,322101.0
E01029410,424135.5,321784.7
E01029411,406216.9,327502.4
E01029412,408044.9,324598.1
E01029413,422721.0,321582.2
E01029414,423476.6,321136.2
E01029415,423568.4,321809.0
E01029416,422214.1,321036.7
E01029417,421640.2,323828.9
E01029418,426820.8,322453.7
E01029419,426241.2,321844.0
E01029420,425923.1,322180.9
E01029422,409816.5,340603.3
E01029423,410964.9,339333.9
E01029424,415836.7,328325.3
E01029425,414690.2,330525.6
E01029426,424442.9,324185.8
E01029427,424601.8,324696.8
E01029428,425174.3,325330.0
E01029429,424847.5,324564.4
E01029430,407579.6,334226.9
E01029431,408048.3,334293.1
E01029432,407872.9,334008.0
E01029433,408665.3,334472.2
E01029434,423907.3,324987.0
E01029435,423479.6,324830.8
E01029436,424004.7,324663.5
E01029437,424416.1,325276.1
E01029438,423812.3,325429.5
E01029439,418630.3,318113.7
E01029440,419000.4,321220.0
E01029441,418644.1,318350.9
E01029442,419175.8,317887.4
E01029443,424360.2,327632.5
E01029444,423396.7,327614.6
E01029445,424013.7,323773.4
E01029446,423433.7,323575.5
E01029447,424260.8,323832.4
E01029448,423757.0,323410.4
E01029449,425492.2,321204.0
E01029450,424901.5,321105.1
E01029451,425334.9,321637.8
E01029452,425838.7,320917.2
E01029453,425168.0,320702.1
E01029454,424235.0,326236.7
E01029455,425805.1,326323.6
E01029456,425131.4,326088.2
E01029457,424749.9,325646.8
E01029458,425537.3,326779.0
E01029459,408911.9,332695.5
E01029460,409356.5,332914.9
E01029461,409024.1,334029.0
E01029462,408821.1,333389.6
E01029463,421183.5,325357.1
E01029464,420928.3,328690.0
E01029465,421279.9,328427.2
E01029466,423324.5,325507.3
E01029467,415326.5,345311.1
E01029468,427250.2,323170.4
E01029469,426755.3,323763.1
E01029470,426747.7,323203.1
E01029471,426185.8,323169.3
E01029472,427564.3,323189.0
E01029473,413745.3,321735.6
E01029474,414070.3,318780.3
E01029475,406031.2,309160.7
E01029476,406284.5,308666.0
E01029477,416926.1,315011.7
E01029478,417287.8,314774.2
E01029480,408969.6,315894.3
E01029482,409140.9,315639.0
E01029483,413392.7,308986.7
E01029484,413101.4,309638.0
E01029485,412967.7,309193.7
E01029486,405262.5,310053.6
E01029487,404834.3,310221.1
E01029488,415402.5,303539.1
E01029489,405480.3,309433.8
E01029490,404871.6,309662.8
E01029491,411062.7,310403.5
E01029492,411238.7,310754.0
E01029493,403763.9,309778.4
E01029494,404299.9,309696.6
E01029495,404267.5,310243.9
E01029496,404759.6,308548.9
E01029498,407862.4,318117.1
E01029499,411720.0,310848.5
E01029500,411835.0,311163.9
E01029501,411810.8,310481.6
E01029502,418461.4,302317.4
E01029503,419368.3,302175.6
E01029504,420269.8,301851.4
E01029505,406629.2,307771.0
E01029506,405367.4,308018.7
E01029507,406055.2,309598.4
E01029508,407414.4,309310.3
E01029509,412149.7,316780.1
E01029511,410675.0,310368.0
E01029512,410610.6,308922.4
E01029513,409507.0,300068.5
E01029514,408519.3,299827.9
E01029515,407245.5,313959.4
E01029516,422801.4,311202.0
E01029517,419760.9,306631.5
E01029518,411622.4,308301.5
E01029519,411977.2,308917.1
E01029520,412713.3,308748.0
E01029521,410733.5,304698.3
E01029522,411076.7,304205.6
E01029523,407219.8,303861.0
E01029524,412865.3,310044.9
E01029525,412485.0,310692.0
E01029526,412009.7,309712.5
E01029527,405276.2,308639.1
E01029528,405405.3,308850.4
E01029529,405162.4,308319.6
E01029531,416400.8,308511.1
E01029532,379751.1,350917.8
E01029533,381082.4,350262.8
E01029534,380626.0,350961.2
E01029535,379620.6,350481.7
E01029536,384647.7,350019.3
E01029537,384773.0,349263.9
E01029538,384263.0,349524.7
E01029539,384379.2,348823.6
E01029540,383385.1,353629.8
E01029541,382868.0,354167.6
E01029542,382689.0,354508.0
E01029543,383325.4,354100.7
E01029544,382652.5,350705.4
E01029545,383282.6,350474.6
E01029546,382644.0,350326.0
E01029547,383090.1,349998.8
E01029548,382898.3,349719.8
E01029549,385374.9,343850.7
E01029551,385297.7,344580.4
E01029552,384593.0,347672.6
E01029553,384364.5,347275.0
E01029554,384009.4,347052.7
E01029555,384685.8,346872.6
E01029556,380076.4,348999.2
E01029557,375407.3,348631.5
E01029558,383797.6,349063.1
E01029559,383190.5,348664.3
E01029560,383342.3,348926.1
E01029561,384533.7,355134.3
E01029562,385397.2,355241.7
E01029563,385011.0,354992.6
E01029564,383933.7,354808.0
E01029565,384856.0,354636.6
E01029566,383719.9,346705.9
E01029567,382665.9,346554.6
E01029568,383243.6,347154.2
E01029569,373627.7,336097.4
E01029570,379424.3,340281.8
E01029571,375354.4,336085.5
E01029572,374158.1,336067.9
E01029573,377593.3,345414.7
E01029574,376958.4,344730.4
E01029575,377209.7,344678.4
E01029576,381642.0,345172.2
E01029577,385305.5,347497.8
E01029578,385345.6,346876.6
E01029579,385858.7,347323.2
E01029580,385931.4,346920.3
E01029581,385985.6,355052.0
E01029582,386094.7,356531.6
E01029583,384989.1,348948.4
E01029584,385569.8,348882.8
E01029585,384970.0,348601.7
E01029586,384265.4,353575.0
E01029587,384774.3,353885.4
E01029588,384278.9,354470.8
E01029589,384841.7,343112.1
E01029590,384319.7,343505.1
E01029591,384724.5,343671.3
E01029593,381256.1,346705.6
E01029594,381925.5,346422.1
E01029595,382396.5,353597.5
E01029596,382868.8,353013.8
E01029597,382819.6,352742.2
E01029598,383847.6,345941.9
E01029599,384013.5,345612.1
E01029600,384136.3,345339.0
E01029601,383498.8,345009.9
E01029602,385211.7,345619.7
E01029603,385537.5,346017.1
E01029604,384711.7,346287.6
E01029605,384688.4,344988.1
E01029606,384293.0,344524.3
E01029607,384775.5,344374.0
E01029608,383776.1,343810.9
E01029609,385497.5,348467.5
E01029610,384931.5,348302.9
E01029611,385796.9,348124.7
E01029612,385152.6,347956.5
E01029613,388106.6,303247.7
E01029614,387634.6,303528.4
E01029615,387805.1,302993.8
E01029616,391140.2,306398.2
E01029617,388664.8,308766.7
E01029618,388571.7,308931.2
E01029619,390767.2,307104.5
E01029620,398310.4,307668.1
E01029621,396938.8,307518.9
E01029622,397992.0,307233.8
E01029623,397875.7,306758.2
E01029624,397476.0,306594.9
E01029625,398385.0,307028.0
E01029626,386147.5,303721.2
E01029627,386755.1,303371.1
E01029628,387057.1,303746.6
E01029629,387002.1,302832.2
E01029630,386437.4,302916.6
E01029631,387931.3,302506.7
E01029632,397721.3,304182.6
E01029633,396183.4,303403.6
E01029634,396050.8,303263.2
E01029635,394019.6,305152.5
E01029636,394380.8,306163.2
E01029637,392534.9,305582.3
E01029638,399158.2,306062.9
E01029639,398187.1,306117.8
E01029640,398805.4,306245.4
E01029641,398677.7,307868.9
E01029642,399362.3,307503.4
E01029643,399066.8,307044.3
E01029644,398901.4,306848.2
E01029645,387316.7,291202.0
E01029646,397495.1,313499.4
E01029647,397233.4,312440.6
E01029648,397461.1,312133.1
E01029649,384836.1,283324.3
E01029650,384128.5,283658.0
E01029651,384425.8,284396.3
E01029652,387599.1,285162.7
E01029653,383857.6,284200.1
E01029654,382299.1,298938.7
E01029655,392863.5,314316.6
E01029656,393600.9,318074.2
E01029657,392898.9,313184.9
E01029658,392310.1,313210.5
E01029659,392830.7,313624.2
E01029660,392141.1,313809.0
E01029661,386305.5,300319.3
E01029662,386965.0,299455.3
E01029663,385863.9,299458.9
E01029664,386405.2,299409.5
E01029665,385926.9,300053.6
E01029666,386574.5,299786.9
E01029667,383682.3,292965.8
E01029668,385422.5,312929.8
E01029669,385039.6,312600.2
E01029670,383111.7,310031.9
E01029671,387147.8,293255.0
E01029672,387557.3,295517.3
E01029673,387850.4,293872.6
E01029674,386712.7,293477.7
E01029675,387238.8,292684.8
E01029676,387709.7,292826.8
E01029677,387034.8,292013.3
E01029678,386108.2,292585.3
E01029679,386821.8,292464.5
E01029680,386419.7,292166.5
E01029681,389525.1,339776.0
E01029682,388617.2,338270.3
E01029683,391008.5,335702.8
E01029684,394736.3,321857.3
E01029685,395184.1,321600.0
E01029686,394768.2,322266.1
E01029687,397653.7,326965.0
E01029688,386522.6,320046.7
E01029689,392171.7,324422.6
E01029690,392881.5,324876.4
E01029691,391936.4,324242.2
E01029692,392880.4,324131.7
E01029693,393463.9,324125.4
E01029694,392918.7,324385.7
E01029695,383567.3,329038.5
E01029696,377981.7,329947.3
E01029697,382607.0,334111.7
E01029698,382939.6,328734.5
E01029699,392585.4,322321.8
E01029700,393619.1,321973.1
E01029702,394886.0,341274.9
E01029703,395170.8,338080.6
E01029704,393025.8,339895.8
E01029705,393477.2,340052.8
E01029706,382471.9,320188.5
E01029707,382476.6,320406.1
E01029708,379559.1,324827.4
E01029709,383034.9,321268.4
E01029710,400688.9,321820.6
E01029711,401038.2,321513.9
E01029712,400223.8,325888.1
E01029713,399943.8,322723.7
E01029714,390571.6,321838.6
E01029715,390833.9,321427.1
E01029716,391102.9,321684.1
E01029717,391402.8,321296.8
E01029718,391573.5,325928.1
E01029719,391121.6,325545.1
E01029720,391581.2,324869.1
E01029721,391257.2,325043.8
E01029722,393264.7,323333.6
E01029723,394104.2,323245.6
E01029724,393975.2,323789.6
E01029725,392584.4,323682.9
E01029726,392234.1,320312.6
E01029727,392284.7,321228.3
E01029728,391749.3,320795.9
E01029729,392537.2,320591.3
E01029733,395237.9,333140.1
E01029734,392872.6,321417.1
E01029735,393013.0,320908.9
E01029736,391199.9,322909.2
E01029737,391360.0,322120.2
E01029738,392187.9,321862.2
E01029739,391570.6,333229.4
E01029740,390927.8,333329.0
E01029741,391470.9,332591.6
E01029742,388878.2,322777.2
E01029743,391152.9,326435.7
E01029744,389677.0,334525.4
E01029745,390446.9,333918.0
E01029746,390248.1,334691.1
E01029747,386602.5,332849.4
E01029748,385710.3,341846.2
E01029749,386478.9,337695.7
E01029750,390671.6,323628.7
E01029751,390675.4,325192.5
E01029752,390179.5,324013.5
E01029753,389709.9,332906.2
E01029754,390447.0,332670.0
E01029755,389726.2,332423.0
E01029756,389630.0,333464.4
E01029757,394527.5,320543.3
E01029758,394283.0,321951.2
E01029759,394294.8,321047.3
E01029760,394985.6,320870.7
E01029761,407208.0,342053.4
E01029762,392537.1,351986.9
E01029763,388450.8,357265.6
E01029764,389060.9,357039.0
E01029765,388624.1,356859.4
E01029766,388685.3,357675.6
E01029767,390657.0,358040.5
E01029768,388714.3,358673.9
E01029769,389371.1,358905.5
E01029770,389143.6,358007.6
E01029771,388638.7,356496.0
E01029772,387690.4,356283.6
E01029773,387927.6,357818.3
E01029774,388311.3,357986.7
E01029775,390614.0,353565.1
E01029776,392593.6,353546.0
E01029777,391117.5,353177.1
E01029778,395138.6,343772.1
E01029779,394900.0,347799.4
E01029780,393927.6,347619.2
E01029781,401490.3,343836.1
E01029782,401051.6,344002.5
E01029783,401222.0,343005.4
E01029784,401494.3,342492.3
E01029785,400394.2,342407.3
E01029786,400206.5,342982.7
E01029787,400809.4,342920.9
E01029788,402580.0,338561.8
E01029789,397568.8,340224.2
E01029790,401178.3,339823.7
E01029791,400952.0,339488.4
E01029792,397695.5,352324.0
E01029793,397117.2,351857.5
E01029794,396617.4,349703.1
E01029795,404395.2,346403.0
E01029796,401023.9,346897.0
E01029797,400427.5,362246.6
E01029798,396256.6,340978.4
E01029799,396503.8,341642.3
E01029800,395700.1,340896.4
E01029801,408206.8,350762.0
E01029802,394652.4,357959.5
E01029803,402167.5,349964.0
E01029804,398759.5,356397.0
E01029805,399149.0,355964.2
E01029806,399392.7,356445.1
E01029807,398131.9,356928.3
E01029808,399060.0,357033.8
E01029809,399571.1,357574.9
E01029810,399326.5,357298.2
E01029811,398091.6,356004.1
E01029812,398073.0,356390.4
E01029813,397707.6,354996.5
E01029814,397757.2,356661.9
E01029815,397181.7,356489.5
E01029816,397266.7,355845.6
E01029817,408220.8,359031.9
E01029818,393285.6,347264.3
E01029819,393356.6,347550.1
E01029820,423946.5,303800.0
E01029821,423313.0,304308.6
E01029822,422689.7,304353.9
E01029823,422584.9,303947.6
E01029824,423512.6,303955.6
E01029825,422215.4,302976.8
E01029826,421704.7,302236.4
E01029827,421242.5,302484.0
E01029828,421975.0,302470.2
E01029829,422324.2,301799.3
E01029830,422069.7,303388.3
E01029831,421734.8,303774.8
E01029832,422421.6,303509.8
E01029833,421650.1,303261.7
E01029834,421981.6,304216.5
E01029835,420578.0,304023.3
E01029836,419484.2,304212.4
E01029837,420384.6,302586.3
E01029838,421244.8,303278.5
E01029839,420177.6,302400.8
E01029840,422698.4,302688.0
E01029841,423214.1,302934.7
E01029842,423551.8,302504.9
E01029843,423062.9,302480.5
E01029844,423039.7,303559.6
E01029845,422815.7,303081.4
E01029846,419704.0,305669.4
E01029847,418818.8,305007.0
E01029848,419499.1,305244.3
E01029849,420222.1,305319.5
E01029850,420293.1,304761.7
E01029851,420540.2,304447.5
E01029852,420539.4,305717.9
E01029853,420800.5,305188.3
E01029854,421409.4,305308.1
E01029855,424286.9,301835.3
E01029856,423434.7,301856.9
E01029857,423782.3,301446.9
E01029858,424294.7,302351.8
E01029859,423820.0,302197.7
E01029860,421700.8,300861.2
E01029861,421423.5,300230.4
E01029862,421600.4,299791.5
E01029863,421331.5,301899.3
E01029864,421362.9,301392.3
E01029865,423306.6,301117.9
E01029867,422942.6,301021.9
E01029868,423275.5,300372.3
E01029869,422874.6,300250.6
E01029870,610507.2,233502.9
E01029871,614680.2,235078.9
E01029872,610805.5,234051.7
E01029873,620431.6,237247.1
E01029874,624433.3,234043.4
E01029875,596158.8,240878.1
E01029876,599267.3,249900.3
E01029877,608703.6,242993.3
E01029878,612692.0,244755.6
E01029879,611982.2,242083.5
E01029880,590899.0,235494.1
E01029881,585564.5,254020.7
E01029882,607202.5,234972.0
E01029883,609835.8,235764.2
E01029884,582835.8,248142.5
E01029885,583125.3,248179.0
E01029886,588567.3,240762.1
E01029887,588571.7,240279.0
E01029888,588714.4,241145.0
E01029889,589194.4,240598.7
E01029890,589443.9,240190.6
E01029891,588700.0,239713.4
E01029892,602876.8,242849.3
E01029894,603106.6,242000.5
E01029895,603507.1,242166.1
E01029896,603086.9,242454.2
E01029897,616887.3,236357.2
E01029898,591528.5,249131.6
E01029899,594914.4,236545.3
E01029900,586793.4,245832.8
E01029901,586243.9,245181.0
E01029902,602345.0,239480.3
E01029903,609410.1,238385.2
E01029904,609070.9,238229.9
E01029905,604678.5,234574.2
E01029906,597289.5,234577.0
E01029907,593466.8,252305.7
E01029908,614020.5,241830.3
E01029909,613164.1,242513.7
E01029910,613371.6,242488.1
E01029911,603149.1,246608.4
E01029912,587824.9,241987.4
E01029913,587972.1,241750.3
E01029914,588148.7,242554.8
E01029915,587264.4,241957.1
E01029916,587464.0,242510.4
E01029917,586901.8,242702.9
E01029918,588121.6,241198.4
E01029919,586563.5,240777.4
E01029920,587207.4,241334.1
E01029921,590350.3,243297.6
E01029922,590795.1,243634.6
E01029923,589591.9,244676.0
E01029925,564547.6,263081.7
E01029926,579423.1,286479.2
E01029927,578498.6,286328.1
E01029928,579105.7,286056.2
E01029929,577511.2,285953.4
E01029930,577113.8,285610.4
E01029937,561739.0,265688.7
E01029938,571719.2,275352.1
E01029939,570682.0,275256.1
E01029940,571338.4,275448.8
E01029941,574034.0,268274.1
E01029942,571870.8,282521.2
E01029944,571618.7,283227.0
E01029945,570685.3,273809.4
E01029946,571878.1,275070.9
E01029947,571141.2,274667.2
E01029949,563450.6,263349.9
E01029950,563945.2,263553.0
E01029951,563127.3,263831.3
E01029952,563441.4,264209.9
E01029953,563235.1,265355.7
E01029955,563819.7,264414.2
E01029956,563268.0,265656.4
E01029957,570156.1,266007.5
E01029958,618160.0,244612.9
E01029960,617455.6,244793.1
E01029961,617923.4,244318.1
E01029962,617302.9,244549.4
E01029963,619362.7,245353.2
E01029964,618648.0,245194.6
E01029965,619624.2,244291.9
E01029966,619413.4,243683.4
E01029967,619844.1,243393.6
E01029968,616225.5,243525.9
E01029969,616118.4,242598.9
E01029970,615719.7,243118.2
E01029971,615650.1,242612.3
E01029973,615880.2,246488.6
E01029974,615223.8,245949.3
E01029975,615133.7,246826.4
E01029976,614560.9,246671.8
E01029977,614990.8,246459.0
E01029978,618683.0,242256.4
E01029979,618208.9,242170.2
E01029980,617635.6,242331.9
E01029981,618515.6,241709.6
E01029982,618114.0,241811.4
E01029983,618395.8,242664.3
E01029984,614364.1,244241.0
E01029985,615295.1,244030.6
E01029986,614590.6,243779.8
E01029987,614588.1,243542.0
E01029988,615466.8,244653.9
E01029990,618059.8,243908.8
E01029991,617811.7,242983.5
E01029992,617969.2,243410.1
E01029994,618982.7,242680.8
E01029995,618566.3,243351.5
E01029996,618829.0,243018.1
E01029997,617863.1,245678.9
E01029998,618934.9,246072.2
E01029999,618546.3,245530.1
E01030000,617780.3,245288.5
E01030001,618246.4,246198.0
E01030002,618069.3,244957.1
E01030003,618617.8,244782.4
E01030004,618979.4,244646.2
E01030005,618679.9,243899.2
E01030006,618675.7,244295.5
E01030007,617104.8,245220.2
E01030008,616460.3,245907.0
E01030009,615641.0,245503.6
E01030010,616868.2,244915.8
E01030011,617274.1,246124.3
E01030012,614319.6,242986.0
E01030013,613972.9,243295.8
E01030014,613555.9,243149.3
E01030015,613657.7,242518.8
E01030016,613927.0,242679.8
E01030017,614298.6,242410.9
E01030018,614609.8,242714.4
E01030019,615293.3,242529.1
E01030020,614835.9,242223.5
E01030021,614830.5,241795.4
E01030022,614872.2,245408.3
E01030023,615181.1,245009.5
E01030024,615461.1,245073.1
E01030025,615924.5,245042.7
E01030026,614714.8,245681.8
E01030027,614253.0,245649.5
E01030028,613604.2,246030.8
E01030029,613978.2,246304.3
E01030030,613917.7,245766.8
E01030031,613786.9,246785.5
E01030032,614485.1,247146.8
E01030033,615649.4,247133.3
E01030034,615546.8,247611.1
E01030035,614541.6,247528.1
E01030036,614983.3,247333.0
E01030037,605092.8,262665.0
E01030038,605655.1,267179.1
E01030039,604228.8,268379.9
E01030040,598985.9,268977.4
E01030041,607810.0,250100.6
E01030042,612450.0,246729.3
E01030043,612046.4,250473.7
E01030044,612299.9,246742.3
E01030045,613441.9,249818.0
E01030046,614543.8,251491.2
E01030047,613029.8,250209.7
E01030048,617171.8,263116.4
E01030049,596140.2,265525.4
E01030050,599150.4,263952.3
E01030051,599157.0,263461.7
E01030052,614501.7,274083.3
E01030053,626359.1,278245.0
E01030054,608094.2,276825.6
E01030055,607857.3,271870.6
E01030056,602852.8,262184.6
E01030057,615913.8,256617.6
E01030058,619387.6,275688.6
E01030059,610189.6,265825.5
E01030060,608386.4,255425.1
E01030061,608739.5,254903.6
E01030062,608954.1,254384.9
E01030063,601639.4,258374.3
E01030064,612281.2,277503.1
E01030065,596814.7,258742.7
E01030066,604248.8,276390.2
E01030067,604550.0,275518.0
E01030068,600600.4,271349.7
E01030069,603479.8,255618.4
E01030070,603375.3,251317.1
E01030071,605144.2,258171.6
E01030072,603734.5,258816.4
E01030073,604253.0,258639.9
E01030075,603700.0,259621.7
E01030076,604453.0,259494.6
E01030077,604411.8,259149.6
E01030078,605476.9,257436.3
E01030079,604685.9,257314.1
E01030080,604876.9,257551.5
E01030081,606790.0,260089.3
E01030083,611378.3,259075.1
E01030084,591669.9,265394.4
E01030085,592262.4,265164.5
E01030086,593430.1,262631.4
E01030087,612689.4,266553.5
E01030088,614231.7,269884.3
E01030089,597558.2,262199.1
E01030090,621729.8,267712.3
E01030091,585282.4,263981.8
E01030092,584751.7,264042.1
E01030093,585821.2,263584.5
E01030094,589679.2,277120.2
E01030095,594271.9,273778.7
E01030096,597856.8,276098.3
E01030097,598838.4,278573.4
E01030098,576606.6,263539.2
E01030099,580353.1,247101.5
E01030100,579523.8,258242.2
E01030101,576948.2,245515.4
E01030104,588967.4,267067.4
E01030105,567768.0,245482.2
E01030106,568215.4,245302.8
E01030107,568676.6,245267.5
E01030108,567540.8,245897.9
E01030109,566256.5,245550.9
E01030110,566486.7,246249.9
E01030111,566900.2,246419.3
E01030112,567158.7,246182.0
E01030113,567134.1,245157.9
E01030114,566443.6,244937.0
E01030115,566195.2,245148.1
E01030116,565297.1,245776.2
E01030117,565631.3,246258.1
E01030118,565923.2,246178.1
E01030119,586114.0,260710.2
E01030121,593375.0,270610.0
E01030122,570504.0,246739.6
E01030123,583984.7,263883.2
E01030124,583678.2,264167.0
E01030125,583208.5,264603.2
E01030127,586933.7,264862.2
E01030128,587431.6,264800.2
E01030129,587090.5,263954.7
E01030130,584821.2,266157.1
E01030131,584513.7,266264.3
E01030132,589522.9,274260.2
E01030133,592324.7,268084.4
E01030134,580094.0,266524.1
E01030135,583566.8,270490.7
E01030137,585153.1,265387.4
E01030138,590808.0,260940.6
E01030139,584308.2,265706.7
E01030140,584022.0,265328.3
E01030141,584074.0,266015.5
E01030142,585570.6,262829.2
E01030143,586007.8,262699.8
E01030144,586350.5,262771.9
E01030145,596490.8,273469.1
E01030146,596985.0,273437.6
E01030147,584557.7,263355.0
E01030148,583481.7,263424.3
E01030149,583935.9,263250.1
E01030150,574720.8,255942.7
E01030151,567263.4,248959.3
E01030152,645570.1,257806.3
E01030153,645889.2,257242.0
E01030154,625317.5,259928.4
E01030155,626698.9,249992.6
E01030158,631764.8,236105.2
E01030159,629856.9,235315.7
E01030160,629487.5,235708.6
E01030161,629285.1,235449.7
E01030162,629814.9,234169.1
E01030163,629334.3,233391.0
E01030164,629811.9,234705.8
E01030165,630351.7,234719.4
E01030166,631004.8,235190.9
E01030167,630752.5,234866.8
E01030168,628995.9,235039.6
E01030169,628647.5,235255.9
E01030170,629196.4,234346.4
E01030171,628613.4,234383.6
E01030172,628118.4,263342.5
E01030173,628549.5,263371.3
E01030174,628255.7,267083.1
E01030175,622472.7,250523.3
E01030176,632777.1,261339.5
E01030179,622252.1,245062.8
E01030180,622271.8,245522.1
E01030181,623131,245355.0
E01030183,621133.3,245154.4
E01030184,621664.1,245194.1
E01030185,626134.8,248942.0
E01030186,644062.3,261660.3
E01030187,644945.0,262270.9
E01030188,644493.6,262450.8
E01030189,644207.2,262807.8
E01030190,624824.5,246480.2
E01030191,624356.6,245521.6
E01030192,624211.4,244869.5
E01030193,628696.3,252046.7
E01030194,628192.4,250431.2
E01030195,627282.7,250135.7
E01030196,620476.3,242381.2
E01030197,621864.0,240891.7
E01030198,626703.7,243114.3
E01030199,640437.2,252868.5
E01030200,623130.3,253762.1
E01030201,634329.0,273299.2
E01030203,626463.2,248552.7
E01030204,620505.6,244413.2
E01030205,620813.7,244246.1
E01030206,620305.4,243687.5
E01030207,620429.1,245677.1
E01030208,638699.6,264783.2
E01030209,638574.6,263263.4
E01030210,637866.5,263268.5
E01030211,627308.8,249226.4
E01030212,638872.1,259877.5
E01030214,628333.3,236541.4
E01030215,627836.9,236880.1
E01030216,628333.2,236200.9
E01030217,627931.6,239559.0
E01030218,627405.1,237829.1
E01030219,642723.6,275238.8
E01030220,630151.6,256032.3
E01030221,618458.5,249946.4
E01030222,641479.8,269164.9
E01030223,642780.1,289991.4
E01030224,642150.1,289861.7
E01030225,642338.5,290720.5
E01030226,642991.3,289064.4
E01030227,643022.1,289450.2
E01030228,642366.0,289185.5
E01030229,640752.3,278489.1
E01030230,633787.9,289532.7
E01030231,634737.0,289232.7
E01030232,633991.1,288759.8
E01030233,651906.2,291066.5
E01030234,651258.8,291228.2
E01030235,651654.1,291738.1
E01030236,651429.4,290004.7
E01030237,650956.7,290501.3
E01030238,651870.1,290414.7
E01030239,652321.2,290166.6
E01030240,654666.3,295018.2
E01030241,654073.5,297299.5
E01030242,654020.8,295561.9
E01030243,638794.7,278146.0
E01030244,638710.5,277290.2
E01030245,638416.6,276668.7
E01030246,654661.7,293960.9
E01030247,655028.1,293847.2
E01030248,654829.3,294217.9
E01030249,654755.3,293585.1
E01030250,654584.5,293167.7
E01030251,653249.7,286368.1
E01030252,652392.5,286667.3
E01030253,652832.7,286989.9
E01030254,654158.4,292022.0
E01030255,653509.7,292300.9
E01030256,654173.2,291619.1
E01030257,653722.8,291687.8
E01030258,654461.2,292274.1
E01030259,651548.0,297754.1
E01030260,651031.9,297124.1
E01030261,654084.3,293734.0
E01030262,654078.6,294173.0
E01030263,653401.3,293875.8
E01030264,654111.6,293300.8
E01030265,654267.6,293096.0
E01030266,652570.5,294946.2
E01030267,651935.6,294007.9
E01030268,651613.0,293589.3
E01030269,651667.8,293233.5
E01030270,652462.4,293289.7
E01030271,652780.1,294029.0
E01030272,653547.5,290264.0
E01030273,652947.0,290270.7
E01030274,652937.0,290802.9
E01030275,653432.4,291241.1
E01030276,653908.7,290886.5
E01030277,654147.2,294754.0
E01030278,653612.0,294544.2
E01030279,653801.1,294925.4
E01030280,652966.0,294599.3
E01030281,653251.5,295526.3
E01030283,649903.2,277764.4
E01030285,634381.2,283131.5
E01030286,641886.5,287152.5
E01030287,652840.1,291367.2
E01030288,652372.2,291516.4
E01030289,652573.4,292409.1
E01030290,652568.0,292136.9
E01030291,652981.9,291811.8
E01030292,643766.1,289511.8
E01030293,646654.3,289587.0
E01030294,644344.8,289633.1
E01030295,649367.1,282685.3
E01030296,516337.6,163575.3
E01030297,515241.3,163911.6
E01030298,515866.8,163780.9
E01030299,515752.6,163035.2
E01030300,510978.0,160603.0
E01030301,511309.0,160425.6
E01030302,510737.5,159936.2
E01030303,511863.0,159652.0
E01030304,510301.6,160703.1
E01030305,512708.1,160957.6
E01030306,511801.0,161139.3
E01030307,514328.1,164328.5
E01030308,513628.9,164597.3
E01030309,513047.7,163734.2
E01030310,513659.1,165813.6
E01030311,512024.3,164581.1
E01030312,512026.6,164960.4
E01030313,511298.7,164813.0
E01030314,510623.4,164775.3
E01030315,511043.5,163915.8
E01030316,510819.5,164233.9
E01030317,511547.4,164186.7
E01030318,509642.0,163127.0
E01030319,516261.6,165399.8
E01030320,515617.4,165686.6
E01030321,515473.8,165111.3
E01030322,516961.7,166989.3
E01030323,517379.6,166460.4
E01030324,517072.8,166341.7
E01030325,516523.9,166034.8
E01030326,515021.8,168220.6
E01030327,514479.0,167959.8
E01030328,514990.1,167582.9
E01030329,514419.0,168500.5
E01030330,513403.0,168795.6
E01030331,512831.0,168461.7
E01030332,513796.2,168517.0
E01030333,513911.8,168970.1
E01030334,512933.8,167553.0
E01030335,513853.9,167902.5
E01030336,512993.6,168033.4
E01030337,513517.9,168145.2
E01030338,508778.2,164814.6
E01030339,508767.9,165178.6
E01030340,509025.5,164370.2
E01030341,509321.0,165319.3
E01030342,514770.5,160714.0
E01030343,512588.2,159371.4
E01030344,513449.6,160914.1
E01030345,513951.0,160174.8
E01030346,507904.9,161824.1
E01030347,507276.8,163021.4
E01030348,508108.9,163804.8
E01030349,508840.4,163827.7
E01030350,516256.7,167047.5
E01030351,515678.5,167557.5
E01030352,515712.2,166851.3
E01030353,516252.8,166452.8
E01030354,511191.8,166127.1
E01030355,511748.1,166090.5
E01030356,510966.2,166461.2
E01030357,509971.8,166759.6
E01030358,510423.5,166657.8
E01030360,509784.6,166206.3
E01030361,510870.3,167084.2
E01030362,512580.3,166674.7
E01030363,510442.6,167124.2
E01030364,511112.1,166980.3
E01030365,511771.3,165505.0
E01030366,510491.8,165145.6
E01030367,510897.2,165511.0
E01030368,511383.6,165828.2
E01030369,514510.6,166263.5
E01030370,515157.0,166407.3
E01030371,507889.0,164982.7
E01030372,507328.6,165045.5
E01030373,507611.9,165385.3
E01030374,507270.1,164573.2
E01030375,508090.1,164378.3
E01030376,507519.9,164112.4
E01030377,521594.2,164408.4
E01030378,521943.4,164577.2
E01030379,521896.7,160417.0
E01030380,521707.9,159658.6
E01030381,521369.8,160131.1
E01030382,521880.4,161005.8
E01030384,520269.3,161818.3
E01030385,520673.9,162013.8
E01030386,521635.1,165329.9
E01030387,522081.4,165092.4
E01030388,520840.9,165254.0
E01030389,521985.3,165744.4
E01030390,521925.7,163113.0
E01030391,521639.3,161553.6
E01030392,521921.6,162334.6
E01030393,520761.2,164803.2
E01030394,520887.8,164166.4
E01030395,521462.4,163812.4
E01030396,522434.4,161677.2
E01030398,522920.6,162671.8
E01030399,520012.7,164171.8
E01030400,520141.4,164579.2
E01030401,519661.1,163718.8
E01030402,519225.9,161465.7
E01030403,520168.1,161362.2
E01030404,519943.9,160672.7
E01030405,519250.0,160059.1
E01030406,522186.6,163554.3
E01030407,522439.4,163810.9
E01030408,522548.7,164288.2
E01030409,520740.3,161202.0
E01030410,521241.2,161393.2
E01030412,521341.5,160834.1
E01030413,521282.4,162685.2
E01030414,520524.7,163691.1
E01030415,521060.5,163032.0
E01030416,520706.8,163251.2
E01030417,520478.0,159382.2
E01030418,521056.2,157739.2
E01030419,520586.0,160170.1
E01030420,520015.1,159859.1
E01030421,489833.6,150237.9
E01030422,488631.8,149545.1
E01030423,488801.6,149108.0
E01030424,488719.2,150321.4
E01030425,489191.6,150187.8
E01030426,488917.5,152068.3
E01030427,489065.2,152486.9
E01030428,489222.0,153657.6
E01030429,488983.7,153195.1
E01030430,489419.2,152061.3
E01030431,489391.5,151295.7
E01030432,489790.3,151116.2
E01030433,489222.3,150716.2
E01030434,501741.1,152596.6
E01030435,501905.6,152038.3
E01030436,501214.6,151836.8
E01030437,501434.0,150128.4
E01030438,500755.7,150389.3
E01030439,501268.0,150901.5
E01030440,504711.3,152574.1
E01030441,507875.0,152866.4
E01030442,509740.8,153585.6
E01030443,509775.4,155188.0
E01030444,508453.0,154797.0
E01030445,509368.5,153643.1
E01030446,511256.4,153641.2
E01030447,512219.6,153281.4
E01030448,499015.4,149076.3
E01030449,499358.0,149034.6
E01030450,499594.9,150403.6
E01030451,499636.2,149935.5
E01030452,498999.7,149696.0
E01030453,500626.6,149694.9
E01030454,500906.0,149400.3
E01030455,500152.5,149573.5
E01030456,500232.8,148854.8
E01030457,500013.8,150025.9
E01030458,504811.6,156314.5
E01030459,504996.6,156577.6
E01030460,501854.0,150663.3
E01030461,502418.9,150351.0
E01030462,502559.4,151170.4
E01030463,502340.4,151582.7
E01030464,502096.3,151143.2
E01030465,492025.4,151095.2
E01030466,493119.7,150700.7
E01030467,497804.8,149198.6
E01030468,498671.9,150094.8
E01030469,498353.0,149576.4
E01030470,496963.2,149614.3
E01030471,489133.4,147237.6
E01030472,493566.8,145884.9
E01030473,494618.7,155694.2
E01030474,492925.4,157033.6
E01030475,503412.8,154932.4
E01030476,504000.9,155352.9
E01030477,502393.3,155677.6
E01030478,496439.9,146789.9
E01030479,501684.6,147075.1
E01030480,500260.2,146746.2
E01030481,499114.7,152317.6
E01030482,499748.7,152005.1
E01030483,499309.4,151568.8
E01030484,499722.7,151468.7
E01030485,498569.5,151604.0
E01030486,498051.8,152022.8
E01030487,498646.5,151229.2
E01030488,498494.1,152649.6
E01030489,498615.4,152127.6
E01030490,504375.9,147139.7
E01030491,507670.1,147692.9
E01030492,509317.4,145714.3
E01030493,497993.5,151174.5
E01030494,496849.9,150579.4
E01030495,498299.2,150943.0
E01030496,497331.1,150584.6
E01030497,497779.9,150498.8
E01030498,497822.4,151478.9
E01030499,496440.3,152391.0
E01030500,497383.3,151184.4
E01030501,497781.4,152621.0
E01030502,495630.9,151330.7
E01030503,496501.5,150956.9
E01030504,499796.5,153028.4
E01030505,517385.4,158420.2
E01030506,518507.6,159256.9
E01030507,517797.6,158891.7
E01030508,519326.4,158015.2
E01030509,518660.6,157913.3
E01030510,517978.1,157203.6
E01030511,517604.5,157792.1
E01030512,518054.3,158245.6
E01030513,518863.7,158964.0
E01030514,518662.4,158565.9
E01030515,517585.2,143443.0
E01030516,513267.7,155085.8
E01030517,512787.0,155396.8
E01030518,513762.9,155440.7
E01030519,512834.8,154687.3
E01030520,513699.2,154074.8
E01030521,513270.7,154107.3
E01030522,514298.0,154849.2
E01030523,514133.0,154244.0
E01030524,519954.6,152099.7
E01030525,519567.2,149918.1
E01030526,519976.6,148514.0
E01030527,521327.6,150362.3
E01030528,520040.0,142117.7
E01030529,517329.8,140336.1
E01030530,522044.0,146237.4
E01030531,524808.2,141404.1
E01030532,516434.0,149817.8
E01030533,516964.0,150111.9
E01030534,516285.6,149514.9
E01030535,516270.0,148761.6
E01030536,516595.2,148393.6
E01030537,517139.1,149534.4
E01030538,516387.0,149215.3
E01030539,515178.6,156457.7
E01030540,515183.7,155605.7
E01030541,514291.1,155819.5
E01030542,514611.4,156310.0
E01030543,514223.4,156336.1
E01030544,517082.3,145384.2
E01030545,517253.2,147464.9
E01030546,517434.9,147925.6
E01030547,516998.3,147852.2
E01030548,516099.1,157523.7
E01030549,516361.4,157298.0
E01030550,516704.1,156893.8
E01030551,516423.1,158083.6
E01030552,516928.3,156550.3
E01030553,517065.4,156210.2
E01030554,517373.2,155621.2
E01030555,511998.6,145587.6
E01030556,516944.8,151609.2
E01030557,513680.9,139250.4
E01030558,514235.8,148749.3
E01030559,525205.1,159172.1
E01030560,525159.5,159807.5
E01030561,525922.0,160057.1
E01030562,524924.6,158930.5
E01030563,526267.7,161305.8
E01030564,525474.5,160005.8
E01030565,527115.2,159945.3
E01030566,527588.7,159438.3
E01030567,527752.3,157484.7
E01030568,527799.4,158696.3
E01030569,529367.7,156396.3
E01030570,527756.7,147831.3
E01030571,528165.1,147467.7
E01030572,528372.2,147961.0
E01030573,528198.1,149436.9
E01030574,527799.0,149307.8
E01030576,528494.0,144119.2
E01030577,528827.2,142574.6
E01030578,528440.4,142256.6
E01030579,528036.9,142623.2
E01030580,528882.3,143890.6
E01030581,529395.1,143975.4
E01030582,529478.3,143525.1
E01030583,529385.1,142510.7
E01030585,527977.3,144269.1
E01030586,527317.2,143676.2
E01030587,527970.4,143715.4
E01030588,527608.4,143261.3
E01030589,525268.1,156363.4
E01030590,524889.5,153731.5
E01030591,524588.6,154888.5
E01030592,524417.7,157532.4
E01030593,527261.7,149299.6
E01030594,526041.3,149152.9
E01030595,526589.9,149101.3
E01030596,526371.9,149732.8
E01030597,525839.4,149719.5
E01030598,529032.6,153278.6
E01030599,529567.0,153019.3
E01030600,529662.5,152658.1
E01030601,529962.2,153051.7
E01030602,529243.3,152262.4
E01030603,523756.7,160082.8
E01030604,524077.9,159929.9
E01030605,523311.3,159684.0
E01030606,522983.0,159258.5
E01030607,524400.6,159459.7
E01030608,523081.7,157074.1
E01030609,523580.8,157443.3
E01030610,528532.4,152002.9
E01030613,527742.8,150001.3
E01030614,528353.5,149996.4
E01030615,527664.6,150583.4
E01030616,527076.6,151164.9
E01030617,527649.5,151080.4
E01030618,527935.6,151812.5
E01030619,527403.6,151414.2
E01030620,525465.7,150260.3
E01030621,526294.1,150355.5
E01030622,527179.8,150328.7
E01030623,524752.7,150624.0
E01030624,526355.3,150740.5
E01030625,526287.6,151657.0
E01030626,525213.8,151311.7
E01030627,525612.3,150843.8
E01030628,527798.7,146033.1
E01030629,528248.1,146443.1
E01030630,525425.5,148836.7
E01030631,525038.2,148847.7
E01030632,525499.6,148358.5
E01030633,525876.2,148415.6
E01030634,526300.0,148345.5
E01030635,522332.1,154935.9
E01030636,523641.9,156991.8
E01030637,522816.1,156573.1
E01030638,523454.3,156286.1
E01030639,522953.4,155755.8
E01030640,523361.7,157827.2
E01030641,522833.9,158348.6
E01030642,523327.4,158306.7
E01030643,522858.3,157480.7
E01030644,524240.3,158524.8
E01030645,505133.1,164435.6
E01030646,505677.8,164645.1
E01030647,506091.6,164725.1
E01030648,504621.3,164696.0
E01030649,505292.7,164932.8
E01030650,504622.3,165034.2
E01030651,504725.0,165830.3
E01030652,504623.3,166260.3
E01030653,504149.5,166371.4
E01030654,505122.2,166479.7
E01030655,503405.8,165639.6
E01030656,503471.0,166990.9
E01030657,503641.5,166636.3
E01030658,504926.5,167132.4
E01030659,504044.2,167108.5
E01030660,504291.2,163734.9
E01030661,503709.1,163503.2
E01030662,503749.4,164231.0
E01030663,502976.0,170854.9
E01030664,502075.5,171091.4
E01030665,502407.8,171061.9
E01030666,502842.1,171299.9
E01030667,501209.3,171085.1
E01030668,501295.3,171580.4
E01030669,500588.7,170991.5
E01030670,500679.2,170684.5
E01030671,499526.6,170683.7
E01030672,499927.9,170900.2
E01030673,499054.1,171392.1
E01030674,498958.8,170958.6
E01030675,499088.0,170466.0
E01030676,498703.5,170678.5
E01030677,501695.2,166123.6
E01030678,502627.1,163888.2
E01030679,501813.7,163739.6
E01030680,502539.1,163541.5
E01030681,505251.6,162404.5
E01030682,504609.6,162342.6
E01030683,505439.4,163173.8
E01030684,504858.7,163986.9
E01030685,502001.9,168697.6
E01030686,503399.6,169724.0
E01030687,501927.2,170383.6
E01030688,502335.2,170405.8
E01030689,499913.6,168094.0
E01030690,500387.7,168084.9
E01030691,499433.5,167240.7
E01030692,498703.3,168215.1
E01030693,504218.4,161740.2
E01030694,504743.7,161946.9
E01030695,503654.1,161743.9
E01030696,504167.8,162176.5
E01030697,508304.6,171016.4
E01030698,508372.5,170624.2
E01030699,508861.6,170941.7
E01030700,508912.3,170538.3
E01030701,507889.6,171087.4
E01030702,507469.6,171270.8
E01030703,507721.8,171648.7
E01030704,507193.6,171526.0
E01030705,507490.9,170872.2
E01030706,508295.3,171602.1
E01030707,506216.1,172553.6
E01030708,505904.0,172187.5
E01030709,506719.3,173315.2
E01030710,506284.5,173417.7
E01030711,506231.3,173076.2
E01030712,506755.3,171791.7
E01030713,506385.0,171555.1
E01030714,505896.7,171821.2
E01030715,506090.4,171317.0
E01030716,506588.6,171272.4
E01030717,509451.1,169200.2
E01030718,509868.9,169377.7
E01030719,509083.8,168228.4
E01030720,510265.4,168395.1
E01030721,505495.6,168875.4
E01030722,508187.0,169066.9
E01030723,506926.0,168030.2
E01030724,507341.8,167760.1
E01030725,508836.2,170043.2
E01030726,504677.6,170266.5
E01030727,503903.3,170442.4
E01030728,504121.6,169969.6
E01030729,505523.2,170155.6
E01030730,507602.1,167151.3
E01030731,508596.5,167605.7
E01030732,508735.1,167034.4
E01030733,508120.1,167165.3
E01030734,504505.0,171908.0
E01030735,503267.4,172037.3
E01030737,504576.1,171379.8
E01030738,504010.4,171059.9
E01030739,505671.1,170538.4
E01030740,505582.7,171032.6
E01030741,505017.0,170813.0
E01030742,504577.3,170643.8
E01030743,505626.8,174315.3
E01030744,506068.1,174174.0
E01030745,505692.9,173559.8
E01030746,506061.4,173818.5
E01030747,504113.3,174641.8
E01030748,509932.3,170808.3
E01030749,510301.3,170840.2
E01030750,509639.1,170791.0
E01030751,509798.7,170307.0
E01030752,509571.6,170110.1
E01030753,510907.6,168894.4
E01030754,510468.3,169527.1
E01030755,510845.5,169697.7
E01030756,511446.8,169291.4
E01030757,491279.2,162548.9
E01030758,491440.3,163584.6
E01030759,491315.8,163103.6
E01030760,490712.8,162828.3
E01030761,495126.6,159025.2
E01030762,495223.8,159602.2
E01030763,497309.1,162912.3
E01030764,497345.0,161722.0
E01030765,497630.3,162453.4
E01030766,487702.7,157911.1
E01030767,488454.4,157953.0
E01030768,488069.7,158328.3
E01030769,488831.7,158339.7
E01030770,489019.9,156865.1
E01030771,489023.4,157591.4
E01030772,488590.6,157392.1
E01030773,488490.6,156863.6
E01030774,490666.7,159194.0
E01030775,490023.2,159383.1
E01030776,490574.8,160114.8
E01030777,490348.7,159834.2
E01030778,492405.1,161834.1
E01030779,493166.6,161967.9
E01030780,491927.8,161473.7
E01030781,492618.7,162305.0
E01030782,488762.3,155708.3
E01030783,489099.1,155269.5
E01030784,490736.7,157733.5
E01030785,489020.7,154684.0
E01030786,488913.6,161837.1
E01030787,488506.8,161734.1
E01030788,489238.0,162219.4
E01030789,489093.6,159792.2
E01030790,488832.4,159098.6
E01030791,488247.0,158851.5
E01030792,490132.4,160762.2
E01030793,486417.3,160147.7
E01030794,486693.4,159815.2
E01030795,487030.2,160355.4
E01030796,489606.9,161159.8
E01030797,489803.6,161558.5
E01030798,488806.2,160878.8
E01030799,488515.8,160264.1
E01030800,487660.5,160307.9
E01030801,487630.3,161232.7
E01030802,487928.9,160978.0
E01030803,486878.0,159126.0
E01030804,487458.9,159589.0
E01030805,486895.9,158576.3
E01030806,494111.7,160813.8
E01030807,495050.3,160929.1
E01030808,494788.2,160714.4
E01030809,493626.3,163610.2
E01030810,492724.2,164841.5
E01030811,494002.9,163997.8
E01030812,533289.4,150469.4
E01030813,530541.0,149780.4
E01030814,530552.0,148772.2
E01030815,532119.9,150983.8
E01030816,533018.5,143252.5
E01030817,531332.3,143575.9
E01030818,531739.1,143324.9
E01030819,531924.0,141577.7
E01030820,532296.4,155055.0
E01030821,540459.5,142271.6
E01030822,539385.5,141264.5
E01030823,536335.0,139863.4
E01030824,535121.8,152297.1
E01030825,535019.4,151618.4
E01030826,536510.8,148474.9
E01030827,536015.8,146098.3
E01030828,533574.5,154452.8
E01030829,534062.0,155052.1
E01030830,534475.1,154720.5
E01030831,540180.7,152884.4
E01030832,542246.4,152026.7
E01030833,538412.8,143541.2
E01030834,538913.7,144500.1
E01030835,539049.0,143958.0
E01030836,539259.7,153025.5
E01030837,538819.8,153655.9
E01030838,538427.8,151840.4
E01030839,539096.8,152446.8
E01030840,540377.8,151378.4
E01030841,539849.8,151512.0
E01030842,540540.4,150779.3
E01030843,540092.2,150615.1
E01030844,532928.6,156970.3
E01030845,532650.2,156697.1
E01030846,533213.6,156656.3
E01030847,533480.7,155693.9
E01030848,533038.7,155773.9
E01030850,534105.3,155893.8
E01030851,534361.9,156556.0
E01030852,536864.5,159174.5
E01030853,535460.8,158930.6
E01030854,536288.3,158568.7
E01030855,534919.9,157868.7
E01030856,535027.4,158671.7
E01030857,532285.7,156526.2
E01030858,532656.5,156038.0
E01030859,534168.3,157755.9
E01030861,536902.9,155928.9
E01030862,504124.0,135209.5
E01030863,502034.9,145536.5
E01030864,498515.0,141192.6
E01030865,500893.9,144587.9
E01030866,501119.9,144813.4
E01030867,500325.5,136090.2
E01030868,495455.6,136021.0
E01030869,495845.6,135488.3
E01030870,506874.4,138646.7
E01030871,506833.3,139538.6
E01030872,506220.3,139602.0
E01030873,506548.4,138973.8
E01030874,505202.0,140168.2
E01030875,504806.3,139105.4
E01030876,506207.2,138332.9
E01030877,490752.1,143508.4
E01030878,491157.4,143350.9
E01030879,491706.6,138384.5
E01030880,509250.9,140499.5
E01030881,484699.6,144319.6
E01030882,484165.1,144909.5
E01030883,484953.6,145353.6
E01030884,483238.3,146515.0
E01030885,483851.5,146858.9
E01030886,482848.8,146699.3
E01030887,484065.3,145552.2
E01030888,484546.1,146398.1
E01030889,483893.9,145890.1
E01030890,484802.2,149446.7
E01030891,484525.8,149082.3
E01030892,484848.7,148730.7
E01030893,485052.4,147515.4
E01030894,485718.7,146509.6
E01030895,484404.5,147270.2
E01030896,483251.6,145533.6
E01030897,483312.7,144988.3
E01030898,483247.1,144144.3
E01030899,483760.6,148911.0
E01030900,483244.1,148768.2
E01030901,483819.9,149330.3
E01030902,485546.8,148944.6
E01030903,486411.5,148491.4
E01030904,485397.0,149284.2
E01030905,482691.4,145178.7
E01030906,482606.6,144565.8
E01030907,482705.4,143361.8
E01030908,487269.0,142334.3
E01030909,483950.4,141694.5
E01030910,485723.0,138289.1
E01030911,497330.1,145469.0
E01030912,497072.9,145882.3
E01030913,497798.3,145785.6
E01030914,496173.4,143609.5
E01030915,495893.1,143098.0
E01030916,497278.8,143779.2
E01030917,496631.8,144768.4
E01030918,497218.9,144634.7
E01030919,496430.9,145083.8
E01030920,497553.4,145240.1
E01030921,497844.9,144854.7
E01030922,498042.1,144310.3
E01030923,497462.5,143044.9
E01030924,496576.7,143074.3
E01030925,496923.8,142743.1
E01030926,488558.7,132992.4
E01030927,487839.7,132811.1
E01030928,489110.2,132736.2
E01030929,488670.2,133632.5
E01030930,490648.3,132545.5
E01030931,489924.9,132831.3
E01030932,490870.7,133967.9
E01030933,490310.3,133531.2
E01030934,487691.0,136768.1
E01030935,487232.4,136820.3
E01030937,494502.2,142407.1
E01030938,494791.4,141927.6
E01030939,494200.4,141102.9
E01030940,503074.4,143674.4
E01030941,494760.4,138659.9
E01030942,495941.5,139408.1
E01030943,494406.9,140317.9
E01030944,496014.4,157133.2
E01030945,495021.8,157081.5
E01030946,506136.4,160758.2
E01030947,506539.4,160268.4
E01030948,506495.8,160869.6
E01030949,505975.1,161493.6
E01030950,506656.1,161254.6
E01030951,498697.3,158818.5
E01030952,498871.0,158986.4
E01030953,498576.3,158527.7
E01030954,499905.4,158517.6
E01030955,499122.1,158248.9
E01030956,497728.6,159223.1
E01030957,497445.8,159032.4
E01030958,497898.9,158764.0
E01030959,498099.7,158489.6
E01030960,497234.1,158156.2
E01030961,497085.3,157628.9
E01030962,497669.3,158235.3
E01030963,500251.1,159861.5
E01030964,500752.3,159634.4
E01030965,502300.1,160774.7
E01030966,499452.5,159601.7
E01030967,498965.2,159658.0
E01030968,500114.5,159253.3
E01030969,499581.8,159016.2
E01030970,499279.4,158808.1
E01030971,500134.7,157127.8
E01030972,500978.2,157398.1
E01030974,497012.0,158689.3
E01030975,497126.3,158985.3
E01030976,496731.5,158458.7
E01030977,496313.4,158649.8
E01030978,495595.8,158039.3
E01030979,496362.5,158048.8
E01030980,501426.2,159398.6
E01030981,502249.7,159268.7
E01030983,501071.7,159224.6
E01030984,502814.4,160449.3
E01030986,499969.4,156216.7
E01030987,499338.3,155503.9
E01030988,501282.9,158831.0
E01030989,501981.6,158938.7
E01030990,501345.6,158209.0
E01030991,500296.2,157900.1
E01030992,499967.3,157691.8
E01030994,501863.5,157245.1
E01030995,501438.9,157106.7
E01030996,502966.2,159396.1
E01030997,504351.1,159234.4
E01030998,503652.1,159657.4
E01030999,498967.3,157128.1
E01031000,498385.3,157990.2
E01031001,499388.6,157748.9
E01031002,503871.5,160605.8
E01031003,505020.0,161186.7
E01031004,504199.0,161043.1
E01031005,429976.8,291381.9
E01031006,429096.4,289886.0
E01031007,428009.2,290142.4
E01031008,431653.2,293476.8
E01031009,430674.8,297331.7
E01031010,431024.0,297751.2
E01031011,430863.1,298560.9
E01031012,431179.3,298390.7
E01031013,431319.7,297364.1
E01031014,431982.8,297085.3
E01031015,431670.2,296729.4
E01031016,427074.3,298653.1
E01031017,427827.8,299377.0
E01031018,427309.3,297834.4
E01031019,419650.9,290158.3
E01031020,419768.4,289345.7
E01031021,419997.5,288900.8
E01031022,420068.0,288119.0
E01031023,417874.6,292882.2
E01031024,421750.6,293002.5
E01031025,426171.1,300347.3
E01031026,426004.1,300908.2
E01031027,429448.7,286231.7
E01031028,425166.9,288187.2
E01031029,432265.2,293707.2
E01031030,432624.6,294367.2
E01031031,424089.9,298228.6
E01031032,424199.8,295949.1
E01031033,421699.8,296273.3
E01031034,421635.4,297037.4
E01031035,428254.5,303652.8
E01031036,429286.6,306705.1
E01031037,426540.5,301829.8
E01031038,426346.8,302878.4
E01031039,426008.8,301731.1
E01031040,425671.8,302012.3
E01031041,417514.0,291040.8
E01031042,418121.5,291060.5
E01031043,436030.3,291996.9
E01031044,435712.2,292452.1
E01031045,435229.9,291863.5
E01031046,435674.5,291791.6
E01031047,435639.2,291546.4
E01031048,434496.2,290864.9
E01031049,435259.8,290418.6
E01031050,434446.4,290441.6
E01031051,434944.6,291030.4
E01031052,437041.3,291236.4
E01031053,436937.7,290902.4
E01031054,437464.5,290270.2
E01031055,437533.2,289695.5
E01031056,438082.0,289480.0
E01031057,434452.7,291926.0
E01031058,434112.5,291582.9
E01031059,435106.9,291429.8
E01031060,434653.8,291542.9
E01031061,434302.4,291219.3
E01031062,435138.6,286619.9
E01031063,435413.1,286830.8
E01031064,435878.5,287015.4
E01031065,436154.9,287914.3
E01031066,436400.0,287601.3
E01031067,439190.3,286665.0
E01031068,439557.1,286717.4
E01031069,438936.4,287481.0
E01031070,438462.3,286905.3
E01031073,433762.9,293190.3
E01031074,433197.7,293090.9
E01031075,434482.1,292597.4
E01031077,431858.7,284979.6
E01031078,432420.1,284755.3
E01031079,435008.2,285869.7
E01031080,435262.8,285864.8
E01031081,433158.9,291930.7
E01031082,432321.1,292057.4
E01031083,431766.1,292043.6
E01031084,432631.2,292969.6
E01031085,432877.8,292043.5
E01031086,433714.7,286006.1
E01031087,434111.2,286283.1
E01031088,433528.7,286514.6
E01031089,434535.7,286119.4
E01031090,432357.3,291385.3
E01031091,433194.7,291371.3
E01031092,433588.0,291218.8
E01031093,432726.2,291288.4
E01031094,433679.0,291594.1
E01031095,436632.8,287229.6
E01031096,436343.7,286972.6
E01031097,436555.3,286593.8
E01031098,435602.9,285818.7
E01031099,435819.7,284755.5
E01031100,437607.5,292058.0
E01031101,438064.1,292258.7
E01031102,437087.3,292224.6
E01031104,437647.2,292844.7
E01031105,435424.7,287196.1
E01031106,434514.3,286837.2
E01031107,435522.5,287975.9
E01031108,435175.3,287729.5
E01031109,435550.5,287660.4
E01031110,437702.0,293600.1
E01031111,438087.9,293353.1
E01031112,436680.4,293145.4
E01031114,436696.3,292720.7
E01031115,436022.1,291027.1
E01031116,436172.7,290273.7
E01031117,436885.5,290053.4
E01031118,436403.8,289898.0
E01031119,436040.3,291308.4
E01031120,437837.7,290636.1
E01031121,438226.7,290490.3
E01031122,438462.3,290147.9
E01031123,439023.5,289863.5
E01031124,438617.6,289431.2
E01031125,448323.1,274690.0
E01031127,448221.1,274122.1
E01031129,452983.4,276310.1
E01031130,451491.7,275613.9
E01031131,451077.3,275565.8
E01031132,450946.0,275278.8
E01031133,451551.5,275324.8
E01031134,448632.4,273290.9
E01031135,448866.8,272608.8
E01031136,448579.7,274081.4
E01031137,451852.0,277312.7
E01031138,452065.3,277034.3
E01031139,451780.0,277722.6
E01031140,451447.5,276998.8
E01031142,451311.9,277466.9
E01031143,449927.3,272956.8
E01031144,451065.9,274830.0
E01031145,450294.2,274947.5
E01031146,450078.2,273729.0
E01031148,448470.3,271401.6
E01031149,441655.7,270042.1
E01031150,440864.1,272734.3
E01031151,439782.5,277308.9
E01031152,439370.2,277266.2
E01031153,441145.7,275392.3
E01031154,441207.4,275914.6
E01031155,451860.5,274041.1
E01031156,451297.0,274203.4
E01031157,451565.3,274800.8
E01031158,452405.2,274737.3
E01031159,439963.2,283847.1
E01031160,445643.8,281557.5
E01031161,453442.9,274108.7
E01031162,453963.6,273623.9
E01031163,453090.9,273938.4
E01031165,447398.6,276248.4
E01031166,448974.3,266800.3
E01031167,449663.7,274796.1
E01031168,449099.3,274806.0
E01031169,449508.5,275542.0
E01031170,449640.1,275273.5
E01031171,449743.7,276553.4
E01031172,449384.6,276833.8
E01031173,450294.9,275473.4
E01031174,450634.7,275802.6
E01031175,449443.3,273274.4
E01031176,449605.0,274245.2
E01031177,449187.1,274090.4
E01031178,449147.2,273550.5
E01031179,452164.3,273600.8
E01031180,452558.4,274157.1
E01031181,438503.7,274213.4
E01031182,442579.0,287868.9
E01031183,408779.3,257174.6
E01031184,408521.9,257905.5
E01031185,409024.2,258222.0
E01031186,409474.6,257862.7
E01031187,415758.9,258360.2
E01031188,416090.0,254231.8
E01031189,407153.0,251591.7
E01031190,410076.6,252434.1
E01031191,409322.0,252214.2
E01031192,409897.0,251971.2
E01031193,430261.0,239449.6
E01031194,438617.1,251336.0
E01031195,419414.0,264349.5
E01031196,426796.7,248861.2
E01031197,447943.1,257250.0
E01031198,441852.9,252257.5
E01031199,437981.9,258913.1
E01031200,439088.3,257752.5
E01031201,437008.5,259900.4
E01031202,415032.6,265847.8
E01031203,415450.9,265814.2
E01031204,415420.8,263472.8
E01031205,433962.8,251298.2
E01031206,433368.8,251062.2
E01031207,434970.1,255826.9
E01031208,409760.3,258166.9
E01031209,428746.1,233132.6
E01031210,440832.5,265231.3
E01031211,441899.7,264904.5
E01031213,407349.2,264528.1
E01031214,425504.0,240109.0
E01031215,425772.5,240933.5
E01031216,425468.7,240554.6
E01031217,421396.0,260039.7
E01031218,425461.0,257196.9
E01031219,442453.0,261620.1
E01031220,441804.9,262372.6
E01031221,441428.0,262087.8
E01031222,441687.8,261340.0
E01031223,443744.6,263822.1
E01031224,446478.4,261180.5
E01031225,420847.5,254313.8
E01031227,422329.2,255655.4
E01031228,420212.4,256124.6
E01031229,420086.4,255323.3
E01031231,419502.6,255857.5
E01031232,419042.2,254341.3
E01031233,418245.9,255044.2
E01031234,419792.1,254674.9
E01031235,419582.7,254296.0
E01031236,418410.0,255896.6
E01031237,418127.0,255537.5
E01031238,418901.7,255401.9
E01031239,407396.2,263759.0
E01031240,406801.2,263815.6
E01031241,406756.8,263411.5
E01031242,407227.9,262986.1
E01031243,410828.4,273164.4
E01031244,411921.4,269556.9
E01031245,424111.0,243428.2
E01031246,424581.2,246061.3
E01031247,432435.8,245350.3
E01031248,414995.0,251844.4
E01031249,427362.9,255016.5
E01031251,427232.1,254378.3
E01031252,430915.3,256045.0
E01031253,427947.3,255769.0
E01031254,427317.6,275013.9
E01031255,428037.3,272880.1
E01031256,428549.7,272253.9
E01031257,429141.2,272364.4
E01031258,428967.1,271762.4
E01031259,431312.0,262545.0
E01031260,431080.4,261245.6
E01031261,431775.0,264735.0
E01031262,432008.4,264318.0
E01031263,432329.3,264589.3
E01031264,432622.9,264246.3
E01031265,431442.3,264922.3
E01031266,432013.2,264907.3
E01031267,425587.7,264742.4
E01031268,425140.1,266897.2
E01031269,426944.9,260645.5
E01031271,432409.2,266144.8
E01031272,432146.6,266382.7
E01031273,433375.0,267073.9
E01031274,432877.6,267168.3
E01031275,433257.3,267592.3
E01031276,432903.6,266727.4
E01031277,433486.8,268292.6
E01031278,432897.9,268499.5
E01031279,434320.9,268205.3
E01031280,436497.6,271344.6
E01031281,419016.0,271783.7
E01031282,418440.4,270766.5
E01031283,422202.5,267809.9
E01031284,428917.4,269036.4
E01031285,431759.7,266862.1
E01031286,432373.8,266781.7
E01031287,432782.2,268136.9
E01031288,432157.0,267569.0
E01031289,432696.4,267682.3
E01031290,430965.4,266083.2
E01031291,431514.3,265487.6
E01031292,430355.5,266292.4
E01031293,430612.4,265857.3
E01031294,431243.3,266323.4
E01031295,430897.1,266818.8
E01031296,430263.1,272300.6
E01031297,429479.3,272716.2
E01031298,429741.7,272189.5
E01031299,430091.0,271531.2
E01031300,429976.4,273158.4
E01031301,434719.1,264532.4
E01031302,434457.5,264257.2
E01031303,428860.2,271198.8
E01031304,428315.3,271124.8
E01031305,429369.9,270842.0
E01031306,428822.0,270932.5
E01031307,429538.8,271574.6
E01031308,429689.5,275650.4
E01031309,429857.4,265914.6
E01031310,428924.5,266160.6
E01031311,429521.8,266172.7
E01031312,427919.2,266280.5
E01031313,428190.0,266608.0
E01031314,428649.0,266462.5
E01031315,431011.6,263774.7
E01031316,429211.5,265215.1
E01031317,428197.0,264485.5
E01031319,429127.8,265523.2
E01031320,430299.6,265215.9
E01031321,428133.2,265763.6
E01031322,427544.3,265762.7
E01031323,428563.5,265574.9
E01031324,427912.9,265059.4
E01031325,427618.6,264302.9
E01031327,432509.8,263698.4
E01031328,433119.2,263736.4
E01031329,431928.6,263319.1
E01031330,432402.4,263157.1
E01031331,432481.4,262726.7
E01031332,433114.0,264806.1
E01031333,433406.0,264962.7
E01031334,433387.3,264492.8
E01031335,432537.3,265366.0
E01031336,432226.9,265329.7
E01031337,432791.0,265186.1
E01031338,522886.8,106266.1
E01031339,521612.8,106285.8
E01031340,522036.7,106364.4
E01031341,517700.4,104343.1
E01031342,517877.2,103818.8
E01031343,517851.2,104694.4
E01031344,517350.9,105451.0
E01031345,517342.7,105978.0
E01031346,517297.3,104885.2
E01031347,524580.4,105137.9
E01031348,525361.8,105266.7
E01031349,524814.6,105728.1
E01031350,524853.7,106195.8
E01031351,523893.2,106382.8
E01031352,524309.8,106272.2
E01031353,518557.2,105987.1
E01031354,518071.8,105652.6
E01031355,517958.2,105159.3
E01031356,522655.5,104757.4
E01031357,521609.7,104686.5
E01031358,518776.3,105262.6
E01031359,518405.1,105119.5
E01031360,518515.5,104695.5
E01031361,516767.5,104830.8
E01031362,516868.8,105340.8
E01031363,517134.9,104302.9
E01031364,521491.8,105138.7
E01031365,522328.6,105714.4
E01031366,522385.0,105419.9
E01031367,521368.5,105872.0
E01031368,520994.5,105723.5
E01031369,521550.2,105494.2
E01031370,523484.9,105904.5
E01031371,523200.2,105770.2
E01031372,522914.5,105622.2
E01031373,523443.9,105286.0
E01031374,524112.7,105909.2
E01031375,524024.1,105459.4
E01031376,519169.7,104064.9
E01031377,518374.8,103949.0
E01031378,519923.7,104372.0
E01031379,518669.4,104302.1
E01031380,491295.0,98611.9
E01031381,492058.4,98881.9
E01031382,491548.3,99529.1
E01031383,490110.4,98271.7
E01031384,490999.9,99229.9
E01031385,490300.6,98747.4
E01031386,506666.4,104945.7
E01031387,506946.9,104756.4
E01031389,506845.4,103823.6
E01031390,500774.9,106772.1
E01031391,501476.9,106801.4
E01031392,502008.9,107024.3
E01031393,495792.2,104603.7
E01031394,496001.5,104617.3
E01031395,493851.9,104582.1
E01031396,493904.3,105351.5
E01031397,494772.0,105670.8
E01031398,503911.0,102276.3
E01031399,504121.2,101912.9
E01031400,503548.3,101650.2
E01031402,493181.8,101217.0
E01031403,492360.3,100753.0
E01031404,493240.6,100948.5
E01031405,492779.3,100868.8
E01031406,491989.8,100338.1
E01031407,504451.4,103252.7
E01031408,504058.6,103142.8
E01031409,503691.2,102762.0
E01031410,504213.0,102584.5
E01031411,506577.4,102031.6
E01031412,507666.8,102075.0
E01031413,507224.3,101939.8
E01031414,507487.7,102858.9
E01031415,506899.5,102625.8
E01031416,496375.6,99901.5
E01031417,496509.3,100835.1
E01031418,496197.2,100496.7
E01031419,494921.7,99656.3
E01031420,495564.4,100068.7
E01031422,509498.6,101869.4
E01031423,509210.7,103003.0
E01031424,509608.5,102708.1
E01031425,512319.7,108547.0
E01031426,511850.9,108879.4
E01031427,502297.7,102839.9
E01031428,502533.3,102393.6
E01031429,501997.3,103248.6
E01031430,502418.8,103248.7
E01031431,493985.1,99356.0
E01031432,493679.2,99329.0
E01031433,494077.0,100049.6
E01031434,493753.3,100046.6
E01031435,492515.8,99078.5
E01031436,493359.9,99031.6
E01031437,492829.8,98827.9
E01031438,497058.1,100544.1
E01031439,497619.4,100266.4
E01031440,498437.9,100254.1
E01031441,493367.4,100588.8
E01031442,493181.3,100054.4
E01031443,492672.5,100294.1
E01031444,493304.1,99655.2
E01031445,489230.0,98776.0
E01031446,489695.6,98734.1
E01031447,489242.6,97965.3
E01031448,488997.5,97455.4
E01031449,490360.8,99356.3
E01031450,492594.9,99940.8
E01031451,492061.2,99741.9
E01031452,492684.7,99621.1
E01031453,493091.6,99298.7
E01031454,502683.9,102118.5
E01031455,503315.9,102312.6
E01031456,503037.7,101690.8
E01031457,505562.3,102552.9
E01031458,505693.4,101834.0
E01031459,506194.1,102886.9
E01031460,504977.0,101726.3
E01031461,504709.0,101871.5
E01031462,505178.6,102886.0
E01031463,504808.5,103168.2
E01031464,505066.6,102490.9
E01031465,496486.9,107613.9
E01031466,496943.6,106007.4
E01031469,502816.3,102965.3
E01031470,500023.1,102611.4
E01031471,498450.9,102912.6
E01031472,497860.7,103301.3
E01031473,497869.8,102944.7
E01031474,481399.0,105171.0
E01031475,478824.7,105992.5
E01031476,480795.5,104232.0
E01031477,489847.3,109742.6
E01031478,494180.1,117218.6
E01031479,500340.0,114116.1
E01031480,487625.4,104642.3
E01031481,487009.4,104945.9
E01031482,487485.4,104996.8
E01031483,487039.8,105719.9
E01031484,486667.3,105169.9
E01031485,485731.1,106411.0
E01031486,485998.2,105528.3
E01031487,486282.4,106971.9
E01031489,486951.4,104143.6
E01031490,485912.4,104475.9
E01031491,486756.0,104542.0
E01031492,486519.5,104057.2
E01031493,484747.5,104896.7
E01031494,485130.6,105442.5
E01031495,485650.4,105399.4
E01031496,485523.2,103418.7
E01031497,488988.5,122862.1
E01031498,492162.8,123181.4
E01031499,480940.1,96315.3
E01031500,480893.9,96903.0
E01031501,480003.0,96866.8
E01031502,488805.0,131995.6
E01031503,487656.4,132150.0
E01031504,489562.5,128603.6
E01031505,483595.6,105263.5
E01031506,480730.6,107314.9
E01031507,478346.1,111764.3
E01031508,479148.8,119737.2
E01031511,488175.6,121160.6
E01031512,488143.5,120568.5
E01031514,497824.4,121555.2
E01031515,497576.9,121398.0
E01031516,500998.9,119195.2
E01031517,503877.6,131580.5
E01031518,501933.7,131061.0
E01031519,495047.3,129292.9
E01031520,480569.1,124098.1
E01031521,483694.4,127117.4
E01031522,485960.9,93779.1
E01031523,485148.2,93508.3
E01031524,486521.3,93804.0
E01031525,486105.4,93162.9
E01031526,485513.2,92506.1
E01031527,485788.0,92883.3
E01031528,485119.9,92939.3
E01031529,485208.5,98032.7
E01031530,486216.8,101976.7
E01031531,477042.1,106397.6
E01031532,475899.7,102900.8
E01031533,476693.5,106015.0
E01031534,475737.0,105849.5
E01031535,477601.4,105672.1
E01031536,486035.9,122287.9
E01031538,490459.8,106621.8
E01031539,490782.4,106463.1
E01031540,478227.4,98613.3
E01031541,479456.8,97409.6
E01031542,482071.8,99876.8
E01031543,475882.1,107720.5
E01031544,501646.6,126678.4
E01031545,504822.9,126053.1
E01031546,525262.0,135249.6
E01031547,524121.8,134962.0
E01031548,524469.7,135398.7
E01031549,524750.7,135099.3
E01031550,524334.0,135695.0
E01031551,524949.2,135452.7
E01031552,525966.2,134934.9
E01031553,525344.7,134398.7
E01031554,525255.9,134797.2
E01031555,525607.4,135092.5
E01031556,525970.7,133811.4
E01031557,526147.2,134198.7
E01031558,526002.9,134549.2
E01031559,525652.0,134253.5
E01031560,528311.2,135426.5
E01031561,528278.8,136211.3
E01031562,528529.6,135810.5
E01031563,527901.3,135693.5
E01031564,525168.4,136460.7
E01031565,524783.2,136085.1
E01031566,525360.0,135955.1
E01031567,524880.8,136833.8
E01031568,524081.4,136308.9
E01031569,523841.8,136001.1
E01031570,525503.8,137841.7
E01031571,525051.2,137347.2
E01031572,525463.4,137455.7
E01031573,526053.5,137807.8
E01031574,525607.8,138175.0
E01031575,526743.7,138337.8
E01031576,526340.4,138062.4
E01031577,526680.5,138029.6
E01031578,529250.2,136159.9
E01031579,529149.5,135617.1
E01031580,529772.9,135771.5
E01031581,529379.1,135155.4
E01031582,529075.4,134798.3
E01031583,527183.1,137780.1
E01031584,527575.5,137588.8
E01031585,527113.2,137057.1
E01031586,529881.6,138197.8
E01031588,529628.7,137832.6
E01031589,529052.4,137530.9
E01031590,529891.0,137502.9
E01031591,529179.1,136899.0
E01031592,530109.6,136631.3
E01031593,529896.7,137081.2
E01031594,529374.3,136596.5
E01031595,527055.9,135628.6
E01031596,526477.9,135434.2
E01031597,526111.9,135719.7
E01031598,526455.4,136157.1
E01031599,526914.8,136115.8
E01031600,528441.4,137191.4
E01031601,527988.4,137239.5
E01031603,528346.1,137841.8
E01031604,527674.8,135168.7
E01031605,527069.3,135071.2
E01031606,527454.1,134819.0
E01031607,527387.8,135468.5
E01031608,526466.8,136653.1
E01031609,525863.7,136868.0
E01031610,526433.8,137136.7
E01031611,512500.2,124440.7
E01031612,508285.2,125631.1
E01031614,508826.2,126258.3
E01031615,508876.3,125738.9
E01031616,519744.9,110638.0
E01031617,519482.3,110796.5
E01031618,521709.7,113339.2
E01031620,515085.1,131456.4
E01031621,508271.0,117052.9
E01031622,513193.4,115858.7
E01031623,508969.8,118184.1
E01031624,512838.9,116332.4
E01031625,510047.6,116040.0
E01031626,506108.2,114063.0
E01031627,508241.4,114850.9
E01031628,509775.4,114690.3
E01031629,511259.4,114463.2
E01031630,508468.1,114426.0
E01031631,509065.0,114229.6
E01031632,520833.4,121467.0
E01031633,519257.6,119336.7
E01031634,521514.1,122460.9
E01031635,519045.7,119293.6
E01031638,515961.7,130494.9
E01031639,517951.9,130090.4
E01031640,519107.2,130394.1
E01031641,521455.1,115836.5
E01031642,520823.2,116217.1
E01031643,521176.5,116646.8
E01031644,518116.6,132200.7
E01031645,518458.9,133097.2
E01031646,519115.6,133043.3
E01031647,518435.3,132595.8
E01031648,517419.0,132023.0
E01031649,517779.5,132366.2
E01031650,517778.2,133354.0
E01031651,517843.6,132849.4
E01031652,518407.4,130339.2
E01031653,517691.5,131162.2
E01031654,518551.3,130926.0
E01031655,518074.6,130695.0
E01031656,517834.3,130479.3
E01031657,511908.6,131100.3
E01031658,515555.7,133697.8
E01031659,512760.3,127013.8
E01031660,519748.8,127593.5
E01031661,521867.2,127456.2
E01031662,505103.0,118797.0
E01031663,505454.9,119173.6
E01031664,506293.7,119218.2
E01031665,502387.3,116455.8
E01031666,519556.9,132668.7
E01031667,519323.1,132195.6
E01031668,518837.7,132350.1
E01031669,518725.9,131910.6
E01031670,519264.1,131735.7
E01031671,519801.0,131849.2
E01031672,518509.3,131422.1
E01031673,519975.7,132340.8
E01031674,508168.4,133193.9
E01031675,508877.0,133542.1
E01031677,515502.5,125719.0
E01031678,516189.7,125701.4
E01031679,514853.6,128504.5
E01031680,516085.6,127371.1
E01031681,515906.8,126903.4
E01031682,516312.8,126529.2
E01031683,515759.1,126422.6
E01031684,518280.4,111315.0
E01031685,517689.5,111185.5
E01031686,517393.3,110773.2
E01031687,517772.1,111982.2
E01031688,516760.3,131786.5
E01031689,517068.0,131589.1
E01031690,516305.0,131167.7
E01031691,516843.1,131096.8
E01031693,531060.7,130329.4
E01031694,534614.0,129363.6
E01031695,540690.5,137857.2
E01031696,542053.7,136743.6
E01031697,525539.7,125053.8
E01031698,525966.7,120120.4
E01031699,530226.4,120041.3
E01031700,529550.9,119576.8
E01031701,530456.1,119778.6
E01031702,532406.6,118247.5
E01031703,531815.8,118407.2
E01031704,532399.8,118788.2
E01031705,531378.0,120101.1
E01031706,531729.7,119887.8
E01031707,531173.4,119797.8
E01031708,531563.6,118922.1
E01031709,531117.0,119071.7
E01031710,531030.1,118167.9
E01031712,532281.3,119703.1
E01031713,532509.6,120045.7
E01031714,530173.2,119113.4
E01031715,530477.8,118321.7
E01031716,530055.5,119472.2
E01031717,530646.4,119318.4
E01031718,531271.2,139236.2
E01031719,531597.1,138965.1
E01031720,532192.0,139434.6
E01031721,534838.8,137318.2
E01031722,534108.5,135597.7
E01031723,534411.0,138134.2
E01031724,535247.9,137870.9
E01031725,534597.6,137729.4
E01031726,530755.9,125442.8
E01031727,529916.6,125848.6
E01031729,540409.1,139250.2
E01031730,540503.7,138370.7
E01031731,539759.9,139301.4
E01031732,538174.9,139240.1
E01031733,538673.1,139025.8
E01031734,539048.5,139429.3
E01031735,539898.9,137558.9
E01031736,539066.5,137305.3
E01031737,539476.4,136937.0
E01031738,537960.0,138482.1
E01031739,538503.2,138239.2
E01031740,537801.6,139064.2
E01031741,539260.7,138576.6
E01031743,539048.7,138049.5
E01031744,530445.2,115993.2
E01031745,531171.7,116003.0
E01031746,530574.8,115594.4
E01031747,531324.9,115299.0
E01031748,530238.8,115417.8
E01031749,533018.2,123128.8
E01031750,532924.9,122691.3
E01031751,533445.3,123261.4
E01031752,534247.2,124309.6
E01031753,533719.8,124245.5
E01031754,533790.9,123827.5
E01031755,533785.7,123462.6
E01031757,534525.9,123703.7
E01031758,534926.5,123588.5
E01031759,532900.5,125157.6
E01031760,533395.6,125117.4
E01031763,532387.2,124765.1
E01031764,538349.9,128123.8
E01031765,536784.8,123293.7
E01031766,536769.6,132654.1
E01031767,528264.6,117256.9
E01031768,528872.7,116300.7
E01031769,527787.2,116829.3
E01031770,527581.0,114121.2
E01031771,527208.4,118024.3
E01031772,535028.0,125254.3
E01031773,534169.5,125292.6
E01031774,534809.4,124438.6
E01031775,534192.7,125839.6
E01031776,514911.5,104594.7
E01031777,515340.0,104302.6
E01031778,514547.8,104782.8
E01031779,515671.0,103780.0
E01031780,515184.3,103895.0
E01031781,515224.5,104937.8
E01031782,511685.1,103803.0
E01031783,511391.8,103458.1
E01031785,510646.4,103488.9
E01031786,511058.3,103422.1
E01031787,514519.9,102499.9
E01031788,514881.8,103189.9
E01031790,514401.2,102926.3
E01031791,514216.0,103227.9
E01031792,511929.9,105117.5
E01031793,511472.2,105511.0
E01031794,512137.3,104699.6
E01031795,511515.5,104719.6
E01031796,514005.7,103508.6
E01031797,513648.0,104048.2
E01031798,514797.6,103764.6
E01031799,514368.1,104156.1
E01031800,513970.5,104116.7
E01031801,514482.2,103650.0
E01031802,510476.2,102887.7
E01031803,511003.9,102250.4
E01031804,512008.2,102599.7
E01031805,511577.8,102268.1
E01031806,511279.1,102851.0
E01031807,513560.8,102816.6
E01031808,514171.8,102410.8
E01031809,513836.4,102302.5
E01031810,513596.6,103220.2
E01031811,513913.3,102853.8
E01031812,513221.4,102748.3
E01031813,512618.2,102722.0
E01031814,512619.8,102262.3
E01031815,513194.1,102250.2
E01031816,512746.6,103079.2
E01031817,510842.3,104293.1
E01031818,511410.3,104544.0
E01031820,513066.8,106906.8
E01031821,512792.1,106695.2
E01031822,513588.4,105199.5
E01031823,514474.0,105375.4
E01031824,513779.3,104624.2
E01031825,512854.4,105292.5
E01031826,512544.8,104919.2
E01031827,513067.6,104812.2
E01031828,512371.2,106403.3
E01031829,512112.0,105955.3
E01031830,512326.2,105489.4
E01031831,515636.3,103315.8
E01031832,516701.2,103182.5
E01031833,516124.2,103147.0
E01031834,516272.7,103502.4
E01031835,515781.4,102886.4
E01031836,512699.6,103592.0
E01031837,513349.1,103477.2
E01031838,513209.0,103793.0
E01031839,513117.5,104386.7
E01031840,512668.2,104143.5
E01031841,426423.6,175631.4
E01031842,408414.7,159002.4
E01031843,427849.5,164583.5
E01031845,396495.6,164673.9
E01031846,397656.7,164341.1
E01031847,423184.7,161235.0
E01031848,397454.6,154581.1
E01031849,424294.5,154201.3
E01031850,401359.2,161728.5
E01031851,401494.5,161290.6
E01031852,401447.8,160867.0
E01031853,399123.8,161426.0
E01031854,400314.1,161622.3
E01031855,400728.4,160542.4
E01031856,400303.1,160971.9
E01031857,401687.9,154274.8
E01031858,400701.9,154024.5
E01031859,426633.0,150832.7
E01031860,427538.5,150645.6
E01031861,419734.7,168944.6
E01031862,419000.1,169739.7
E01031863,418777.7,169266.5
E01031864,417453.7,168842.7
E01031865,418703.1,168711.6
E01031866,419021.9,161769.9
E01031867,414605.3,149150.2
E01031868,419039.8,172052.6
E01031869,416089.0,160023.1
E01031870,416541.1,160300.7
E01031871,411897.3,162749.6
E01031872,399658.5,158665.8
E01031873,429282.3,172459.6
E01031874,427641.9,171750.2
E01031876,394389.1,161080.0
E01031877,430028.9,160276.5
E01031879,423031.7,149304.1
E01031882,413612.4,155203.0
E01031883,403909.1,157042.4
E01031884,410229.0,173667.7
E01031885,396726.2,193226.3
E01031886,402549.6,190715.0
E01031887,404875.3,194007.0
E01031888,382133.3,168418.8
E01031889,384931.9,170073.1
E01031890,383143.2,168762.9
E01031892,396554.0,182917.5
E01031893,401444.8,184423.3
E01031894,396247.7,187399.8
E01031895,400263.2,171697.0
E01031896,400141.6,171253.3
E01031897,399024.8,171645.9
E01031898,399730.0,171704.3
E01031901,400253.0,170804.3
E01031902,400604.6,171119.4
E01031903,400422.8,169955.0
E01031904,396878.2,170627.4
E01031905,389744.9,172988.2
E01031906,389925.4,172418.2
E01031907,390641.7,174749.0
E01031908,390374.7,173940.0
E01031909,390136.2,173233.0
E01031910,391317.6,173646.0
E01031911,391187.0,173388.3
E01031912,391862.9,173092.6
E01031913,391185.9,172733.2
E01031914,391989.0,174708.7
E01031915,392152.6,174365.5
E01031916,392995.2,172518.9
E01031917,392412.0,172874.5
E01031918,392773.4,173655.8
E01031919,391496.2,174380.6
E01031920,391783.6,174013.0
E01031921,392600.9,171946.5
E01031922,393374.8,172032.6
E01031923,393109.6,171898.1
E01031924,392591.5,172252.6
E01031925,390751.8,173787.5
E01031926,390830.9,173271.2
E01031927,390198.8,172678.9
E01031928,390608.3,172838.4
E01031929,381808.9,171156.3
E01031930,381091.5,172495.0
E01031931,387615.4,169781.2
E01031932,386496.6,170065.2
E01031933,387002.9,169547.5
E01031934,409595.9,193333.6
E01031935,410129.5,193917.9
E01031936,409653.6,193764.3
E01031937,402300.9,175234.6
E01031938,402242.1,170287.0
E01031939,394367.5,178584.4
E01031940,387179.1,176210.0
E01031941,385914.0,168704.9
E01031942,391260.7,168848.8
E01031944,403153.5,178578.0
E01031946,402201.4,178690.2
E01031947,392471.0,187710.8
E01031948,393196.1,188335.6
E01031949,393094.9,187336.4
E01031950,382043.4,178160.3
E01031951,390404.7,180040.4
E01031952,386908.2,170775.4
E01031955,408431.7,187600.4
E01031956,408466.6,187415.9
E01031957,384603.9,185402.7
E01031958,385688.6,185983.7
E01031959,393665.0,186592.6
E01031960,389752.8,182017.8
E01031961,408060.9,183125.6
E01031962,409824.6,185914.4
E01031963,407166.5,182898.9
E01031964,407699.9,183050.3
E01031965,407183.5,183482.4
E01031966,407452.9,182157.8
E01031967,406885.2,182319.1
E01031968,406559.7,182009.3
E01031969,408101.7,182772.1
E01031970,419170.2,126811.0
E01031971,419879.1,126770.6
E01031972,424714.4,123647.1
E01031973,425766.2,118620.8
E01031974,415864.3,141786.5
E01031975,416111.6,141444.5
E01031976,416661.3,140450.1
E01031978,416517.2,141221.7
E01031979,415684.9,141238.2
E01031980,411891.0,132403.4
E01031981,411838.1,131556.8
E01031982,412496.6,131622.5
E01031983,412233.9,131234.6
E01031984,415601.8,132415.5
E01031985,415524.7,131923.2
E01031986,415352.3,131491.5
E01031988,418445.4,143924.0
E01031989,417231.4,143623.1
E01031990,404335.6,125212.5
E01031991,391173.4,122946.0
E01031992,420383.4,120343.7
E01031993,417889.0,121014.8
E01031994,419724.9,120859.7
E01031995,417317.2,121662.3
E01031996,415808.0,144250.9
E01031997,416251.1,144267.6
E01031999,415434.3,144591.0
E01032000,413427.5,127163.2
E01032001,412603.9,130724.9
E01032002,413018.5,130539.3
E01032003,413490.0,130485.0
E01032004,401223.6,131533.2
E01032005,414647.9,128577.8
E01032006,414004.3,128343.0
E01032007,414639.6,128289.8
E01032008,413154.4,129036.3
E01032009,413675.7,128960.9
E01032010,388238.0,130327.0
E01032012,415881.2,130366.1
E01032013,409412.4,135376.7
E01032014,414623.7,130260.0
E01032015,415142.0,130288.0
E01032016,414606.5,130623.8
E01032017,414585.4,131548.3
E01032018,414244.8,132043.9
E01032019,414052.8,131554.1
E01032020,414591.7,130934.3
E01032021,415202.4,129773.5
E01032022,414160.9,129897.8
E01032023,414725.2,129557.2
E01032024,413780.7,130584.2
E01032025,412901.0,131121.4
E01032026,406966.0,143626.6
E01032027,403671.2,137372.3
E01032029,394060.7,129024.1
E01032030,394445.5,129613.8
E01032031,399655.7,128986.9
E01032032,418990.5,136912.7
E01032033,420418.0,138868.8
E01032034,418011.1,134969.0
E01032035,381589.3,131871.3
E01032036,378511.9,134774.5
E01032037,381443.2,132539.7
E01032038,409191.1,131016.8
E01032039,410181.6,131558.7
E01032040,408910.0,130730.6
E01032041,422059.2,132728.1
E01032042,424556.4,132613.9
E01032043,386550.0,165946.6
E01032044,388622.3,166054.9
E01032045,382524.7,161584.4
E01032046,382860.1,161343.9
E01032047,381999.0,161147.1
E01032048,383221.5,160252.5
E01032049,382836.4,160040.7
E01032051,382351.6,146776.5
E01032052,384658.0,150084.4
E01032053,385588.1,155234.6
E01032054,385222.7,149733.2
E01032055,392327.8,152922.4
E01032056,391080.3,152590.4
E01032057,387782.9,163631.8
E01032058,386331.3,161992.9
E01032059,380815.4,162123.3
E01032060,379618.9,161035.8
E01032061,380709.1,159297.6
E01032062,390673.9,163876.4
E01032063,390034.9,164850.6
E01032064,391147.3,164842.0
E01032065,391148.5,164355.2
E01032066,391242.8,163462.3
E01032067,390227.3,163226.1
E01032068,390595.9,163377.6
E01032069,390901.5,163001.6
E01032070,390295.3,162375.2
E01032072,391672.2,161781.7
E01032073,391408.6,163896.5
E01032074,391580.3,164413.0
E01032075,396751.3,140077.3
E01032076,392790.6,142391.8
E01032077,389286.7,160221.4
E01032078,385833.3,160021.9
E01032079,386558.1,159838.6
E01032080,387461.5,158678.8
E01032081,385631.0,141402.9
E01032082,389787.9,142120.3
E01032083,383843.5,155286.6
E01032085,384845.2,157743.8
E01032087,385862.2,158791.9
E01032088,385086.9,156121.0
E01032089,385117.3,157375.2
E01032090,384866.6,156667.3
E01032091,384374.2,156421.4
E01032092,385679.7,156311.1
E01032093,386097.3,157067.0
E01032094,385474.8,157166.8
E01032095,385602.9,156706.0
E01032096,384057.0,156830.5
E01032097,384228.6,158181.9
E01032098,384387.1,157289.5
E01032100,386389.9,158209.3
E01032101,386075.6,157961.1
E01032102,386930.8,157704.4
E01032103,387628.3,144928.7
E01032104,389011.2,144596.7
E01032105,388271.7,144526.2
E01032106,387204.7,144233.5
E01032107,388768.4,145648.6
E01032108,387878.3,145364.6
E01032109,386720.9,144304.2
E01032110,385818.1,144611.2
E01032111,387210.9,145722.0
E01032112,386428.3,145081.5
E01032113,386306.8,144741.6
E01032114,386987.6,145014.7
E01032115,387170.5,151564.6
E01032117,386492.8,150895.3
E01032118,386429.3,151410.4
E01032119,387457.0,151317.7
E01032121,387785.6,151562.8
E01032122,402887.4,273400.1
E01032123,406377.9,271038.2
E01032124,402375.9,272800.8
E01032125,402357.4,272537.8
E01032126,398874.7,276760.8
E01032127,395818.3,273908.6
E01032128,396245.0,274102.6
E01032129,396462.7,274419.2
E01032131,395074.4,269358.6
E01032132,395462.2,269281.0
E01032133,408166.5,276493.2
E01032134,406644.5,277393.7
E01032135,408592.7,276628.2
E01032136,392692.4,278960.2
E01032137,392089.1,277148.8
E01032138,390312.6,279758.8
E01032139,390493.3,280422.7
E01032140,389875.1,280070.5
E01032141,391399.1,280908.6
E01032142,400716.7,275818.3
E01032143,399317.7,274879.3
E01032144,400801.9,273718.8
E01032145,408364.1,277455.2
E01032146,409986.8,277452.7
E01032147,408352.1,277133.0
E01032148,399017.6,272305.3
E01032149,399493.3,273132.9
E01032150,397679.5,274344.8
E01032151,397108.3,273929.0
E01032152,396591.2,273859.8
E01032153,396477.0,272047.3
E01032154,396127.7,272285.9
E01032155,397199.9,272724.6
E01032156,395674.3,270566.7
E01032157,396339.0,270921.4
E01032158,396355.0,270359.3
E01032159,395502.2,271444.2
E01032160,396085.1,271549.1
E01032161,395625.2,271926.5
E01032162,396804.3,269827.3
E01032168,396009.8,279799.4
E01032169,396495.7,280526.5
E01032170,398150.8,277207.5
E01032171,398401.3,277783.4
E01032172,398616.8,277317.3
E01032173,395074.8,270290.8
E01032174,394931.3,269729.7
E01032175,395087.5,271144.7
E01032176,394675.3,274224.5
E01032177,408908.0,275655.9
E01032178,408093.5,275211.7
E01032179,373960.1,252975.2
E01032180,378070.3,251120.2
E01032181,380234.0,266206.1
E01032182,381709.9,253818.6
E01032183,381247.2,257194.5
E01032184,378844.9,244629.8
E01032185,379667.7,245627.3
E01032186,378508.4,245529.0
E01032187,379331.4,245214.7
E01032188,377767.8,248110.7
E01032189,377345.7,248471.7
E01032190,382513.3,258917.1
E01032191,385531.7,248667.3
E01032192,385154.7,249185.4
E01032193,368724.2,270146.8
E01032194,378958.4,248477.7
E01032195,378388.0,247956.1
E01032196,378634.3,247544.8
E01032197,377779.6,247520.0
E01032198,382470.0,233975.7
E01032199,375681.5,259764.1
E01032200,379454.8,239799.0
E01032201,379130.3,247010.9
E01032202,379103.7,246574.1
E01032203,378790.9,246137.4
E01032204,379410.6,246104.0
E01032205,381051.9,248296.9
E01032206,383610.9,249708.0
E01032207,382085.2,251005.7
E01032208,377765.4,246244.1
E01032209,377720.8,245311.3
E01032210,378078.0,246739.4
E01032211,386428.5,240719.9
E01032212,371086.9,262239.5
E01032213,359646.4,266723.9
E01032214,359482.8,267864.7
E01032215,385493.2,240037.0
E01032216,384399.0,240115.0
E01032217,381494.6,242664.6
E01032218,377497.2,241643.6
E01032219,377439.0,243845.5
E01032220,377167.5,247216.6
E01032221,376338.0,246442.2
E01032222,377242.2,247746.3
E01032223,375248.5,266450.9
E01032224,404311.5,267826.3
E01032225,405078.5,268168.2
E01032226,404169.4,268533.6
E01032227,405839.5,269005.8
E01032228,401530.7,262510.6
E01032229,404066.0,264065.2
E01032230,404003.2,262623.5
E01032231,404282.4,262320.5
E01032232,402738.4,267912.3
E01032234,403293.0,268000.7
E01032235,402280.8,267543.4
E01032236,404029.4,266880.9
E01032237,403919.3,266557.5
E01032238,403424.2,267374.0
E01032239,404379.7,267164.1
E01032240,406415.9,268225.1
E01032241,406838.6,268350.4
E01032242,406026.3,268385.5
E01032243,406942.5,268997.2
E01032244,406259.3,268794.4
E01032245,406540.8,268608.3
E01032246,403695.1,264824.6
E01032247,404010.4,264626.6
E01032248,402405.1,264892.7
E01032249,403250.6,264849.0
E01032250,405601.9,265290.4
E01032251,405174.6,265353.6
E01032252,405959.3,265281.0
E01032253,405917.5,264578.3
E01032254,405251.5,265816.6
E01032255,405435.2,266198.5
E01032256,404666.3,264828.7
E01032257,405048.9,264487.6
E01032258,403608.0,265912.1
E01032259,403273.1,266224.3
E01032260,404095.7,265335.8
E01032261,403569.0,265361.1
E01032262,405118.6,267569.4
E01032263,405202.6,266941.3
E01032264,404804.3,266347.9
E01032265,406916.0,265995.4
E01032266,406845.4,266424.8
E01032267,407476.5,266204.9
E01032268,407768.8,266472.9
E01032269,402189.3,266600.3
E01032270,401776.7,266950.7
E01032271,401675.3,266356.1
E01032272,402913.7,266196.3
E01032273,408221.3,267577.9
E01032274,406807.8,267331.7
E01032275,407360.9,267572.8
E01032276,408019.5,267101.4
E01032277,407571.5,267074.8
E01032278,407161.4,267250.8
E01032279,385389.8,256127.5
E01032280,384452.5,256278.4
E01032281,384999.6,255893.5
E01032282,385101.0,255536.0
E01032283,385562.4,252965.4
E01032284,386253.9,253640.7
E01032285,385556.2,253977.2
E01032286,382976.1,254139.1
E01032287,383781.3,254055.5
E01032288,384134.7,253754.9
E01032289,383904.3,253135.1
E01032290,383513.0,252889.4
E01032292,385740.4,254613.3
E01032294,385952.0,254270.4
E01032296,384501.7,256866.0
E01032297,384821.8,258156.2
E01032298,384261.1,258205.0
E01032299,384779.9,257467.6
E01032300,384374.9,257392.9
E01032301,386904.2,255866.7
E01032302,386617.1,255541.2
E01032303,387202.9,256360.1
E01032304,387532.8,256670.6
E01032305,386275.6,255195.8
E01032306,386552.6,254974.0
E01032307,387127.3,254863.5
E01032308,387307.8,253736.5
E01032309,386707.9,254358.6
E01032310,386261.7,256516.1
E01032311,386639.7,256179.2
E01032312,385692.4,256063.9
E01032313,386159.2,255736.3
E01032314,383230.6,255640.2
E01032315,383787.9,255377.6
E01032316,383308.2,256567.0
E01032317,383449.4,256084.6
E01032318,382641.1,255082.3
E01032319,383129.3,255119.8
E01032320,383589.5,254717.1
E01032321,382746.5,254683.0
E01032322,383905.0,254536.7
E01032323,385478.5,252160.8
E01032324,386061.9,252301.5
E01032325,386484.0,252669.7
E01032326,385893.7,252670.8
E01032327,384892.2,256591.7
E01032328,386150.2,257032.5
E01032329,385377.2,256938.9
E01032330,386706.1,257185.2
E01032331,387098.9,257159.9
E01032332,387411.0,257176.9
E01032333,386817.3,256701.3
E01032334,387968.6,256402.5
E01032335,388512.0,256526.7
E01032336,388042.0,256982.1
E01032337,387473.0,255714.6
E01032338,388103.7,255631.1
E01032339,388209.8,255311.3
E01032340,406832.2,243613.1
E01032341,407236.3,243135.2
E01032342,404826.2,243997.5
E01032344,405127.4,243504.7
E01032345,392923.2,259184.3
E01032346,391792.2,256668.1
E01032347,392887.7,236742.3
E01032348,392416.3,236876.5
E01032349,405568.1,245890.9
E01032350,409021.1,244183.2
E01032351,409229.2,237943.6
E01032352,406939.0,240729.9
E01032353,410072.7,237850.0
E01032355,391908.5,248731.3
E01032356,392907.6,248777.8
E01032357,389123.9,263275.0
E01032358,389447.9,263038.9
E01032359,390151.5,263411.0
E01032360,390606.5,263089.1
E01032361,390370.2,262159.0
E01032363,390291.4,261764.3
E01032364,389332.1,261539.0
E01032365,388894.2,262452.6
E01032366,389024.5,262089.5
E01032367,389754.9,262618.0
E01032368,388812.5,264376.2
E01032369,388880.7,264019.9
E01032370,388651.4,263778.2
E01032371,388477.8,262536.9
E01032372,392321.4,241631.6
E01032373,392196.2,241665.3
E01032374,402405.4,238562.9
E01032375,397667.5,241759.0
E01032376,403962.7,244774.5
E01032377,403485.1,243936.5
E01032378,403815.0,244242.2
E01032379,404765.6,242628.6
E01032380,404381.4,243233.6
E01032381,404217.5,242619.9
E01032382,400368.2,245389.7
E01032383,398683.9,245238.7
E01032384,402587.2,243038.0
E01032385,402285.7,243254.9
E01032386,384278.3,269990.4
E01032387,384351.1,270767.4
E01032388,405437.1,249079.9
E01032389,403983.5,247550.8
E01032390,412658.7,245981.4
E01032391,411762.7,244346.0
E01032392,404703.1,259268.0
E01032393,401296.6,257239.6
E01032394,402405.8,251541.5
E01032395,396430.2,262794.1
E01032396,403487.4,242039.7
E01032397,403502.4,242725.3
E01032398,403938.1,242058.7
E01032399,386210.6,258941.1
E01032400,386787.9,259291.2
E01032401,388417.3,261970.6
E01032402,386810.3,251661.3
E01032403,387739.7,252853.8
E01032404,384276.5,264386.1
E01032405,394054.4,245692.0
E01032406,394657.0,245891.6
E01032407,394483.4,245330.1
E01032408,394488.8,246442.0
E01032409,394971.9,246963.9
E01032410,398215.1,248108.2
E01032411,395699.6,248695.0
E01032412,394826.4,237274.4
E01032413,399647.5,237949.1
E01032414,407870.9,247267.5
E01032415,409391.9,245846.2
E01032416,397883.1,255253.3
E01032417,393328.1,252414.5
E01032418,383368.8,275119.2
E01032419,384601.3,274828.0
E01032420,383770.5,274506.5
E01032421,384378.5,274379.4
E01032422,384078.6,274684.5
E01032423,380633.5,270480.0
E01032424,380613.0,269988.3
E01032425,379934.0,270218.3
E01032426,380168.3,269741.9
E01032427,377598.5,275070.5
E01032428,378511.2,275154.2
E01032429,377801.9,275406.8
E01032430,378111.2,275783.1
E01032431,389262.0,274083.5
E01032432,386719.4,275925.4
E01032433,388101.9,278389.1
E01032434,383233.8,277412.4
E01032435,383589.2,277213.6
E01032436,384365.7,278257.8
E01032437,383693.0,277943.7
E01032438,384227.5,277749.7
E01032439,384413.8,280324.5
E01032440,384619.8,280090.1
E01032441,381386.3,277741.9
E01032442,382703.5,278059.7
E01032443,382155.0,278153.9
E01032444,382368.7,277426.0
E01032445,381778.6,277754.0
E01032446,384303.7,277299.0
E01032447,383890.8,276963.1
E01032448,384750.6,277261.1
E01032449,383953.6,276594.2
E01032451,381549.3,276356.1
E01032452,381393.4,277065.9
E01032453,381029.6,276802.7
E01032454,382321.3,276870.2
E01032455,380294.4,273104.3
E01032456,381477.3,272095.5
E01032457,380089.9,272502.0
E01032458,380556.2,272545.4
E01032459,380996.4,272183.3
E01032460,381427.7,271636.3
E01032461,381439.4,270956.2
E01032462,382121.9,271745.4
E01032463,380386.7,271785.9
E01032464,385028.8,276476.8
E01032465,384667.3,276471.0
E01032466,384289.3,276201.6
E01032467,384213.2,275711.9
E01032468,384841.2,276885.3
E01032469,381462.1,274293.3
E01032471,381710.4,274985.6
E01032472,374618.0,273027.5
E01032473,373034.0,274470.0
E01032474,382759.5,276396.2
E01032475,382407.5,276054.9
E01032476,382009.5,276092.5
E01032477,381474.6,275718.7
E01032478,382054.8,275569.4
E01032479,382306.5,279314.5
E01032480,379563.3,275987.4
E01032481,379207.8,276167.6
E01032482,379050.5,275416.0
E01032483,433990.9,552888.1
E01032484,432892.4,553675.7
E01032485,373642.5,416170.5
E01032486,374026.8,416822.9
E01032487,436067.2,428682.4
E01032488,435670.0,428939.7
E01032489,426938.7,427975.8
E01032490,427378.4,427596.3
E01032491,427401.6,427197.1
E01032492,426918.2,427647.4
E01032493,425374.7,436660.2
E01032494,425253.3,437021.0
E01032496,432584.2,427067.2
E01032497,430621.7,428545.6
E01032498,430164.3,428231.9
E01032499,425873.5,433897.5
E01032500,426527.3,433681.1
E01032501,424687.8,439327.0
E01032502,424948.9,438922.2
E01032503,424461.1,443029.4
E01032504,425819.5,442705.9
E01032505,335959.1,387149.1
E01032506,336458.2,387397.0
E01032507,336688.7,387231.9
E01032508,339085.4,391111.4
E01032509,338782.6,391054.2
E01032510,337879.8,395368.7
E01032511,336888.9,395520.8
E01032512,525349.3,181801.3
E01032513,524980.0,181642.8
E01032514,358612.0,167767.2
E01032515,359121.4,167482.1
E01032516,355937.8,179223.1
E01032517,356985.4,178704.5
E01032518,364360.0,175374.6
E01032519,364037.7,175840.3
E01032520,456293.0,339858.4
E01032522,456735.2,339536.5
E01032523,568701.1,277888.2
E01032524,569471.2,277831.5
E01032526,567532.9,275725.3
E01032527,437189.9,277045.5
E01032528,436771.2,277350.4
E01032529,435965.4,276063.2
E01032530,435390.3,276645.6
E01032532,427577.0,277780.1
E01032533,428206.4,276778.8
E01032534,434017.5,276872.2
E01032535,434155.1,277298.8
E01032536,435705.4,283952.8
E01032537,435560.0,283622.0
E01032538,434957.7,283488.8
E01032540,449484.7,534145.3
E01032541,449075.1,533797.3
E01032542,441953.6,521381.9
E01032543,441593.8,521105.3
E01032544,442087.2,520608.4
E01032545,429596.0,517529.2
E01032546,429098.1,517649.2
E01032548,460173.3,515211.3
E01032549,459506.2,515609.4
E01032551,433689.4,407651.7
E01032552,448562.0,514331.6
E01032554,450683.4,209620.9
E01032555,450786.5,210008.9
E01032556,395161.4,404426.2
E01032557,395181.0,403609.0
E01032558,395196.2,407949.3
E01032559,394737.0,407558.8
E01032560,459497.3,523560.6
E01032561,458285.2,523737.0
E01032562,540000.5,171171.8
E01032563,539871.7,170680.1
E01032564,539675.0,171371.1
E01032565,539437.1,171030.5
E01032566,546487.2,176780.7
E01032567,546341.8,177504.1
E01032568,536051.7,168130.1
E01032569,535482.5,167726.6
E01032570,542079.9,158604.7
E01032571,541470.0,157071.7
E01032572,520563.3,179023.9
E01032573,520416.1,178370.2
E01032574,533652.3,192132.9
E01032575,533536.1,191542.2
E01032576,512316.7,186959.3
E01032577,511969.7,186206.3
E01032579,537466.5,177250.6
E01032580,547200.7,186939.5
E01032581,547357.4,187351.7
E01032582,531230.9,179638.0
E01032583,531730.0,179809.7
E01032584,531471.9,179552.8
E01032585,443075.0,380748.6
E01032586,442568.4,379366.6
E01032587,433390.3,283633.2
E01032588,433728.6,284448.1
E01032589,411375.9,280496.0
E01032590,411413.3,279643.7
E01032591,404212.2,291943.5
E01032592,401727.2,293630.1
E01032593,453511.2,514775.6
E01032594,453735.2,515353.7
E01032595,504719.1,427886.6
E01032596,504685.9,428571.9
E01032597,464310.1,305265.5
E01032599,459803.3,300426.1
E01032600,460118.0,299858.7
E01032601,460650.0,299981.0
E01032602,455225.3,305593.0
E01032603,454628.9,305372.9
E01032604,468373.0,105708.0
E01032605,469319.2,106306.3
E01032606,425181.8,434032.9
E01032607,426394.0,433456.9
E01032608,426289.9,433741.1
E01032609,490096.1,196748.3
E01032610,489529.7,196441.6
E01032611,566246.8,262488.5
E01032612,564804.0,263116.2
E01032613,444448.9,344953.8
E01032614,445308.5,343384.0
E01032615,470005.4,112059.2
E01032616,469282.0,112464.5
E01032617,469677.7,111724.1
E01032618,468797.2,112253.6
E01032619,560409.1,165160.9
E01032620,564845.7,158632.6
E01032621,457265.5,345641.1
E01032622,457341.3,346070.7
E01032623,524704.2,162332.3
E01032624,523487.0,162451.6
E01032625,486918.5,135094.7
E01032626,488536.9,135709.2
E01032627,350579.4,139287.8
E01032628,310688.5,98520.5
E01032631,329306.6,138083.4
E01032632,329177.4,138273.4
E01032633,329724.2,152405.3
E01032634,328453.2,137517.0
E01032635,308022.4,141877.1
E01032636,296636.3,145876.7
E01032637,533777.7,179838.2
E01032638,534090.8,179805.4
E01032639,532065.3,178568.5
E01032640,533722.2,180015.6
E01032643,368578.5,90730.1
E01032644,369099.1,90659.7
E01032645,369290.9,90281.3
E01032646,533302.1,179681.2
E01032647,430676.2,571069.4
E01032648,431048.5,571274.0
E01032649,426247.3,568722.6
E01032650,426603.4,568536.7
E01032651,319489.4,125845.7
E01032652,320094.5,126038.1
E01032653,594367.0,172398.2
E01032655,590171.1,167632.0
E01032656,589777.9,167532.1
E01032657,248442.8,54598.9
E01032658,248193.2,54430.4
E01032659,401235.1,90601.5
E01032660,401724.7,90589.3
E01032661,401133.4,90369.2
E01032662,401239.9,90432.5
E01032664,474757.8,123449.8
E01032665,474581.7,123699.8
E01032666,337468.7,162977.5
E01032667,337583.1,162776.0
E01032668,337360.2,163407.5
E01032669,335246.0,161251.9
E01032670,335691.2,161531.7
E01032671,335948.3,161467.4
E01032672,337175.2,162073.0
E01032673,336617.7,162313.2
E01032675,347344.9,177279.9
E01032676,347330.4,176958.4
E01032677,347673.9,176787.2
E01032678,347743.2,176347.0
E01032679,335143.2,161530.5
E01032680,345053.5,172701.2
E01032681,346601.8,176412.6
E01032682,347568.9,175855.3
E01032683,516380.5,409881.9
E01032684,382727.4,399100.8
E01032688,401824.8,160559.8
E01032689,400822.9,160154.8
E01032690,399810.1,172277.9
E01032691,399559.4,171994.4
E01032692,401910.0,162310.5
E01032693,401278.1,162356.1
E01032694,386173.2,150223.0
E01032695,386878.8,150461.6
E01032696,410769.3,145645.9
E01032697,423781.7,149022.4
E01032699,402142.4,179145.8
E01032700,412496.7,188318.6
E01032701,412814.3,188787.2
E01032702,413283.1,189129.9
E01032703,412155.3,188713.2
E01032704,412396.4,188710.9
E01032705,411742.6,189071.9
E01032706,414389.5,183494.5
E01032707,414594.7,183333.9
E01032708,413753.0,184555.8
E01032709,411650.9,189382.8
E01032710,413280.8,188775.0
E01032711,413103.0,189344.5
E01032712,412940.2,189492.0
E01032713,412286.6,189405.9
E01032714,415336.4,184484.1
E01032715,415497.2,184013.2
E01032716,413799.5,184978.5
E01032719,532000.1,178804.1
E01032724,487709.0,169328.7
E01032726,485263.2,167695.5
E01032728,487947.3,168913.0
E01032729,497132.7,179899.2
E01032730,497364.1,179957.9
E01032731,500692.2,178090.8
E01032732,501286.8,178537.3
E01032733,489361.2,181281.6
E01032734,489124.2,180973.0
E01032735,590704.5,162342.2
E01032737,590715.7,162517.5
E01032738,442017.8,112783.5
E01032739,532611.0,180943.5
E01032740,531728.6,181540.4
E01032741,551568.1,188783.5
E01032742,551811.4,189026.9
E01032743,512641.9,182507.7
E01032744,512983.6,182681.8
E01032745,442592.3,111451.9
E01032746,442088.8,111116.8
E01032748,442654.6,110923.8
E01032750,442359.6,112837.9
E01032751,442344.6,111217.1
E01032753,442659.1,114750.6
E01032755,442663.0,111963.1
E01032759,473486.8,168527.0
E01032764,537442.2,183365.1
E01032765,537167.6,183360.4
E01032767,534071.8,181019.7
E01032768,536209.9,180889.5
E01032769,536036.4,180984.4
E01032770,537448.8,179562.7
E01032771,537619.3,179851.8
E01032772,537490.9,179695.4
E01032774,537621.8,179458.9
E01032775,537134.1,178883.4
E01032776,538517.1,180540.3
E01032777,538797.8,180824.9
E01032779,538495.4,180425.7
E01032780,538182.5,180220.2
E01032781,537083.8,179731.9
E01032782,537198.1,179949.6
E01032783,537278.2,178851.9
E01032784,536947.5,183154.9
E01032785,535915.4,182898.0
E01032786,535671.1,183082.8
E01032787,535292.1,182491.7
E01032788,526042.3,176052.5
E01032789,526297.3,176480.2
E01032790,526280.0,176342.5
E01032792,546365.7,259627.1
E01032794,545258.5,256344.1
E01032799,564223.6,174136.2
E01032800,564352.8,174435.8
E01032802,546424.7,259924.8
E01032803,533084.6,179567.9
E01032807,614673.7,157679.6
E01032808,614449.5,157658.6
E01032810,601233.1,145275.4
E01032811,602416.2,143960.2
E01032812,601277.4,145646.9
E01032813,598316.3,141578.3
E01032814,598466.0,141867.8
E01032815,601988.9,140726.0
E01032816,599027.4,140374.1
E01032817,601765.2,140689.8
E01032818,601461.7,139338.7
E01032819,601367.3,139029.7
E01032820,599712.6,143753.6
E01032821,599220.7,143419.6
E01032822,602182.2,144365.7
E01032823,599358.1,140460.9
E01032824,602327.1,141029.1
E01032825,568242.0,155492.1
E01032826,567754.5,155137.8
E01032827,568610.2,155191.5
E01032828,567045.7,154670.2
E01032829,566987.0,159796.5
E01032830,570248.1,161203.0
E01032831,564496.2,102457.9
E01032832,563678.5,101891.1
E01032833,564481.0,101977.9
E01032834,533898.5,179845.5
E01032835,527873.0,136472.0
E01032836,527788.1,136823.0
E01032837,532367.5,123341.9
E01032838,532405.7,122592.7
E01032839,532655.5,124241.3
E01032841,461401.8,153832.1
E01032842,463886.1,152429.1
E01032843,463676.6,154725.3
E01032844,463221.9,154248.6
E01032845,462974.3,152095.9
E01032846,463251.5,152397.0
E01032847,463987.5,152103.1
E01032848,460048.5,147740.4
E01032849,460379.5,147969.8
E01032850,460423.0,148573.2
E01032852,479736.8,155545.8
E01032853,479808.2,155235.2
E01032854,480557.5,155522.3
E01032855,472279.9,147504.3
E01032856,473595.5,149820.3
E01032857,481803.6,155587.6
E01032858,487864.3,150770.7
E01032859,452958.3,109095.8
E01032860,452768.7,109836.3
E01032862,463575.0,307367.3
E01032863,463160.3,307481.2
E01032865,463459.3,306958.9
E01032868,458577.9,304061.1
E01032870,434372.9,145040.0
E01032871,434647.6,143869.6
E01032872,459226.8,304577.7
E01032873,459053.3,304186.3
E01032876,427502.4,438028.9
E01032877,455729.2,103818.2
E01032878,461866.8,99949.5
E01032879,462112.6,99877.4
E01032880,457129.9,100854.3
E01032881,457294.2,100154.9
E01032883,456860.6,100363.8
E01032884,459750.0,100766.5
E01032885,411270.8,276220.6
E01032886,411351.9,276349.1
E01032888,401804.9,300678.4
E01032891,451732.0,278146.8
E01032893,447387.3,273607.5
E01032894,447491.8,274116.2
E01032895,447830.9,274455.8
E01032896,424480.1,323087.0
E01032897,425522.9,324708.6
E01032898,424473.3,322568.8
E01032899,411405.0,309306.8
E01032900,411037.3,308664.5
E01032901,422265.7,300496.2
E01032902,422448.8,301051.3
E01032904,350044.6,392853.9
E01032905,350381.2,392206.3
E01032906,382686.8,398503.7
E01032909,383548.7,398819.2
E01032912,381382.8,397599.5
E01032914,380940.6,397926.8
E01032915,382078.0,397491.9
E01032920,393669.1,405999.5
E01032922,399972.7,405530.5
E01032923,409110.6,426118.6
E01032924,441259.1,402704.9
E01032925,440522.9,402613.8
E01032926,447916.7,393423.5
E01032927,447824.9,393006.4
E01032930,341139.8,366794.1
E01032931,341395.1,366549.3
E01032932,382851.6,219547.8
E01032933,381281.0,214054.1
E01032935,381654.8,214069.5
E01032937,383233.0,218678.9
E01032938,390939.9,231493.0
E01032939,390209.9,231870.8
E01032940,390499.2,231544.7
E01032941,446545.2,240744.4
E01032942,446340.3,240526.6
E01032943,443812.3,242516.9
E01032944,444114.8,242319.9
E01032946,428570.3,435904.9
E01032947,436981.6,210533.0
E01032948,436879.0,210784.1
E01032949,428639.9,208084.4
E01032950,428284.3,208132.7
E01032951,428268.2,207576.5
E01032952,436134.4,210138.2
E01032953,427820.8,207344.1
E01032955,482250.0,213330.4
E01032956,479713.3,213907.5
E01032957,480067.9,213743.0
E01032958,480290.8,220505.5
E01032961,481744.6,213861.7
E01032962,480433.7,213578.7
E01032963,487348.4,286488.5
E01032964,487870.3,286798.8
E01032965,488452.3,287417.4
E01032966,488404.0,287041.4
E01032967,488166.2,286236.4
E01032969,480517.0,284011.1
E01032970,479949.9,283745.9
E01032971,480354.7,283525.4
E01032972,483354.8,276046.4
E01032973,480732.3,275822.5
E01032974,481123.3,276469.4
E01032976,471134.9,260965.4
E01032978,475108.9,260851.1
E01032979,475050.4,260510.2
E01032980,475310.8,259591.7
E01032981,475663.5,259582.7
E01032982,476336.0,255292.3
E01032983,476720.6,255073.9
E01032984,476565.9,254581.8
E01032985,475764.9,251700.4
E01032986,532815.5,387566.5
E01032987,533288.9,387882.4
E01032988,494058.2,365463.3
E01032989,493031.5,365733.1
E01032991,494078.6,367204.6
E01032992,493525.1,366499.1
E01032993,493709.8,365699.0
E01032994,492478.6,365652.7
E01032995,524751.3,323026.5
E01032996,525042.1,323655.2
E01032997,510202.9,319013.2
E01032998,509711.6,319068.3
E01032999,510072.6,319670.8
E01033000,510305.3,173130.9
E01033002,430379.3,434414.2
E01033003,430544.5,434435.7
E01033008,429735.1,434247.7
E01033010,430224.4,434128.3
E01033011,430616.0,433345.7
E01033013,429057.2,432419.4
E01033015,429418.6,433252.9
E01033016,430210.2,433106.9
E01033021,431386.9,433267.8
E01033022,506429.7,205016.6
E01033023,505870.5,205496.8
E01033024,526475.2,227028.1
E01033025,526149.7,227212.8
E01033026,525478.4,227668.9
E01033027,525595.6,227492.6
E01033028,517151.8,204266.6
E01033029,516694.3,204049.1
E01033030,510480.7,173055.0
E01033031,431059.3,434050.2
E01033033,430936.8,433274.0
E01033034,431041.8,433035.9
E01033035,431333.0,434247.7
E01033036,561840.3,303592.8
E01033037,562023.8,303840.1
E01033038,560626.8,303328.7
E01033039,561338.1,303105.6
E01033040,593647.0,300263.8
E01033041,594035.5,300559.6
E01033042,600479.3,319607.4
E01033043,584789.1,264747.1
E01033044,588076.8,264920.3
E01033045,588059.1,264528.6
E01033046,585260.9,264778.9
E01033047,584424.1,264346.9
E01033048,586058.6,264584.8
E01033049,585444.6,264620.1
E01033050,587703.4,264258.9
E01033051,623606.1,230898.7
E01033052,567806.5,220697.0
E01033053,566384.7,220730.1
E01033054,562132.1,222289.3
E01033055,561858.9,222369.5
E01033056,562878.8,222621.2
E01033058,430445.5,276944.7
E01033059,397304.7,270424.8
E01033060,399003.8,269683.0
E01033061,396979.9,270250.1
E01033062,395058.5,268801.5
E01033063,558754.9,192591.5
E01033064,559096.6,192760.5
E01033067,460996.9,451562.7
E01033068,460075.9,451551.2
E01033069,460077.9,451389.6
E01033070,460808.5,451623.2
E01033071,347760.9,461508.1
E01033072,342437.0,458728.1
E01033073,347559.1,461224.9
E01033076,436405.0,556835.0
E01033077,438238.0,552666.9
E01033078,377346.8,160980.1
E01033079,373774.9,158075.7
E01033080,374380.3,165189.2
E01033081,518062.2,177541.9
E01033082,517814.4,177204.9
E01033083,513894.9,175899.7
E01033084,513894.3,175340.9
E01033086,530341.5,189545.2
E01033087,575601.2,155103.9
E01033088,573370.8,155463.2
E01033089,573470.5,155146.6
E01033091,575217.8,155161.7
E01033092,576476.0,155462.1
E01033094,333726.2,417714.5
E01033095,334456.8,397176.6
E01033097,334053.5,417657.6
E01033098,528676.5,177365.2
E01033099,526813.9,176232.2
E01033100,528693.8,176811.5
E01033102,444359.2,313413.6
E01033103,443974.6,313602.7
E01033104,509817.0,428600.4
E01033105,509175.6,434759.3
E01033107,508736.9,434750.1
E01033109,509955.4,429201.6
E01033111,545994.9,309008.2
E01033112,546233.5,309442.9
E01033113,532360.5,259742.8
E01033114,531901.1,259485.7
E01033115,531816.7,258929.9
E01033116,532646.5,258675.9
E01033117,531108.3,259579.0
E01033118,530456.4,259143.1
E01033120,544628.4,261395.4
E01033121,544947.4,261651.7
E01033122,616530.8,243515.0
E01033123,617602.4,243981.5
E01033124,616514.6,244057.6
E01033125,616283.1,244417.3
E01033126,617115.2,243831.9
E01033127,619418.4,241427.3
E01033128,619246.4,241864.8
E01033129,616891.5,244481.5
E01033130,616302.8,243733.4
E01033131,619340.1,242421.4
E01033132,528810.1,177522.9
E01033133,526648.5,176173.0
E01033135,524739.6,175087.7
E01033137,571825.5,205349.8
E01033138,569555.4,206038.9
E01033139,569914.2,206215.6
E01033140,571023.3,206310.1
E01033142,573717.6,207793.7
E01033144,573060.2,209429.3
E01033145,571685.5,204826.3
E01033146,535422.8,193634.4
E01033148,537445.1,198234.8
E01033150,537360.3,198638.9
E01033151,535336.6,194010.9
E01033156,381747.5,125879.0
E01033158,384869.6,125777.9
E01033160,317547.3,469388.8
E01033161,439834.7,546842.7
E01033163,442268.7,550098.5
E01033166,435798.4,335543.2
E01033167,436020.0,334917.5
E01033168,437457.5,330847.8
E01033169,437174.1,330433.9
E01033170,437563.7,330306.7
E01033171,437475.7,334213.5
E01033172,437085.2,334507.6
E01033173,517853.7,297646.0
E01033174,517999.2,294632.0
E01033175,517448.8,294849.2
E01033177,517016.5,294280.3
E01033179,518723.4,296392.4
E01033180,516839.9,294693.3
E01033181,517552.5,295249.5
E01033182,518313.5,297212.5
E01033184,416982.9,497966.0
E01033185,411519.7,490691.7
E01033186,411645.2,490351.2
E01033188,521142.9,236251.7
E01033189,520821.3,235389.9
E01033190,520164.0,234920.2
E01033191,493661.6,224387.5
E01033192,493297.8,224022.1
E01033195,428026.8,542856.0
E01033197,427947.2,542080.1
E01033198,439553.0,547172.4
E01033200,368669.6,73437.1
E01033205,438614.4,544955.1
E01033206,437855.3,545283.2
E01033208,530211.9,177963.4
E01033209,632300.6,141712.1
E01033210,628747.9,144401.7
E01033211,631991.2,141634.6
E01033212,622777.3,136037.8
E01033213,620796.5,139312.0
E01033214,621194.7,139479.5
E01033215,622740.9,135778.6
E01033217,371333.9,409233.1
E01033218,366177.0,406884.5
E01033219,366916.7,407482.3
E01033220,371562.8,409823.5
E01033223,353765.5,429717.2
E01033224,354532.8,429254.4
E01033226,354430.2,429127.6
E01033228,342808.2,392287.2
E01033229,450932.2,94012.1
E01033232,295684.1,91631.2
E01033234,295838.5,91288.2
E01033235,296507.8,88350.0
E01033236,296751.7,87892.6
E01033237,450897.0,94502.5
E01033239,434237.5,86807.4
E01033241,411266.0,91558.9
E01033242,408106.2,91391.7
E01033243,397325.0,269134.2
E01033244,495531.5,268897.2
E01033245,495729.5,268357.1
E01033246,384592.9,255521.9
E01033247,384809.8,255207.9
E01033248,385246.4,255068.1
E01033249,385356.1,254542.0
E01033250,421328.8,253935.0
E01033251,421552.2,253817.1
E01033252,421496.3,254476.3
E01033253,431876.7,266007.1
E01033254,426684.0,263561.3
E01033255,427060.4,263659.0
E01033256,431582.6,266085.5
E01033257,385042.8,342705.8
E01033259,461817.0,404657.1
E01033260,461881.9,405032.9
E01033261,434987.2,387591.6
E01033262,435263.7,387822.3
E01033263,434855.9,388174.0
E01033264,435512.6,387514.0
E01033265,435064.0,387274.5
E01033268,436209.5,387417.7
E01033269,435983.0,388521.7
E01033270,435684.0,388208.9
E01033271,434709.0,386280.3
E01033272,434484.7,386205.8
E01033273,435571.2,386167.8
E01033274,435482.6,386677.6
E01033275,432049.9,391201.9
E01033276,434718.6,387726.5
E01033277,435474.8,392275.8
E01033279,441189.4,383574.0
E01033280,431210.7,392707.0
E01033281,381368.2,422630.7
E01033283,411266.3,91367.2
E01033285,408193.9,91229.1
E01033286,407625.1,91609.0
E01033288,407113.5,91839.5
E01033289,194867.2,76661.6
E01033291,210694.6,83859.5
E01033292,210204.9,83221.9
E01033294,242499.2,55396.0
E01033296,490956.7,408065.1
E01033297,490721.8,407689.5
E01033299,361368.1,388937.8
E01033300,360510.6,388271.5
E01033302,359860.7,388554.8
E01033303,360936.3,389212.3
E01033305,450073.8,197374.4
E01033306,449763.3,197189.0
E01033308,521189.2,208688.2
E01033310,521724.6,209866.5
E01033311,522312.3,209300.7
E01033313,521692.9,210311.2
E01033314,520900.9,208985.1
E01033316,605762.9,258999.1
E01033317,605334.0,258921.7
E01033319,606286.4,258693.1
E01033320,538831.7,173868.3
E01033322,538852.3,174108.7
E01033324,537382.2,176477.2
E01033325,537536.3,176704.8
E01033327,538240.2,175293.8
E01033328,531202.3,104683.9
E01033329,531108.5,105091.9
E01033330,383117.9,399244.3
E01033334,367242.0,176743.8
E01033336,366900.5,176374.7
E01033338,366572.5,175109.5
E01033339,366510.5,174910.1
E01033341,538268.1,175041.3
E01033342,358915.0,173653.4
E01033344,358102.3,172762.4
E01033347,359356.4,173752.1
E01033348,359297.3,173963.0
E01033350,357722.2,172302.6
E01033352,359928.4,172811.5
E01033353,359663.9,173128.1
E01033356,360758.7,173183.9
E01033358,359750.0,173385.6
E01033359,358950.9,171874.2
E01033361,358469.3,171645.1
E01033362,358199.9,171202.7
E01033364,358045.2,171149.3
E01033366,359551.6,174049.5
E01033367,359012.6,174012.6
E01033369,360539.2,173367.0
E01033370,359218.8,172154.4
E01033372,364504.8,352541.9
E01033373,364711.7,352296.9
E01033375,366246.0,351500.5
E01033376,365955.1,351798.7
E01033378,367032.7,351221.3
E01033380,463179.8,99825.3
E01033381,463301.0,100486.4
E01033383,463399.3,100228.6
E01033384,463301.8,99498.3
E01033386,451644.7,320798.8
E01033387,438549.1,370655.4
E01033388,438158.2,370297.1
E01033389,454792.1,360094.3
E01033390,454965.5,359862.7
E01033391,454458.9,359419.4
E01033392,451300.9,363491.2
E01033394,477682.5,352239.1
E01033395,455030.7,340129.0
E01033396,455350.2,340030.9
E01033397,455891.5,344390.0
E01033398,456007.0,344227.6
E01033399,457552.2,340470.5
E01033400,457619.2,339096.7
E01033402,457675.8,339363.8
E01033407,457764.8,339877.8
E01033409,457361.4,340279.5
E01033410,455192.5,339091.1
E01033411,457916.8,340602.1
E01033412,448721.7,339268.1
E01033413,448030.7,344010.6
E01033414,524926.3,408999.9
E01033415,471438.6,173659.4
E01033417,472315.5,173148.6
E01033418,472268.3,173475.9
E01033420,471376.2,173089.5
E01033421,472638.2,173487.8
E01033422,470810.4,173257.5
E01033423,471009.7,173319.5
E01033425,552845.8,280393.7
E01033426,554036.1,281296.3
E01033427,558754.0,274194.4
E01033429,559172.0,274088.0
E01033430,554628.1,281147.0
E01033431,505478.9,253381.6
E01033434,622540.1,307862.7
E01033435,617839.5,308614.2
E01033436,618465.0,309213.0
E01033437,622349.1,308225.3
E01033438,623696.4,308703.7
E01033440,623494.7,308301.4
E01033441,623853.0,307790.3
E01033442,623343.5,245283.8
E01033443,632011.0,248166.5
E01033444,622702.9,245020.3
E01033445,633863.4,253255.6
E01033446,636231.5,245507.0
E01033447,623466.6,245733.8
E01033448,634336.5,241796.9
E01033449,633850.2,253693.7
E01033450,631217.2,235709.9
E01033452,570119.4,269959.2
E01033454,569860.6,270519.4
E01033455,521965.0,183261.6
E01033456,520521.2,184086.7
E01033457,518877.2,185951.0
E01033458,576305.6,222886.8
E01033459,576140.1,223069.7
E01033460,581174.5,213391.0
E01033461,581550.0,213322.8
E01033462,581512.0,213986.3
E01033463,518422.0,188601.4
E01033465,448753.0,534887.4
E01033466,450221.3,533740.3
E01033467,449130.6,534666.2
E01033469,449829.6,518308.1
E01033470,453435.7,520287.6
E01033471,455311.0,519935.3
E01033472,460807.0,514986.0
E01033473,471525.8,518427.5
E01033474,444129.8,514269.7
E01033475,443779.4,515013.8
E01033476,441859.5,526976.6
E01033479,444314.4,514775.8
E01033480,443715.3,525001.5
E01033481,426677.2,516873.7
E01033482,427218.0,516951.0
E01033485,521814.1,183153.1
E01033486,531024.8,185148.4
E01033487,530826.5,185267.2
E01033488,530862.9,185121.8
E01033489,531838.4,182306.5
E01033490,532047.1,182125.0
E01033491,531047.4,185550.1
E01033493,531608.2,186015.5
E01033494,531480.3,185975.8
E01033495,495181.1,426494.2
E01033496,494919.6,427289.9
E01033497,488383.0,234162.0
E01033498,487409.9,235913.7
E01033499,485354.7,239063.0
E01033500,484926.7,238393.5
E01033501,488611.4,238271.2
E01033503,488675.8,239459.0
E01033506,488848.4,238027.8
E01033508,489986.8,239412.0
E01033511,489295.8,239594.6
E01033514,482040.9,234729.2
E01033515,482848.5,235235.0
E01033517,482085.6,234252.1
E01033519,482598.1,234029.1
E01033520,483348.5,233980.2
E01033522,481833.5,236605.8
E01033523,481964.3,236306.4
E01033526,351353.2,274604.0
E01033527,351008.3,274935.6
E01033528,330497.0,329905.2
E01033530,330883.1,303004.7
E01033532,424609.3,330039.3
E01033533,424830.4,330185.6
E01033534,424404.8,330179.0
E01033535,431233.2,319792.2
E01033536,430989.7,319401.2
E01033537,429005.6,318117.7
E01033539,612747.9,279892.9
E01033540,616443.4,311823.8
E01033541,612424.7,279433.8
E01033543,424690.3,564138.1
E01033545,424621.9,563739.3
E01033547,420463.2,564251.6
E01033548,425900.8,564255.2
E01033550,423440.3,570338.0
E01033551,424445.5,570249.1
E01033553,425531.4,564293.8
E01033556,423186.0,564979.2
E01033557,406351.8,286268.1
E01033559,406201.2,287954.1
E01033561,408003.2,287446.8
E01033562,403652.5,283517.2
E01033564,405601.1,286466.1
E01033565,406048.6,287170.5
E01033567,407066.6,286196.4
E01033569,518278.6,169828.7
E01033570,519692.2,176928.7
E01033571,519475.6,176301.4
E01033579,537972.0,183248.4
E01033580,540490.7,180383.4
E01033581,543095.8,180069.6
E01033582,543889.5,179991.2
E01033584,540222.8,181231.6
E01033586,538450.2,183414.3
E01033587,544116.4,183489.5
E01033589,544106.4,186644.1
E01033590,546977.8,188552.9
E01033591,544744.5,186709.3
E01033592,546752.1,188521.1
E01033593,526710.8,181636.7
E01033594,526940.9,181345.1
E01033597,528567.7,178077.8
E01033598,526908.1,182292.4
E01033599,528683.5,178115.1
E01033601,527231.0,182272.4
E01033602,527060.6,182129.0
E01033603,527324.3,181901.4
E01033604,527056.0,181849.3
E01033605,526851.3,182114.7
E01033609,529832.4,219382.5
E01033610,559560.7,178430.3
E01033611,559106.6,178300.9
E01033612,560610.1,179217.3
E01033613,559188.0,178746.5
E01033614,560345.2,179321.8
E01033615,407026.5,286317.7
E01033616,406794.3,286258.9
E01033617,407443.2,287537.0
E01033618,405641.0,286699.4
E01033620,406921.3,286844.0
E01033622,406507.4,287271.4
E01033623,406465.0,287579.1
E01033624,406501.2,285861.8
E01033625,406572.3,286617.3
E01033626,406239.5,285931.7
E01033627,405691.2,287088.5
E01033629,400533.4,281995.6
E01033630,410079.0,291542.2
E01033638,406123.3,288616.7
E01033640,406882.4,285740.1
E01033642,410904.3,285771.8
E01033643,409444.3,283959.8
E01033646,410192.4,291151.7
E01033648,408208.8,283746.6
E01033649,410533.4,287147.9
E01033650,409213.2,284879.3
E01033651,384633.0,398977.1
E01033653,384369.9,397864.5
E01033654,384727.1,397802.2
E01033655,384186.0,399376.8
E01033656,383903.6,397246.4
E01033658,384081.2,398639.3
E01033660,382588.4,397292.8
E01033661,384996.8,398563.5
E01033662,384078.3,397478.5
E01033664,384447.3,398980.0
E01033665,384247.7,399351.5
E01033667,384457.7,398619.7
E01033668,387209.0,398823.0
E01033669,386816.2,398259.2
E01033670,383637.8,392491.3
E01033671,383906.1,392368.0
E01033672,382743.1,397089.5
E01033673,382710.9,397450.7
E01033674,383728.0,399494.3
E01033675,383547.3,400491.3
E01033676,384890.4,400578.5
E01033677,383787.2,397623.9
E01033678,386027.3,400414.0
E01033679,385727.5,400201.5
E01033680,383200.2,395076.2
E01033681,383058.3,397850.6
E01033682,383056.4,397461.0
E01033684,385558.5,398087.1
E01033685,387976.9,403191.2
E01033686,382874.4,395025.5
E01033687,387470.5,403262.5
E01033688,386128.3,398182.4
E01033689,414661.1,437910.6
E01033690,416353.1,433343.2
E01033691,415866.9,433335.3
E01033692,416894.5,433198.3
E01033693,415993.8,434090.2
E01033694,414087.6,437758.6
E01033695,412505.3,430291.8
E01033696,412122.6,430607.5
E01033697,414106.7,432289.7
E01033699,533592.6,185123.3
E01033700,533647.8,184696.9
E01033702,535234.4,186953.8
E01033703,534927.4,185682.4
E01033704,534847.1,184270.7
E01033705,535272.2,186670.1
E01033706,533393.3,182717.8
E01033708,533201.7,182369.6
E01033709,532750.0,183018.1
E01033710,535365.1,186816.5
E01033711,532757.5,182786.2
E01033712,534612.3,183778.1
E01033713,534730.5,185792.0
E01033714,415615.3,572337.0
E01033715,418897.5,612943.5
E01033716,429270.3,586747.7
E01033717,418597.0,612633.4
E01033718,419456.5,585425.6
E01033719,601825.7,224241.3
E01033720,600582.2,228371.0
E01033721,600702.4,228577.1
E01033722,602012.1,224822.4
E01033727,537493.7,177701.4
E01033728,537530.9,177889.2
E01033729,544891.1,174198.3
E01033732,539808.1,179160.5
E01033734,544101.5,179279.9
E01033735,543434.8,178943.3
E01033736,543724.3,179295.6
E01033737,543232.2,178902.8
E01033738,540351.5,178256.0
E01033739,544960.9,180223.4
E01033740,544955.8,180010.2
E01033741,545409.3,179885.4
E01033742,544471.9,179584.1
E01033743,545874.4,180295.0
E01033744,544493.7,179324.4
E01033745,546205.2,180169.3
E01033746,538049.9,177066.7
E01033747,336060.3,392761.5
E01033748,335570.8,387311.1
E01033750,334728.4,388921.3
E01033751,334343.0,391241.8
E01033756,334654.5,389976.4
E01033757,335899.0,389655.6
E01033758,335544.5,390881.0
E01033760,335053.4,390442.5
E01033761,334909.9,389898.8
E01033762,334504.6,390904.5
E01033763,336988.5,390330.7
E01033765,335046.0,388503.7
E01033767,335645.6,387532.8
E01033768,335883.7,389400.9
E01033769,459459.0,372842.8
E01033770,466394.2,367260.0
E01033771,465539.2,367141.1
E01033772,458665.1,363943.5
E01033773,458970.1,363800.3
E01033774,458724.8,363144.8
E01033775,455680.8,362775.2
E01033776,455864.4,362452.7
E01033777,482616.3,350823.6
E01033778,454563.9,350002.9
E01033779,454366.0,349643.2
E01033780,482636.8,350560.5
E01033781,454177.9,348659.9
E01033782,454415.1,348130.0
E01033783,454484.5,347642.2
E01033784,554090.1,190595.8
E01033785,554549.7,190520.8
E01033786,551114.2,188109.5
E01033787,550920.3,188086.2
E01033788,551317.7,187493.4
E01033789,552215.1,177227.2
E01033790,552177.1,176802.4
E01033791,551423.0,174787.7
E01033792,551235.0,174169.6
E01033793,356947.7,394963.3
E01033794,356647.4,395324.6
E01033795,354380.8,393228.5
E01033796,353517.7,393095.1
E01033797,333381.1,417152.7
E01033798,333754.2,417110.9
E01033799,338986.0,402712.2
E01033800,338629.6,402727.4
E01033801,509181.1,221946.3
E01033802,509252.7,221792.3
E01033803,508851.1,221415.1
E01033804,508619.1,221250.3
E01033805,509329.3,221334.5
E01033806,509189.8,220885.1
E01033807,509170.4,220600.7
E01033808,520382.3,244635.3
E01033809,520512.1,244970.0
E01033810,520306.0,243883.5
E01033811,520215.3,245289.0
E01033812,520535.1,245538.2
E01033813,519822.2,245019.3
E01033814,494122.8,242657.2
E01033815,495861.1,242860.5
E01033816,495304.3,241640.9
E01033817,504585.4,241660.6
E01033818,503972.0,243383.4
E01033819,499957.8,241616.4
E01033820,499016.5,239087.3
E01033821,499453.9,242548.9
E01033822,499083.7,241372.9
E01033823,499779.2,241938.3
E01033824,507975.5,235330.0
E01033825,507972.2,235759.4
E01033826,494252.9,225648.9
E01033827,496999.1,224233.5
E01033828,492515.7,223582.4
E01033829,493066.9,224160.9
E01033830,492717.2,224780.0
E01033831,493661.7,224963.3
E01033832,493003.0,223633.3
E01033833,493531.0,223909.2
E01033834,501047.0,222666.6
E01033835,500890.4,222909.2
E01033836,502305.0,222148.3
E01033837,501911.7,222208.1
E01033838,471764.8,172882.2
E01033839,471988.4,172894.9
E01033840,412516.5,190072.4
E01033841,412809.7,190445.9
E01033842,411967.7,190110.3
E01033843,415164.9,190835.4
E01033844,413847.9,190078.2
E01033845,414941.0,184929.2
E01033846,414566.4,184612.5
E01033847,415781.2,182754.5
E01033848,414514.5,182602.6
E01033849,418590.3,182414.4
E01033850,416103.6,179343.6
E01033851,450590.3,171096.7
E01033852,448501.1,165986.1
E01033853,447981.7,165206.5
E01033854,448618.5,166716.6
E01033855,447011.3,166827.1
E01033856,447089.2,167320.6
E01033857,471953.2,170893.8
E01033858,471243.2,170590.8
E01033859,471267.8,170871.8
E01033860,414797.1,188906.4
E01033861,414456.0,189551.5
E01033862,530520.1,178545.0
E01033863,530794.2,178230.0
E01033864,530807.3,177617.4
E01033865,530298.2,177601.4
E01033866,530086.7,177491.1
E01033867,532160.6,179681.3
E01033868,532001.4,179639.4
E01033869,534256.5,179530.8
E01033870,533615.8,179227.3
E01033871,534365.7,179294.8
E01033872,533880.2,179088.0
E01033873,532382.7,179068.3
E01033874,532155.6,178940.4
E01033875,532525.8,178772.1
E01033876,532275.0,178695.0
E01033877,532412.6,178530.0
E01033878,533300.4,178260.0
E01033879,533005.0,178066.8
E01033880,533741.1,178047.3
E01033881,532749.9,177949.5
E01033882,534554.5,177188.0
E01033883,534653.2,176924.5
E01033884,533409.6,180007.7
E01033885,533685.6,179742.4
E01033886,395300.6,293247.7
E01033887,395301.8,292696.4
E01033888,399367.7,291821.8
E01033889,399208.6,291500.5
E01033890,403290.1,288255.0
E01033891,403122.3,288380.8
E01033892,403339.1,287834.3
E01033893,403281.6,287463.6
E01033894,401297.7,301630.3
E01033895,401453.7,301142.7
E01033896,401301.3,297928.1
E01033897,400989.4,297963.2
E01033898,412852.2,435393.7
E01033899,412592.0,435083.9
E01033900,414758.3,432637.6
E01033901,414809.4,432456.4
E01033902,359074.3,172695.5
E01033903,359248.5,172699.2
E01033904,358718.3,173303.9
E01033905,358131.5,173131.8
E01033906,358122.9,172489.3
E01033907,358716.7,173072.4
E01033908,358838.9,172792.8
E01033909,358410.5,172907.4
E01033910,358886.0,172162.6
E01033911,523626.6,191981.7
E01033912,524209.5,191925.2
E01033913,519845.6,191006.2
E01033914,520057.6,190921.9
E01033915,522166.9,189954.5
E01033916,521389.1,190176.2
E01033917,521912.2,190021.3
E01033918,521757.6,189962.8
E01033919,521997.0,189979.4
E01033920,521669.8,189668.8
E01033921,521083.2,190067.7
E01033922,521196.4,189899.3
E01033923,521072.2,189601.7
E01033924,520886.8,189644.8
E01033925,521793.1,189382.8
E01033926,536012.9,195822.5
E01033927,529466.8,194422.1
E01033928,529834.9,194104.1
E01033929,520470.0,189773.9
E01033930,520508.8,189446.5
E01033931,519762.7,186439.6
E01033932,519999.2,186361.9
E01033933,521914.7,186618.9
E01033934,521570.1,186544.6
E01033935,518184.0,185301.7
E01033936,518440.2,185219.4
E01033937,520900.6,183616.7
E01033938,520239.6,182969.4
E01033939,519132.0,182808.4
E01033940,519243.8,185950.9
E01033941,518991.0,185772.5
E01033942,519138.1,185802.4
E01033943,534231.7,189949.2
E01033944,534617.7,189578.6
E01033945,530587.3,189608.7
E01033946,530536.4,189444.5
E01033947,389871.3,390309.0
E01033948,389722.9,389815.9
E01033949,393245.9,398859.4
E01033950,393205.6,398411.3
E01033951,467486.2,237443.1
E01033952,470714.5,235460.6
E01033953,470662.7,232737.5
E01033954,470113.3,233025.3
E01033955,484442.3,215374.7
E01033956,483842.3,215066.8
E01033957,484407.4,214488.5
E01033958,481099.1,215711.7
E01033959,481289.9,215732.8
E01033960,478712.2,216203.1
E01033961,479284.3,216382.3
E01033962,479148.1,216302.9
E01033963,478829.2,215915.4
E01033964,479195.8,215474.5
E01033965,487895.9,212413.3
E01033966,485796.6,212665.7
E01033967,479615.5,214865.2
E01033968,488145.7,209273.6
E01033969,487948.8,208638.8
E01033970,479257.2,201349.3
E01033971,481252.1,197981.1
E01033972,488529.3,192032.7
E01033973,489291.7,191734.1
E01033974,488244.1,192219.0
E01033975,488890.6,191638.6
E01033976,374711.6,403205.8
E01033977,374114.7,403097.7
E01033978,379811.4,401635.6
E01033979,380091.4,401786.5
E01033980,381548.1,400227.6
E01033981,381983.9,399897.9
E01033982,379664.5,398877.0
E01033983,379661.3,398473.8
E01033984,381093.9,398568.3
E01033985,382862.0,400144.0
E01033986,382705.6,399877.5
E01033987,383462.1,399105.2
E01033988,383355.5,398868.8
E01033989,383046.3,398707.3
E01033990,383226.8,398632.2
E01033991,382483.7,398947.3
E01033992,382525.8,398163.7
E01033993,382456.5,397712.2
E01033994,382437.2,397449.6
E01033995,380570.8,397413.5
E01033996,380152.3,397335.3
E01033997,381257.0,397080.1
E01033998,380946.4,397040.6
E01033999,381411.5,396938.0
E01034000,382302.3,396571.8
E01034001,382446.1,396467.9
E01034002,453823.5,317663.1
E01034003,454112.3,317501.2
E01034004,453567.8,316824.8
E01034005,453255.6,317083.4
E01034006,458844.1,310343.0
E01034007,458966.2,309661.4
E01034008,459183.1,306298.4
E01034009,459148.8,305945.6
E01034010,458086.7,306438.2
E01034011,458721.6,305922.6
E01034012,458319.5,304758.1
E01034013,457826.1,303858.8
E01034014,457956.2,303629.7
E01034015,457871.7,303179.4
E01034016,457600.4,303171.4
E01034017,464015.6,306606.5
E01034018,464072.2,306301.8
E01034019,459528.9,303896.4
E01034020,458503.8,303748.0
E01034021,459054.7,303583.6
E01034022,458450.2,304357.2
E01034023,459112.8,304769.6
E01034024,461946.6,306135.4
E01034025,462037.5,305868.6
E01034026,520840.6,181861.8
E01034027,520698.5,181439.4
E01034028,516753.0,180791.1
E01034029,517007.2,180607.0
E01034030,517900.6,180653.5
E01034031,517578.5,180798.9
E01034032,517416.9,177789.1
E01034033,517300.3,177426.1
E01034034,515797.5,176430.8
E01034035,515826.8,176197.0
E01034036,514335.2,175995.3
E01034037,514551.0,175908.7
E01034038,513122.4,175587.4
E01034039,512797.2,175444.6
E01034040,513428.0,175388.7
E01034041,513372.7,175132.8
E01034042,518706.3,178110.2
E01034043,518494.1,178017.4
E01034044,518720.5,177943.2
E01034045,518027.5,178185.3
E01034046,518195.3,177980.7
E01034047,391956.8,323342.5
E01034048,392330.2,322651.0
E01034049,394715.1,323472.9
E01034050,395014.6,323529.2
E01034051,395779.6,320719.1
E01034052,386679.8,349969.6
E01034053,386709.3,349370.4
E01034054,389064.3,347221.6
E01034055,388722.6,347390.3
E01034056,389109.6,347406.4
E01034057,388934.5,346680.2
E01034058,389395.3,342042.7
E01034059,388582.4,341394.1
E01034060,458703.0,100679.8
E01034061,458619.9,100361.8
E01034062,461048.0,101480.8
E01034063,461277.8,101261.5
E01034064,461227.5,100363.2
E01034065,461648.5,100482.6
E01034066,470996.8,106364.8
E01034067,471831.2,106249.0
E01034068,327168.8,523496.1
E01034069,320697.6,469178.6
E01034070,343210.3,554036.1
E01034071,337538.7,554007.1
E01034072,340506.9,553037.3
E01034073,336803.1,550440.1
E01034074,342822.2,553212.4
E01034075,299869.9,520751.1
E01034076,302859.2,514972.9
E01034077,341671.3,498123.5
E01034078,351903.2,491328.1
E01034079,352647.5,490297.8
E01034080,345817.3,478375.4
E01034081,570602.0,211381.9
E01034082,572171.6,210544.1
E01034083,572345.8,210076.2
E01034084,572408.0,209583.4
E01034085,571134.1,200834.5
E01034086,569619.7,198658.2
E01034087,578248.6,196227.1
E01034088,576112.6,195984.7
E01034089,570760.7,207433.9
E01034090,571295.3,206953.0
E01034091,570388.4,207246.5
E01034092,570509.9,206889.8
E01034093,594215.0,197156.7
E01034094,595211.4,196816.0
E01034095,587851.6,186306.9
E01034096,588466.5,186029.6
E01034097,398411.6,312895.7
E01034098,399425.2,312875.0
E01034099,406342.9,316704.7
E01034100,408000.7,315936.2
E01034101,415777.0,312983.4
E01034102,415239.3,312924.7
E01034103,404399.5,308295.7
E01034104,404342.8,308612.4
E01034105,413690.2,310497.4
E01034106,415795.8,308803.9
E01034107,385359.2,402903.5
E01034108,385630.8,402675.8
E01034109,384747.3,401161.9
E01034110,384932.5,400814.4
E01034111,388943.2,397636.7
E01034112,389245.0,397201.5
E01034113,388849.3,397286.4
E01034114,389752.5,397340.6
E01034115,385165.2,396552.4
E01034116,385564.8,396531.7
E01034117,384679.7,396073.8
E01034118,384122.5,396008.8
E01034119,385735.8,396069.2
E01034120,388813.7,395314.1
E01034121,388787.5,394970.3
E01034122,384132.9,395105.2
E01034123,383886.6,395126.5
E01034124,384493.8,395276.8
E01034125,384719.7,395141.6
E01034126,384481.6,394976.1
E01034127,384637.9,394786.6
E01034128,386284.0,394014.0
E01034129,384786.8,398597.2
E01034130,384833.1,398488.9
E01034131,383483.1,397515.8
E01034132,383403.7,397300.0
E01034133,385494.4,398689.1
E01034134,385183.0,398593.5
E01034135,385574.9,398384.4
E01034136,385352.1,398239.8
E01034137,387534.4,395009.0
E01034138,387505.3,394751.7
E01034139,531871.3,166865.7
E01034140,531656.5,166902.4
E01034141,532467.5,166451.9
E01034142,532739.2,166297.2
E01034143,532295.2,166156.8
E01034144,531674.5,165764.3
E01034145,532023.4,165787.4
E01034146,531228.6,165566.0
E01034147,532373.9,166143.8
E01034148,532573.5,165948.7
E01034149,532852.4,165320.6
E01034150,532293.7,165254.2
E01034151,532436.3,165060.4
E01034152,532421.4,164789.4
E01034153,528439.1,166260.9
E01034154,528318.6,165909.4
E01034155,525582.0,164718.6
E01034156,525968.6,164058.7
E01034157,250834.2,54210.4
E01034158,250884.5,53647.3
E01034159,246645.6,54258.4
E01034160,247342.2,54122.9
E01034161,247301.7,53839.0
E01034162,246355.8,53767.6
E01034165,297397.3,78911.8
E01034166,296378.9,78004.7
E01034167,284005.7,72128.4
E01034168,283435.2,72189.5
E01034169,290429.5,67057.4
E01034170,290639.7,66731.4
E01034171,287177.9,59896.9
E01034172,287395.4,58716.9
E01034173,542393.8,178756.1
E01034174,540723.6,175435.9
E01034175,540927.1,175523.1
E01034176,541432.1,175146.1
E01034177,541316.6,174976.8
E01034178,537856.4,177822.1
E01034179,538131.8,177780.7
E01034180,537944.5,177588.1
E01034181,537833.9,177479.5
E01034182,537648.0,177111.9
E01034183,539331.7,178639.8
E01034184,539616.2,178191.9
E01034185,539490.6,178130.3
E01034186,543843.5,179118.8
E01034187,543958.1,179031.9
E01034188,539350.3,180025.7
E01034189,540174.1,179008.4
E01034190,539611.4,178479.7
E01034191,539175.0,178538.6
E01034192,539055.5,178255.5
E01034193,539714.7,179584.0
E01034194,539886.7,179420.1
E01034195,539788.8,179400.2
E01034196,539965.0,179143.4
E01034198,542258.9,179194.0
E01034199,538874.2,184893.8
E01034200,538867.6,184567.0
E01034201,541129.2,183220.4
E01034202,540943.0,183014.9
E01034203,541594.4,183369.3
E01034204,541966.3,183221.1
E01034205,543331.7,181732.5
E01034206,544224.5,180702.6
E01034207,544022.7,180678.1
E01034208,539906.8,181488.5
E01034209,539597.8,181467.8
E01034210,539995.8,180871.0
E01034211,539752.6,181047.4
E01034212,540391.4,180748.2
E01034213,537936.0,185183.1
E01034214,538011.4,185064.8
E01034215,538266.3,185086.8
E01034216,538399.3,185015.2
E01034217,537969.6,184902.3
E01034218,538545.9,185320.1
E01034219,538648.9,184884.5
E01034220,538659.6,184264.1
E01034221,538462.2,183958.4
E01034222,538340.4,183679.8
E01034223,538380.1,183705.7
E01034224,542161.8,180161.5
E01034225,541248.8,180143.1
E01034226,541487.6,179995.8
E01034227,540865.3,180041.9
E01034228,541046.2,179954.2
E01034229,540563.6,180136.4
E01034230,540769.2,179826.5
E01034231,540965.1,179794.6
E01034232,391253.7,404385.8
E01034233,391687.8,404314.4
E01034234,390569.4,414086.8
E01034235,390764.4,413808.8
E01034236,458119.6,403698.4
E01034237,457988.0,403565.8
E01034238,457769.4,403029.6
E01034239,457983.4,402659.7
E01034240,459728.8,401593.9
E01034241,460153.0,401577.0
E01034242,457586.1,400016.5
E01034243,456883.2,399874.1
E01034244,465143.2,399865.5
E01034245,465005.4,399269.3
E01034246,442523.8,401465.0
E01034247,443132.8,401476.0
E01034248,442091.5,387485.2
E01034249,442178.6,386972.9
E01034250,444601.0,385146.8
E01034251,451968.8,388176.5
E01034252,451245.9,387049.1
E01034253,444818.1,390167.9
E01034254,431416.8,340873.7
E01034255,430985.3,336759.3
E01034256,435088.9,336479.3
E01034257,434962.0,335994.5
E01034258,435343.3,408479.8
E01034259,435245.0,408226.7
E01034260,442194.9,426012.7
E01034261,442378.9,425578.2
E01034262,443329.2,424461.5
E01034263,442805.6,424284.3
E01034264,433699.9,420583.4
E01034265,433263.3,420545.5
E01034266,441398.0,424228.7
E01034267,441979.8,423774.5
E01034268,440412.7,422051.8
E01034269,443177.7,416508.1
E01034270,442818.7,416501.9
E01034271,409535.3,91673.4
E01034272,409202.4,91700.8
E01034273,408773.3,91375.4
E01034274,409028.1,91256.8
E01034275,411066.8,91947.6
E01034276,411246.1,91785.0
E01034277,409471.8,91544.2
E01034278,409628.4,91384.1
E01034279,415400.5,93107.7
E01034280,414925.0,92810.3
E01034281,401960.0,91176.5
E01034282,401651.9,91160.4
E01034283,399764.4,90517.4
E01034284,400201.6,90258.0
E01034285,510063.1,166298.3
E01034286,510540.2,166172.9
E01034287,520447.3,162435.2
E01034288,520884.4,162465.7
E01034289,520622.0,160708.2
E01034290,521008.1,160653.7
E01034291,503725.8,171702.1
E01034292,504092.0,171676.1
E01034293,502007.7,159796.5
E01034294,500512.3,158497.0
E01034295,500546.2,158206.6
E01034296,500658.7,156719.2
E01034297,500724.0,156328.3
E01034298,560009.7,97590.5
E01034299,558173.3,111476.8
E01034300,559460.6,112341.7
E01034301,559267.8,111354.9
E01034302,557841.3,110802.5
E01034303,555299.3,109915.8
E01034304,558898.4,104981.1
E01034305,559599.3,104954.8
E01034306,393442.4,291967.3
E01034307,394229.0,291888.3
E01034308,393809.7,290410.5
E01034309,393927.3,290205.3
E01034310,391815.9,301800.2
E01034311,391384.4,301619.7
E01034312,391882.0,299141.9
E01034313,391850.0,298748.2
E01034314,392372.0,297380.6
E01034315,392069.1,297129.2
E01034316,396513.4,269130.0
E01034317,396144.4,269367.2
E01034318,395024.4,267302.3
E01034319,394377.8,266971.2
E01034320,403422.3,268645.0
E01034321,402752.6,268324.9
E01034322,402278.0,268048.5
E01034323,385106.7,254076.0
E01034324,385071.3,253556.5
E01034325,392048.1,265946.5
E01034326,392354.5,265874.1
E01034327,389725.5,261645.0
E01034328,390491.1,261225.3
E01034329,403992.6,243808.0
E01034330,404372.0,243648.5
E01034331,383510.3,276655.0
E01034332,383517.2,275952.3
E01034333,382586.6,274963.4
E01034334,382139.6,274984.2
E01034335,375132.9,428679.5
E01034336,374807.0,428538.4
E01034337,357999.8,421527.1
E01034338,356798.0,420802.5
E01034339,359137.3,418841.9
E01034340,355796.2,420292.0
E01034341,356385.7,420393.5
E01034342,356765.1,420286.5
E01034343,357465.7,418944.1
E01034344,357241.0,416758.9
E01034345,357881.8,416706.9
E01034346,348320.3,435335.0
E01034347,350337.3,432933.9
E01034348,353242.4,427228.6
E01034349,353737.7,424723.5
E01034350,353432.2,423274.1
E01034351,354792.5,421897.1
E01034352,355712.9,420861.6
E01034353,356418.6,420945.2
E01034354,567401.9,189918.8
E01034355,567487.5,189556.0
E01034356,570436.3,188298.0
E01034357,570701.6,188012.1
E01034358,559492.8,193640.8
E01034359,559040.2,193499.3
E01034360,559511.0,193304.7
E01034361,559093.2,193128.9
E01034362,548455.3,211948.4
E01034363,548173.2,211442.2
E01034364,548000.1,210336.9
E01034365,547477.2,210350.3
E01034366,544529.7,210002.1
E01034367,544303.6,209488.7
E01034368,558925.3,182362.7
E01034369,558660.7,182097.4
E01034370,556820.3,177983.6
E01034371,558426.7,177719.7
E01034372,407176.5,99382.4
E01034373,406984.2,98743.9
E01034374,387458.7,122885.1
E01034375,387109.3,122899.8
E01034376,379234.9,114780.3
E01034377,378771.6,114312.7
E01034378,392054.3,107801.8
E01034379,363133.1,116963.6
E01034380,362864.7,116268.2
E01034381,367516.0,90844.5
E01034382,367094.7,90570.7
E01034383,534233.3,170362.8
E01034384,534272.4,169922.4
E01034385,540649.5,169305.9
E01034386,540298.1,168794.4
E01034387,536267.6,178769.4
E01034388,536438.2,178787.9
E01034389,536217.7,178600.5
E01034390,537353.6,173927.7
E01034391,537077.5,173668.5
E01034392,537887.0,176143.1
E01034393,538043.4,176109.8
E01034394,537996.8,175780.7
E01034395,537891.2,175798.5
E01034396,338760.8,394343.9
E01034397,339238.2,394156.5
E01034398,334879.2,393176.6
E01034399,335151.5,392857.6
E01034400,334827.3,391991.6
E01034401,337517.6,389592.4
E01034402,334912.1,389422.0
E01034403,335217.5,389193.0
E01034404,338566.0,387895.1
E01034405,335676.7,390100.6
E01034406,335271.6,389969.0
E01034407,334535.3,389585.1
E01034408,334731.3,389661.9
E01034409,334160.8,390872.2
E01034410,334076.1,390622.9
E01034411,334045.7,390343.0
E01034412,507978.4,252606.0
E01034413,508710.4,252079.2
E01034414,502023.9,250249.9
E01034415,502263.3,249063.6
E01034416,501904.3,248603.8
E01034417,502022.5,248432.7
E01034418,505441.2,249989.5
E01034419,505213.9,249799.9
E01034420,505070.8,248930.0
E01034421,504513.7,249004.8
E01034422,501849.4,247144.7
E01034423,503182.4,246945.6
E01034424,501980.9,246604.5
E01034425,500923.3,245019.0
E01034426,501218.5,244838.1
E01034427,507733.6,247299.5
E01034428,507743.9,246929.0
E01034429,508588.5,245252.5
E01034430,506752.8,243586.0
E01034431,505514.7,247246.9
E01034432,504765.3,247567.7
E01034433,505434.2,244908.3
E01034434,505493.8,244205.2
E01034435,519938.5,276242.4
E01034436,521371.2,275291.3
E01034437,523524.2,272130.4
E01034438,523677.8,271764.9
E01034439,524589.4,270520.0
E01034440,525491.4,269797.1
E01034441,521148.9,262750.3
E01034442,519994.4,260638.7
E01034443,520258.1,260495.5
E01034444,518549.5,258584.5
E01034445,518130.3,258498.8
E01034446,485626.2,243146.3
E01034447,480103.3,244093.8
E01034448,484080.1,242048.8
E01034449,480483.7,240664.9
E01034450,480816.0,240845.7
E01034451,492256.9,238000.7
E01034452,492494.6,236200.1
E01034453,486958.2,231522.7
E01034454,487614.2,231653.1
E01034455,486519.2,231266.5
E01034456,489308.9,238893.1
E01034457,488117.5,238786.8
E01034458,490402.9,239885.6
E01034459,490009.2,239799.8
E01034460,490678.7,239268.0
E01034461,490239.0,239125.1
E01034462,479018.5,239891.1
E01034463,479767.4,239184.2
E01034464,479981.2,238950.5
E01034465,482157.1,235180.3
E01034466,481506.9,237659.1
E01034467,481775.3,237046.7
E01034468,482069.1,235908.7
E01034469,548400.3,187234.8
E01034470,548473.0,187027.6
E01034471,546450.9,185714.3
E01034472,546420.9,185558.9
E01034473,544440.1,184066.5
E01034474,544295.1,184033.2
E01034475,545349.7,183132.7
E01034476,546088.7,182555.2
E01034477,546494.3,182314.7
E01034478,546262.8,182263.7
E01034479,544389.9,183452.9
E01034480,544785.6,187195.1
E01034481,544405.8,187221.1
E01034482,543415.5,186376.8
E01034483,543419.2,186205.6
E01034484,543569.7,185972.7
E01034485,536113.0,189607.7
E01034486,535776.6,189572.8
E01034487,537947.4,187841.2
E01034488,537743.7,187614.4
E01034489,409363.1,550340.1
E01034490,410035.9,550775.8
E01034491,408966.1,549620.0
E01034492,440839.7,549958.6
E01034493,427391.2,541645.1
E01034494,422796.6,542793.5
E01034495,422583.8,541577.0
E01034496,426334.2,541514.2
E01034497,424980.7,540350.0
E01034498,426655.9,540813.8
E01034499,424660.2,539213.5
E01034500,446568.2,538693.8
E01034501,426950.3,534322.0
E01034502,427442.4,534536.7
E01034503,425134.6,533967.7
E01034504,425114.3,533472.3
E01034505,429727.3,532243.1
E01034506,430314.5,531379.0
E01034507,428727.5,529879.7
E01034508,428364.0,529355.9
E01034509,418881.7,526757.1
E01034510,418908.4,527002.7
E01034511,394994.5,525322.3
E01034512,438001.8,564179.4
E01034513,437713.6,563840.3
E01034514,438313.9,558747.1
E01034515,432266.9,556013.6
E01034516,432332.9,555549.0
E01034517,435810.1,555566.7
E01034518,431987.1,552032.2
E01034519,432133.8,551496.9
E01034520,409347.0,188087.9
E01034521,411553.9,186996.2
E01034522,396629.8,178405.5
E01034523,392552.2,174904.1
E01034524,399468.8,170922.4
E01034525,399884.5,170396.4
E01034526,386042.5,170383.7
E01034527,386115.8,169930.9
E01034528,391792.2,164369.9
E01034529,391992.4,163969.0
E01034530,391632.6,162362.6
E01034531,382853.9,160941.2
E01034532,382625.6,160663.4
E01034533,385368.2,158399.0
E01034534,385604.0,158066.3
E01034535,386808.4,158468.5
E01034536,387105.3,158186.9
E01034537,387517.7,157725.3
E01034538,403253.5,163055.5
E01034539,402549.0,162734.3
E01034540,391723.2,157813.5
E01034541,387947.4,157559.5
E01034542,413162.7,144422.9
E01034543,413680.1,143818.0
E01034544,416963.3,141230.4
E01034545,416313.3,140562.2
E01034546,416370.6,140086.4
E01034547,414823.2,134102.0
E01034548,415342.1,133915.9
E01034549,414850.4,133643.4
E01034550,416116.4,130590.8
E01034551,387192.4,152052.3
E01034552,386468.1,152158.6
E01034553,426173.2,150401.3
E01034554,423924.3,149611.1
E01034555,425835.6,149275.0
E01034556,423448.9,149564.5
E01034557,423456.7,148450.7
E01034558,423725.8,147652.6
E01034559,603288.1,243402.1
E01034560,602693.9,243248.3
E01034561,571983.3,282006.3
E01034562,572967.9,279788.3
E01034563,572472.1,279505.4
E01034564,570829.6,277515.7
E01034565,570067.9,277728.0
E01034566,570407.3,270472.5
E01034567,570584.0,269933.4
E01034568,564462.0,264119.4
E01034569,564145.9,264007.2
E01034570,623216.9,273941.8
E01034571,629361.6,272277.7
E01034572,584805.6,267416.2
E01034573,583761.8,266492.8
E01034574,572136.5,251769.7
E01034575,573583.4,244680.5
E01034576,517904.8,169730.9
E01034577,518060.0,169700.9
E01034578,525590.9,171799.8
E01034579,525952.1,171490.0
E01034580,526802.1,170310.6
E01034581,526942.0,170047.2
E01034582,409118.8,425170.0
E01034583,409055.9,424755.2
E01034584,423435.9,422425.9
E01034585,423869.7,422083.5
E01034586,411340.1,418884.9
E01034587,410895.2,418574.1
E01034588,413750.9,411851.7
E01034589,517939.5,191386.7
E01034590,518033.8,191048.8
E01034591,515783.0,189401.9
E01034592,515402.7,189334.1
E01034593,514008.9,190145.0
E01034594,514328.5,190005.5
E01034595,515851.2,188516.9
E01034596,515676.0,188209.9
E01034597,515756.0,188044.2
E01034598,515482.9,188019.7
E01034599,513913.0,186615.9
E01034600,514272.7,186607.8
E01034601,506538.9,184235.5
E01034602,506029.7,184050.8
E01034603,506302.8,183580.5
E01034604,505599.6,183376.8
E01034605,506098.9,183399.3
E01034606,505650.9,182758.8
E01034607,505407.9,182551.1
E01034608,505774.2,180527.9
E01034609,506103.2,180301.5
E01034610,509662.6,180919.8
E01034611,509463.8,180727.4
E01034612,509653.0,180148.1
E01034613,509370.3,179542.0
E01034614,506770.2,179738.1
E01034615,507112.5,179782.5
E01034616,509754.4,179532.9
E01034617,509831.5,179189.7
E01034618,330557.9,99119.3
E01034619,332219.9,98369.2
E01034620,298458.2,96638.6
E01034621,296672.7,95313.1
E01034622,297391.2,94207.0
E01034623,302055.7,94942.2
E01034624,301704.6,95695.4
E01034625,300990.2,95504.5
E01034626,300515.7,95252.7
E01034627,300197.9,95010.5
E01034628,292272.2,94060.6
E01034629,291214.8,94209.3
E01034630,292250.4,92474.8
E01034631,291808.2,92291.4
E01034632,294435.4,90532.3
E01034633,295801.7,90357.3
E01034634,295823.7,89520.3
E01034635,295904.3,88849.9
E01034636,297341.0,113717.5
E01034637,296262.0,113832.0
E01034638,253093.5,131856.9
E01034639,253128.6,132278.3
E01034640,243407.0,129120.0
E01034641,243076.8,128717.0
E01034642,250565.4,98951.2
E01034643,260087.4,95795.0
E01034644,449280.0,375215.5
E01034645,448943.3,375236.3
E01034646,451713.0,367756.1
E01034647,451684.4,367037.1
E01034648,440181.6,363576.9
E01034649,439487.1,363452.3
E01034650,431689.5,332334.6
E01034651,430624.9,330608.7
E01034652,439556.9,331875.3
E01034653,439698.1,331426.6
E01034654,428392.6,318536.9
E01034655,428333.0,318156.3
E01034656,431746.3,318877.9
E01034657,431435.0,318416.8
E01034658,392856.7,383162.6
E01034659,392514.9,373428.9
E01034660,392233.0,373305.3
E01034661,387752.6,374009.2
E01034662,384710.2,368208.4
E01034663,383254.6,363725.4
E01034664,382444.2,360816.7
E01034665,374080.3,360779.2
E01034666,374704.6,360675.9
E01034667,379133.8,363252.6
E01034668,373872.0,362965.0
E01034669,369862.7,356137.8
E01034670,369891.7,355850.5
E01034671,377518.8,355520.9
E01034672,372787.6,352225.6
E01034673,374118.4,351379.2
E01034674,369045.3,358161.9
E01034675,364785.4,356654.2
E01034676,364301.9,353381.7
E01034677,362414.8,351246.4
E01034678,364278.4,351435.4
E01034679,531439.3,344637.4
E01034680,531780.0,344709.4
E01034681,532471.6,343901.9
E01034682,532602.6,343222.2
E01034683,532084.0,342765.8
E01034684,532802.9,342326.1
E01034685,555098.7,364987.4
E01034686,555886.3,364828.9
E01034687,497083.3,371699.3
E01034688,497299.9,371404.2
E01034689,492717.5,369422.2
E01034690,493140.8,369206.7
E01034691,496670.1,370953.2
E01034692,497032.7,370154.1
E01034693,489936.3,362374.8
E01034694,489337.2,361962.3
E01034695,504126.1,343939.9
E01034696,505684.7,344656.5
E01034697,523713.1,323569.9
E01034698,523251.9,323086.9
E01034699,524007.2,322132.3
E01034700,524079.2,321641.3
E01034701,490074.5,336721.9
E01034702,490191.5,336267.3
E01034703,508836.9,320114.6
E01034704,508941.4,319337.6
E01034705,509191.0,319097.4
E01034706,489438.9,376072.5
E01034707,493842.0,373554.1
E01034708,465255.7,159508.8
E01034709,465590.1,156424.4
E01034710,463556.9,155064.6
E01034711,466527.3,156210.2
E01034712,466176.8,156022.5
E01034713,464547.7,154597.0
E01034714,464608.5,154157.4
E01034715,463049.8,152999.2
E01034716,463262.3,152608.0
E01034717,462326.3,153929.2
E01034718,461690.9,153743.2
E01034719,470987.0,139103.5
E01034720,470911.1,138517.7
E01034721,478512.5,134718.2
E01034722,478984.9,134401.0
E01034723,480043.3,154318.3
E01034724,479260.1,154356.5
E01034725,481022.0,151379.5
E01034726,481585.2,150995.2
E01034727,486485.6,151310.4
E01034728,486069.4,151383.6
E01034729,485816.6,150932.1
E01034730,486583.6,150693.8
E01034731,456098.9,109363.2
E01034732,456908.2,111139.9
E01034733,462429.3,109091.2
E01034734,467399.5,109343.4
E01034735,434095.4,280663.5
E01034736,434619.5,280485.8
E01034737,433209.1,280560.4
E01034738,433366.4,280214.8
E01034739,427322.7,279196.5
E01034740,427368.0,278475.9
E01034741,434364.4,279003.1
E01034742,434532.9,278798.6
E01034743,433314.4,279296.5
E01034744,433723.3,279110.4
E01034745,436355.7,278173.1
E01034746,435985.9,277929.1
E01034747,428699.3,277554.9
E01034748,429248.4,277429.2
E01034749,435132.3,278484.8
E01034750,435158.4,278113.3
E01034751,439868.9,217623.0
E01034752,517896.9,469211.1
E01034753,518345.4,469031.2
E01034754,480974.7,448956.8
E01034755,480572.0,448037.3
E01034756,495840.0,435372.0
E01034757,493953.0,426578.9
E01034758,494816.9,426489.8
E01034759,503423.4,458225.2
E01034760,503104.5,457436.3
E01034761,461436.3,449003.3
E01034762,461000.6,449168.9
E01034763,348273.4,461023.7
E01034764,369353.9,432954.2
E01034765,626100.8,312090.1
E01034766,625527.0,311897.0
E01034767,650988.7,303901.1
E01034768,561912.9,320323.4
E01034769,562197.0,320213.6
E01034770,561233.1,303901.4
E01034771,560622.9,303834.9
E01034772,560691.2,302584.3
E01034773,561131.4,302539.8
E01034774,625009.3,340539.7
E01034775,624002.6,339795.9
E01034776,616427.3,341428.4
E01034777,394253.2,222853.8
E01034778,393984.5,222698.7
E01034779,397144.9,222601.0
E01034780,396432.3,222263.7
E01034781,421391.7,232695.2
E01034782,420855.1,232081.3
E01034783,417087.6,221445.5
E01034784,417028.6,220872.4
E01034785,420509.7,220005.2
E01034786,420750.5,219466.0
E01034787,405457.5,197119.4
E01034788,404817.3,196729.1
E01034789,389483.3,194117.8
E01034790,383318.4,190644.1
E01034791,382282.6,217763.5
E01034792,383000.0,218178.8
E01034793,383336.5,218185.3
E01034794,381930.1,216920.0
E01034795,381897.8,213730.9
E01034796,381843.6,213413.7
E01034797,380781.0,213557.0
E01034798,381940.6,213089.3
E01034799,387468.7,215847.7
E01034800,380358.3,212707.8
E01034801,386329.4,214775.6
E01034802,381397.4,212135.0
E01034803,384057.9,205498.8
E01034804,385004.2,205178.3
E01034805,390386.9,221661.2
E01034806,391120.7,216207.0
E01034807,387913.8,216986.3
E01034808,387613.1,216234.3
E01034809,388007.1,215583.1
E01034810,389282.8,215834.8
E01034811,395847.6,228334.0
E01034812,396407.4,228214.5
E01034813,396358.4,227937.8
E01034814,396005.6,227782.9
E01034815,396286.4,227260.2
E01034816,503485.6,103682.6
E01034817,502039.9,103679.2
E01034818,502868.3,103525.0
E01034819,502340.7,104048.7
E01034820,507339.4,103964.5
E01034821,507428.1,103259.3
E01034822,492062.6,101352.6
E01034823,491925.5,100990.9
E01034824,495630.9,100848.5
E01034825,495177.1,100457.3
E01034826,510830.7,104756.6
E01034827,510694.2,105050.9
E01034828,512208.6,103719.3
E01034829,512072.2,103304.4
E01034830,515271.2,102809.8
E01034831,515046.1,102641.7
E01034832,342609.3,393191.0
E01034833,343539.2,392816.3
E01034834,346890.4,392747.3
E01034835,346845.7,392305.7
E01034836,330442.0,389815.8
E01034837,330921.7,389426.9
E01034838,332018.5,389213.1
E01034839,332662.8,388879.4
E01034840,334087.0,384988.5
E01034841,334420.3,384483.5
E01034842,436965.9,390323.8
E01034843,433347.4,386479.4
E01034844,434722.0,387081.1
E01034845,440609.7,383435.9
E01034846,440682.3,383079.2
E01034847,234253.7,83627.7
E01034848,233559.0,83954.1
E01034849,225458.7,65315.3
E01034850,225869.1,64979.3
E01034851,221242.0,64978.1
E01034852,220659.8,64227.7
E01034853,183325.3,61949.0
E01034854,184058.0,61597.1
E01034855,182847.7,60173.2
E01034856,204567.9,52260.0
E01034857,203266.6,51477.8
E01034858,225637.8,53644.9
E01034859,171946.5,50055.9
E01034860,172815.9,50385.4
E01034862,179466.1,44863.2
E01034863,180086.0,44673.7
E01034864,182733.8,44964.7
E01034865,182181.4,44798.6
E01034866,165525.6,40638.4
E01034867,165574.1,40158.1
E01034868,156883.8,37527.2
E01034869,156247.3,37294.4
E01034913,408928.4,293315.6
E01034914,409198.7,293028.9
E01034915,411424.6,292662.9
E01034916,411494.3,291975.9
E01034917,406384.1,290521.5
E01034918,406780.6,290348.9
E01034919,407595.9,290063.0
E01034920,407530.4,289717.2
E01034921,404350.0,289382.5
E01034922,404151.3,289230.7
E01034923,407049.7,289680.7
E01034924,407490.0,289493.6
E01034925,406824.1,289265.9
E01034926,407400.5,289179.0
E01034927,408658.5,288160.2
E01034928,408625.2,288464.4
E01034929,406622.2,288325.8
E01034930,406976.1,287752.7
E01034931,410556.0,287611.1
E01034932,410222.8,287663.5
E01034933,409741.9,287949.2
E01034934,409616.7,287681.5
E01034935,410228.0,286949.3
E01034936,405349.3,285033.1
E01034937,405179.6,284445.0
E01034938,407021.0,284337.0
E01034939,407265.3,284174.9
E01034940,404621.0,283112.8
E01034941,404911.4,282991.7
E01034942,400092.0,278646.5
E01034943,399190.3,278479.1
E01034944,400837.5,277216.1
E01034945,401112.3,276693.2
E01034946,408041.7,285977.0
E01034947,407582.4,285721.7
E01034948,405706.0,286368.5
E01034949,405396.5,286198.1
E01034950,405752.9,287535.1
E01034951,405891.1,287486.7
E01034952,410338.8,284025.6
E01034953,409577.4,283649.2
E01034954,410422.9,283788.8
E01034955,410107.3,283217.8
E01034956,397801.5,451370.6
E01034957,398753.8,451318.0
E01034958,431214.2,488487.3
E01034959,442226.3,480881.2
E01034960,442928.7,481027.1
E01034961,437163.2,494726.1
E01034962,436652.9,494327.4
E01034963,425990.2,458440.2
E01034964,426641.8,455843.0
E01034965,417508.3,498446.6
E01034966,419382.4,498050.7
E01034967,419956.6,497762.0
E01034968,478352.0,472386.9
E01034969,480165.7,471797.1
E01034970,478794.6,471908.2
E01034971,479889.6,471250.5
E01034972,489557.9,511039.5
E01034973,494153.1,505372.2
E01034974,503759.1,489229.5
E01034975,449902.7,433244.6
E01034976,450015.2,433590.2
E01034977,449234.0,431335.0
E01034978,449786.1,431462.1
E01034979,461082.7,432984.7
E01034980,461429.7,432815.2
E01034981,462280.8,431474.4
E01034982,461927.7,431109.2
E01034983,462239.7,430855.0
E01034984,460945.6,431715.7
E01034985,600765.0,142829.8
E01034986,601090.7,142736.5
E01034987,602414.2,139367.7
E01034988,604697.1,139516.7
E01034989,601716.2,138727.2
E01034990,576335.1,162132.7
E01034991,575906.1,155779.4
E01034992,576365.4,155897.5
E01034993,587491.8,152886.7
E01034994,586606.9,152598.7
E01034995,578051.9,152562.1
E01034996,578507.0,152235.7
E01034997,577750.0,152590.5
E01034998,578063.7,152013.9
E01034999,579286.1,151849.9
E01035000,551197.6,157232.0
E01035001,551530.3,157169.6
E01035002,571326.9,164055.8
E01035003,571577.5,163122.1
E01035004,572746.1,160856.3
E01035005,569922.6,161852.2
E01035006,570169.2,162563.6
E01035007,570002.1,162390.3
E01035008,559401.0,146369.8
E01035009,559391.3,145728.8
E01035010,567851.7,159238.9
E01035011,567924.4,158165.3
E01035012,558295.0,139969.7
E01035013,558283.0,139554.6
E01035014,436247.5,294055.4
E01035015,436297.8,293409.7
E01035016,433730.5,292675.0
E01035017,433401.0,292570.9
E01035018,438454.8,292722.8
E01035019,438947.3,292892.2
E01035020,450616.9,276398.5
E01035021,451157.6,276623.8
E01035022,447590.5,275792.9
E01035023,447776.6,275851.0
E01035024,447025.6,273266.8
E01035025,447919.8,271557.3
E01035026,449311.8,279392.1
E01035027,451042.2,277991.7
E01035028,452318.0,277985.4
E01035029,455438.2,273812.9
E01035030,427878.1,255024.6
E01035031,427482.0,254246.4
E01035032,419603.6,256397.8
E01035033,418903.7,256454.5
E01035034,417376.9,247802.8
E01035035,416583.7,246885.7
E01035036,417621.4,247018.7
E01035037,430467.3,263437.3
E01035038,431244.6,263168.9
E01035039,430682.2,262962.8
E01035040,427330.0,436034.3
E01035041,427405.4,435856.6
E01035042,429671.8,435075.0
E01035043,429794.2,434707.3
E01035044,429116.1,434654.7
E01035045,428852.5,434341.8
E01035046,429835.1,432655.3
E01035047,429349.8,432261.9
E01035048,431126.3,427966.8
E01035049,431431.9,427775.7
E01035050,430624.2,427459.2
E01035051,430748.9,427261.3
E01035052,431086.8,426382.5
E01035053,431551.8,426010.4
E01035054,430839.6,432855.1
E01035055,350300.4,242413.0
E01035056,351200.2,242242.1
E01035057,364937.2,330594.4
E01035058,364864.7,330364.7
E01035059,351769.3,316143.9
E01035060,351859.8,315425.2
E01035061,349386.1,312682.8
E01035062,350128.1,312603.6
E01035063,349022.5,312422.6
E01035064,350191.3,312311.6
E01035065,345911.5,312654.3
E01035066,346558.0,312116.9
E01035067,354242.2,314049.4
E01035068,353796.0,307540.3
E01035069,375944.6,310240.6
E01035070,374932.0,308744.5
E01035071,335456.6,296342.5
E01035072,350909.5,284156.1
E01035073,367816.4,312138.2
E01035074,368212.1,312033.1
E01035075,368301.0,311204.0
E01035076,367328.1,309737.0
E01035077,368029.4,309857.3
E01035078,367746.6,309130.4
E01035079,367193.9,308659.0
E01035080,367436.4,308373.1
E01035081,367035.0,308186.4
E01035082,367201.5,306899.3
E01035083,367518.9,306151.1
E01035084,467782.6,294478.8
E01035085,467577.9,293802.9
E01035086,461643.7,283435.2
E01035087,464235.7,284327.8
E01035088,472516.8,286500.9
E01035089,472317.2,286179.8
E01035090,454373.0,285854.3
E01035091,454407.9,285304.4
E01035092,465123.2,305815.8
E01035093,464757.9,305002.8
E01035094,444166.6,309004.8
E01035095,446353.2,307781.5
E01035096,440639.7,293415.8
E01035097,440798.2,292948.5
E01035098,445579.9,328207.3
E01035099,444836.5,327449.4
E01035100,435562.1,317682.2
E01035101,436557.5,316999.6
E01035102,485000.0,309983.6
E01035103,485316.3,309439.3
E01035104,485439.7,308798.8
E01035105,486742.0,309105.0
E01035106,486301.6,308475.9
E01035107,367515.8,149542.0
E01035108,353350.9,146878.7
E01035109,352780.9,143585.2
E01035110,378265.2,147837.1
E01035111,378615.0,147216.2
E01035112,333489.1,150495.3
E01035113,331766.1,148343.4
E01035114,331372.9,139231.4
E01035115,331332.5,138910.3
E01035116,331592.9,136407.7
E01035117,329026.2,135266.3
E01035118,330238.9,135109.5
E01035119,330232.4,134749.8
E01035120,328820.9,132909.3
E01035121,357096.4,117681.4
E01035122,357669.9,117725.2
E01035123,353249.2,117301.3
E01035124,352316.1,116575.6
E01035125,355811.1,116038.8
E01035126,355428.8,115771.4
E01035127,325433.3,127019.5
E01035128,326207.5,126735.4
E01035129,314675.5,121052.7
E01035130,314333.2,120785.6
E01035131,312464.3,120313.1
E01035132,312562.3,119921.5
E01035133,581763.4,308847.5
E01035134,582185.0,307506.8
E01035135,603593.2,294490.0
E01035136,604085.6,294336.5
E01035137,624085.4,308486.9
E01035138,624327.2,307899.3
E01035139,622717.2,308448.1
E01035140,623317.3,307930.8
E01035141,618931.9,306146.7
E01035142,619558.4,305629.1
E01035143,626633.3,302955.4
E01035144,626201.4,302817.4
E01035145,612892.9,302949.3
E01035146,612815.0,303150.5
E01035147,612036.6,302613.4
E01035148,612477.9,302751.0
E01035149,611846.7,301808.9
E01035150,615452.7,312500.5
E01035151,615016.8,312180.2
E01035152,615473.9,312202.4
E01035153,615940.8,310581.4
E01035154,650221.5,277017.1
E01035155,575992.2,222423.7
E01035156,576634.2,222347.7
E01035157,599625.6,225441.2
E01035158,599717.5,225017.9
E01035159,594796.7,224247.7
E01035160,592777.7,223784.1
E01035161,600459.0,224815.2
E01035162,600287.0,224605.8
E01035163,601123.8,224603.5
E01035164,601439.5,224436.7
E01035165,598659.9,222857.6
E01035166,598678.1,222462.2
E01035167,600635.3,228988.8
E01035168,599863.7,228452.0
E01035169,598649.8,228310.2
E01035170,599287.2,228200.5
E01035171,598918.5,227995.7
E01035172,598211.2,226829.5
E01035173,599712.4,227771.4
E01035174,599248.2,227279.4
E01035175,599533.7,226915.2
E01035176,599526.6,226696.1
E01035177,598528.5,226691.7
E01035178,556147.2,221583.4
E01035179,557291.7,221574.6
E01035180,555859.1,221216.1
E01035181,557552.0,221368.4
E01035182,556802.4,221030.6
E01035183,431132.8,514779.8
E01035184,430906.5,514346.6
E01035185,427870.9,514752.1
E01035186,428207.1,514544.7
E01035187,428856.6,514525.4
E01035188,450324.2,532910.6
E01035189,449722.6,520380.4
E01035190,450092.7,519893.8
E01035191,450467.5,519626.0
E01035192,450173.0,519388.1
E01035193,447868.3,514318.7
E01035194,450003.9,514047.1
E01035195,451115.6,517009.2
E01035196,452112.2,515740.8
E01035197,445013.0,519930.6
E01035198,445889.5,519496.9
E01035199,444057.9,518801.0
E01035200,444034.8,518466.2
E01035201,443553.3,517504.2
E01035202,443938.3,517794.8
E01035203,443758.3,514510.7
E01035204,443442.8,514116.5
E01035205,364561.5,167637.0
E01035206,364364.7,167271.3
E01035207,373942.5,164933.9
E01035208,373547.5,164663.4
E01035209,370962.9,160197.7
E01035210,369365.5,163819.1
E01035211,348037.5,176908.5
E01035212,348338.4,176244.8
E01035213,337190.2,160235.8
E01035214,336696.9,159702.1
E01035215,334518.3,161282.8
E01035216,333950.4,159871.4
E01035217,367527.2,178067.3
E01035218,367925.5,177322.3
E01035219,370158.0,176018.6
E01035220,366607.5,177903.1
E01035221,367416.1,177475.7
E01035222,360595.5,181464.4
E01035223,359262.5,181724.6
E01035224,360176.8,181209.2
E01035225,359763.5,181138.3
E01035226,359751.8,180835.6
E01035227,362039.9,179534.2
E01035228,362395.1,178000.8
E01035229,361848.3,177926.8
E01035230,361037.4,177780.2
E01035231,362154.9,177563.9
E01035232,363071.7,179713.3
E01035233,363648.6,178029.9
E01035234,489644.2,172033.2
E01035235,488948.9,170328.7
E01035236,485315.3,171518.2
E01035237,486362.3,170868.7
E01035238,484302.2,170151.3
E01035239,484696.5,169477.9
E01035240,484514.8,168933.2
E01035241,487145.4,169184.8
E01035242,486735.2,168840.5
E01035243,487402.7,168388.2
E01035244,487541.3,167822.1
E01035245,484730.8,168285.4
E01035246,484755.7,167740.7
E01035247,497788.4,179683.6
E01035248,497974.2,179421.5
E01035249,499576.1,178866.8
E01035250,499446.8,178551.5
E01035251,497465.9,180662.5
E01035252,497839.3,180599.5
E01035253,497841.2,180274.3
E01035254,498101.9,180358.2
E01035255,426754.6,209380.3
E01035256,479455.5,179006.8
E01035257,473980.8,171981.5
E01035258,474425.6,171008.4
E01035259,473231.1,168044.2
E01035260,473005.8,167720.5
E01035261,482890.4,168461.6
E01035262,482124.7,168186.0
E01035263,471457.3,167931.8
E01035264,471264.4,167554.3
E01035265,472393.2,166931.0
E01035266,471920.7,166683.9
E01035267,476145.8,166878.2
E01035268,476302.0,165509.6
E01035269,478592.3,164749.7
E01035270,554766.3,176168.5
E01035271,554870.0,175992.9
E01035272,554841.9,175565.0
E01035273,554673.5,175331.0
E01035274,555007.8,175056.0
E01035275,554587.9,174722.0
E01035276,554688.8,174728.7
E01035277,558123.7,174689.1
E01035278,559046.7,174289.3
E01035279,558367.9,174255.7
E01035280,560348.3,173390.8
E01035281,560821.4,173261.1
E01035282,559392.4,175220.5
E01035283,559333.9,174721.6
E01035284,562017.9,173000.2
E01035285,562427.8,172929.9
E01035286,578043.0,173017.7
E01035287,578309.4,172545.8
E01035288,574750.3,171287.4
E01035289,574849.7,170910.1
E01035290,576707.3,170756.3
E01035291,576978.9,170428.6
E01035292,576402.2,169021.5
E01035293,576161.6,168829.2
E01035294,577892.9,169448.9
E01035295,577779.4,169153.1
E01035296,574797.9,168077.0
E01035297,575550.7,167912.2
E01035298,594809.9,171936.0
E01035299,594318.8,171909.9
E01035300,598713.8,169994.1
E01035301,598572.0,171257.9
E01035302,591161.5,166241.2
E01035303,590794.1,166330.6
E01035304,589098.9,165018.8
E01035305,589636.8,164813.9
E01035306,588964.3,164637.7
E01035307,589270.7,164264.8
E01035308,612070.1,161099.4
E01035309,613562.1,159737.2
E01035310,614253.7,156864.9
E01035311,614852.3,156807.5
E01035312,636107.5,152530.7
E01035313,636589.0,152606.2
E01035314,623337.8,152714.1
E01035315,623770.7,152678.6
E01035316,635443.7,171080.4
E01035317,635666.3,170998.8
E01035318,635198.7,167660.8
E01035319,632925.5,166488.1
E01035320,488412.5,121597.4
E01035321,488442.9,118353.4
E01035322,485465.0,108943.7
E01035323,488288.5,106436.1
E01035324,486587.7,106550.5
E01035325,486188.7,106220.4
E01035326,489262.0,104895.7
E01035327,487739.4,102340.7
E01035328,529751.3,138738.1
E01035329,529422.7,139243.2
E01035330,524148.9,136877.1
E01035331,521585.2,134645.5
E01035332,523329.9,134802.1
E01035333,523722.3,134734.9
E01035334,516577.1,130507.4
E01035335,517202.5,130464.3
E01035336,514531.8,131299.1
E01035337,514800.9,130841.2
E01035338,515420.9,130457.2
E01035339,514488.3,130789.5
E01035340,516227.0,130087.7
E01035341,508376.9,124600.0
E01035342,508775.3,124986.2
E01035343,539447.2,138076.5
E01035344,539868.3,137962.7
E01035345,525892.3,132981.3
E01035346,526058.7,129741.1
E01035347,533243.4,124412.2
E01035348,533179.7,123969.7
E01035349,530433.9,124665.6
E01035350,533808.7,122888.0
E01035351,533723.7,122399.8
E01035352,532760.9,122364.6
E01035353,532571.3,119407.3
E01035354,532625.2,119004.3
E01035355,529033.5,151829.7
E01035356,528289.1,151457.3
E01035357,528625.6,151183.1
E01035358,528276.0,150802.8
E01035359,526900.9,144384.4
E01035360,527362.7,144207.0
E01035361,528278.1,143314.7
E01035362,528483.6,143017.6
E01035363,533854.3,158735.9
E01035364,534163.3,158314.6
E01035365,340333.9,377036.7
E01035366,339234.0,377343.5
E01035367,340119.3,376941.4
E01035368,340116.6,376717.5
E01035369,364702.9,374375.1
E01035370,364297.6,374225.4
E01035371,364925.8,374116.5
E01035372,364399.0,373845.4
E01035373,340786.6,367129.4
E01035374,340694.7,366948.0
E01035375,340296.5,366955.6
E01035376,340424.5,366559.4
E01035377,340015.0,366702.7
E01035378,340557.5,366031.2
E01035379,342675.7,364499.6
E01035380,343055.6,364232.5
E01035381,342239.8,364642.2
E01035382,350483.2,382954.8
E01035383,350861.5,382368.3
E01035384,357188.6,389809.1
E01035385,356296.5,389554.1
E01035386,356693.0,389688.9
E01035387,357413.2,389300.9
E01035388,357263.8,388997.4
E01035389,358469.5,389211.1
E01035390,357998.6,388978.1
E01035391,363539.4,387596.7
E01035392,363148.7,387314.8
E01035393,492151.4,291091.5
E01035394,492595.6,290390.7
E01035395,492527.9,289775.0
E01035396,493422.0,289317.4
E01035397,490231.7,287190.6
E01035398,491317.5,287137.7
E01035399,456005.3,271030.1
E01035400,451700.0,270205.5
E01035401,475436.4,266033.2
E01035402,474616.1,265163.4
E01035403,456528.9,265012.8
E01035404,457440.6,264688.7
E01035405,457979.4,264768.5
E01035406,456824.1,264211.1
E01035407,499625.6,278335.8
E01035408,499936.0,278047.1
E01035409,496450.9,265791.4
E01035410,495938.7,265526.8
E01035411,481605.8,281354.5
E01035412,481307.8,280774.7
E01035413,487015.5,278741.0
E01035414,486702.6,278727.1
E01035415,490437.6,274393.1
E01035416,490087.6,274602.7
E01035417,475802.2,260474.2
E01035418,475763.2,260209.5
E01035419,476359.2,256245.6
E01035420,475189.0,255724.4
E01035421,471579.1,260982.1
E01035422,472145.0,260456.3
E01035423,472247.0,260078.7
E01035424,471594.0,258754.0
E01035425,478008.7,241449.4
E01035426,477780.9,241001.6
E01035427,458476.1,238822.2
E01035428,458872.7,238393.7
E01035429,490587.7,267998.5
E01035430,490172.0,267725.3
E01035431,489284.4,268130.6
E01035432,488830.5,268081.0
E01035433,444920.8,119025.6
E01035434,444626.9,118843.7
E01035435,444673.8,118178.5
E01035436,443813.3,117897.0
E01035437,444775.0,117922.3
E01035438,450719.4,115168.1
E01035439,448959.5,115089.0
E01035440,448903.8,114548.7
E01035441,451031.2,113676.8
E01035442,442959.6,115268.8
E01035443,443340.2,115197.3
E01035444,442079.2,111477.5
E01035445,441567.9,112257.0
E01035446,443548.6,110749.8
E01035447,443712.3,110485.8
E01035448,442775.2,111154.4
E01035449,443013.6,111061.2
E01035450,437187.2,122883.6
E01035451,436820.3,123077.1
E01035452,436068.0,122425.2
E01035453,437344.5,148137.5
E01035454,436664.1,148794.8
E01035455,437039.5,147819.4
E01035456,437553.8,147703.0
E01035457,437993.1,147204.9
E01035458,439012.0,146888.8
E01035459,439333.5,146207.0
E01035460,437828.7,146008.1
E01035461,438935.6,145470.6
E01035462,438865.6,145137.4
E01035463,512692.0,431962.0
E01035464,513434.4,430498.0
E01035465,509328.8,429419.9
E01035466,508777.4,428937.3
E01035467,506863.4,428182.2
E01035468,507234.5,427853.0
E01035469,509281.6,435231.2
E01035470,508653.0,435478.0
E01035471,508741.4,435070.6
E01035472,508198.6,434980.3
E01035473,527963.8,409849.0
E01035474,521847.5,410696.0
E01035475,521170.8,410589.7
E01035476,531020.4,405712.0
E01035477,525964.2,406530.7
E01035478,525582.9,406613.7
E01035479,530197.4,405828.0
E01035480,529142.1,404867.8
E01035481,491033.2,408739.3
E01035482,491371.8,408206.8
E01035483,491820.1,408177.8
E01035484,523138.3,181294.5
E01035485,523235.1,180796.1
E01035486,526228.6,176714.3
E01035487,526011.7,176487.0
E01035488,526370.0,175649.2
E01035489,526189.3,175418.8
E01035490,525154.3,175255.8
E01035491,525854.5,175313.6
E01035492,525356.3,175131.0
E01035493,525466.1,174763.3
E01035494,525403.0,174585.1
E01035495,525597.5,174474.4
E01035496,529639.6,177562.6
E01035497,529796.9,177452.4
E01035498,529422.7,177551.6
E01035499,529547.2,176663.8
E01035500,457819.6,340166.4
E01035501,456077.5,340149.1
E01035502,455790.8,339996.9
E01035503,455878.7,339517.6
E01035504,455868.7,339235.3
E01035505,455489.8,339157.7
E01035506,457548.1,339840.6
E01035507,454372.9,339295.2
E01035508,453308.8,337923.1
E01035509,459522.1,335470.1
E01035510,459209.1,334710.7
E01035511,543488.9,260334.0
E01035512,542603.9,259899.9
E01035513,542839.9,259681.5
E01035514,544405.6,259082.3
E01035515,545074.0,258819.6
E01035516,544021.5,258003.3
E01035517,545185.7,258165.7
E01035518,546337.0,256961.3
E01035519,546773.7,256689.4
E01035520,546568.4,255924.1
E01035521,546370.0,255339.6
E01035522,546049.4,257099.4
E01035523,545677.7,256770.6
E01035524,545195.7,255443.5
E01035525,544884.8,255164.4
E01035526,544290.2,254635.1
E01035527,545325.8,254411.7
E01035528,544986.1,254796.0
E01035529,545097.3,254337.0
E01035530,544572.6,254131.4
E01035531,556198.9,286858.6
E01035532,556026.5,286584.4
E01035533,555340.7,281332.4
E01035534,554925.8,280958.0
E01035535,553032.8,279853.2
E01035536,539259.6,286662.5
E01035537,538927.0,286334.5
E01035538,519503.5,303006.2
E01035539,519567.4,302326.0
E01035540,520069.0,298779.3
E01035541,520090.7,298409.9
E01035542,519187.7,299553.0
E01035543,519396.1,299227.2
E01035544,519350.8,297839.0
E01035545,519518.9,297487.9
E01035546,520689.3,296025.6
E01035547,521508.9,295764.5
E01035548,520922.5,295571.6
E01035549,520395.5,295671.9
E01035551,517632.7,294071.6
E01035552,518438.3,294239.9
E01035553,516950.2,293998.0
E01035554,516560.1,293859.7
E01035555,540170.8,267487.0
E01035556,539271.1,267205.6
E01035557,539832.6,266727.9
E01035558,540091.4,266548.4
E01035559,532800.6,259510.1
E01035560,533021.4,259331.6
E01035561,542253.9,261997.8
E01035562,505342.1,206969.9
E01035563,505699.9,206603.4
E01035564,505380.4,206388.3
E01035565,428970.7,207152.1
E01035566,515773.3,206985.1
E01035567,515540.5,206732.2
E01035568,526096.7,226488.7
E01035569,525599.7,226517.7
E01035570,523913.7,224219.9
E01035571,524183.9,224080.8
E01035572,510233.4,197980.6
E01035573,510208.1,197573.1
E01035574,510847.6,197143.6
E01035575,511247.1,196859.0
E01035576,510677.6,196643.9
E01035577,511194.1,196649.8
E01035578,510762.7,196362.7
E01035579,509325.8,195920.9
E01035580,509711.5,195895.9
E01035581,520834.0,205855.0
E01035582,526640.1,225845.3
E01035583,536197.2,204616.7
E01035584,536600.5,204522.2
E01035585,536927.9,200464.8
E01035586,537153.2,200226.7
E01035587,536765.4,228578.3
E01035588,536592.4,229149.0
E01035589,535916.2,229218.5
E01035590,549056.6,222626.2
E01035591,549001.3,221224.4
E01035592,538544.0,223311.9
E01035593,538956.2,222976.2
E01035594,548687.9,220880.1
E01035595,548949.8,220877.5
E01035596,533032.3,213036.7
E01035597,532708.6,212613.0
E01035598,519464.3,196384.4
E01035599,519260.4,196189.7
E01035600,507782.5,203348.3
E01035601,507750.4,202548.1
E01035602,510224.9,201367.4
E01035603,509756.6,200624.4
E01035604,524416.8,213173.3
E01035605,524023.7,212346.6
E01035606,524175.1,211116.8
E01035607,523665.4,211164.3
E01035608,523398.2,205142.4
E01035609,530320.1,223671.5
E01035610,425126.7,562115.9
E01035611,425050.6,563259.5
E01035612,425385.2,562624.4
E01035613,423399.8,571856.1
E01035614,422105.3,570640.0
E01035615,423115.1,570950.4
E01035616,422412.9,570534.2
E01035617,424087.8,565327.0
E01035618,422169.5,564362.5
E01035619,422064.8,564210.7
E01035620,424235.1,564353.3
E01035621,424148.3,564302.8
E01035622,426857.6,564558.5
E01035623,426612.5,564461.2
E01035624,411872.0,557562.5
E01035625,429712.5,571888.8
E01035626,431234.1,571733.9
E01035627,430142.0,570149.2
E01035628,430566.1,570059.6
E01035629,418368.3,587612.1
E01035630,421110.0,584614.7
E01035631,431627.3,580535.6
E01035632,431821.4,580030.6
E01035633,429098.2,581178.4
E01035634,428547.5,581093.9
E01035635,429192.8,580715.9
E01035636,408772.5,562558.8
E01035637,406037.1,555058.2
E01035638,532500.7,187599.9
E01035639,532315.4,187496.8
E01035640,533930.8,185161.6
E01035641,533876.2,184897.7
E01035642,533359.8,183824.7
E01035643,532883.1,183892.8
E01035644,532749.3,183666.6
E01035645,533239.3,183624.3
E01035646,532424.3,183349.9
E01035647,532202.4,183176.9
E01035648,532499.5,183099.8
E01035649,532325.7,182996.7
E01035650,533685.9,184249.6
E01035651,530658.6,186322.7
E01035652,530415.2,186197.5
E01035653,531368.8,185696.1
E01035654,531243.9,185505.8
E01035655,531794.8,183143.0
E01035656,532092.0,182975.9
E01035657,537251.8,184340.2
E01035658,537171.1,184208.9
E01035659,536952.0,183710.9
E01035660,535063.7,183472.2
E01035661,535011.1,183295.1
E01035662,537363.6,183250.1
E01035663,537407.2,183130.6
E01035664,534009.4,183001.3
E01035665,538075.5,182841.7
E01035666,537923.8,182482.7
E01035667,537937.3,182335.6
E01035668,534133.5,182318.0
E01035669,533809.5,182324.7
E01035670,535920.0,182379.1
E01035671,537695.0,182021.3
E01035672,537516.9,181919.5
E01035673,537357.4,181695.4
E01035674,536777.4,182484.7
E01035675,536593.3,182406.2
E01035676,536866.6,181561.9
E01035677,537052.4,181465.8
E01035678,537825.9,181644.6
E01035679,537850.0,181412.8
E01035680,536237.0,181860.2
E01035681,536022.3,181851.1
E01035682,536129.7,181642.7
E01035683,536368.2,181623.1
E01035684,537528.9,181630.8
E01035685,537602.9,181482.5
E01035686,534417.1,181507.1
E01035687,534061.3,181341.9
E01035688,534089.0,181175.3
E01035689,534184.5,181195.2
E01035690,536489.9,181162.2
E01035691,536568.1,180975.2
E01035692,537215.9,181371.7
E01035693,537407.1,181199.9
E01035694,537038.3,181188.0
E01035695,537251.4,181013.0
E01035696,534388.4,180667.9
E01035697,534080.7,180738.0
E01035698,537664.1,179571.8
E01035699,537549.7,179516.6
E01035700,539283.1,181239.6
E01035701,539333.8,181161.7
E01035702,538996.9,180850.3
E01035703,537846.1,179508.7
E01035704,537894.7,179426.2
E01035705,538156.6,179365.2
E01035706,537920.7,179362.3
E01035707,529769.5,184482.2
E01035708,530143.8,183842.2
E01035709,529760.4,183174.2
E01035710,529167.9,182621.4
E01035711,529693.5,182287.8
E01035712,530752.2,182504.4
E01035713,526682.8,178629.9
E01035714,526421.1,178120.1
E01035715,525901.6,182215.0
E01035716,529450.9,180991.4
E01035717,525326.2,181449.0
E01035718,527185.2,179458.2
E01035719,530043.8,178806.0
E01035720,529901.0,178541.8
E01035721,528462.9,178435.7
E01035722,529542.2,178041.5
E01035723,440307.9,241648.3
E01035724,443305.4,241958.9
E01035725,445781.9,243229.1
E01035726,446099.4,241262.2
E01035727,446797.3,238172.9
E01035728,446333.9,238178.3
E01035729,446448.5,237631.6
E01035730,451073.3,225598.6
E01035731,451186,225373.4
E01035733,459269.2,220360.0
E01035734,460577.7,219742.8
E01035735,458350.7,222475.1
E01035736,457528.2,222033.8
E01035737,456909.6,222312.4
E01035738,457161.5,221947.6
E01035739,455919.9,221290.1
E01035740,451042.6,208262.9
E01035741,451088.1,207556.5
E01035742,450814.4,207214.3
E01035743,453586.2,204836.4
E01035744,454199.2,204551.8
E01035745,451493.2,190763.2
E01035746,450920.1,190612.7
E01035747,461558.2,189203.2
E01035748,465236.2,187570.7
E01035749,451018.6,189282.0
E01035750,452622.3,188534.2
E01035751,459452.6,186089.1
E01035752,459125.7,185808.6
E01035753,440036.9,198346.0
E01035754,440059.6,198081.8
E01035755,447631.8,194380.9
E01035756,447723.9,194000.3
E01035757,439968.0,187953.0
E01035758,439637.6,188071.5
E01035759,449150.3,189763.5
E01035760,450655.3,189927.0
E01035761,449011.4,189448.5
E01035762,448106.1,220680.5
W01000003,244434.5,392940.2
W01000004,243410.9,392795.2
W01000005,260230.8,376206.8
W01000006,242490.9,376677.1
W01000007,241312.6,371012.3
W01000008,252892.4,371955.3
W01000009,238343.8,376211.5
W01000010,251316.6,382586.6
W01000011,255567.2,372053.6
W01000012,245602.5,375613.8
W01000013,256776.1,374070.9
W01000014,245634.5,376130.9
W01000015,253336.5,371799.9
W01000016,224522.9,382380.1
W01000017,224809.8,381539.0
W01000018,236937.8,393273.6
W01000019,251911.8,382124.5
W01000021,245694.8,390147.5
W01000022,231425.3,386640.0
W01000023,233279.9,380170.3
W01000024,231981.4,377431.2
W01000025,248300.3,371841.4
W01000026,261024.0,379526.9
W01000027,248445.5,367713.2
W01000028,241635.1,384110.2
W01000029,225199.7,381850.4
W01000030,224346.2,382100.9
W01000031,236652.0,390993.3
W01000033,225433.6,382165.4
W01000034,223475.9,382670.0
W01000035,252717.8,378504.4
W01000036,224699.4,382917.0
W01000037,224317.1,382975.8
W01000038,243903.8,365951.6
W01000040,225358.8,379703.3
W01000041,246634.2,375835.6
W01000042,255232.7,372578.4
W01000044,229117.8,380068.6
W01000047,239565.7,338350.2
W01000050,260498.6,370541.2
W01000051,292595.9,336016.2
W01000052,252605.2,365457.9
W01000053,254037.2,362744.7
W01000054,248247.5,360030.6
W01000056,269647.5,345781.4
W01000057,274930.9,320871.7
W01000059,248835.0,363128.5
W01000060,281359.9,311130.7
W01000061,249843.7,338177.1
W01000062,257983.8,371827.5
W01000063,257808.5,363083.7
W01000064,256693.3,370767.7
W01000065,270343.0,345719.3
W01000066,251265.6,342539.4
W01000067,272827.3,317935.7
W01000068,272997.1,317539.3
W01000070,234485.2,336341.6
W01000071,262716.5,367071.5
W01000072,256713.7,371410.9
W01000073,247436.5,355801.8
W01000074,258238.9,331814.6
W01000075,257237.6,371378.5
W01000076,258348.9,372766.4
W01000077,258626.2,372538.8
W01000078,237420.7,345788.7
W01000080,232363.5,331552.8
W01000081,257727.7,360155.9
W01000082,297478.2,337964.5
W01000083,288388.1,331948.9
W01000084,230273.0,330479.3
W01000085,261162.0,311981.2
W01000086,246841.3,351619.7
W01000087,253672.1,363448.2
W01000088,249523.6,357739.5
W01000089,244093.9,339066.3
W01000090,258755.6,371537.1
W01000091,258968.5,372038.5
W01000092,257414.7,372090.1
W01000093,248376.8,363230.9
W01000094,228607.4,340138.4
W01000095,230713.5,340518.9
W01000096,262664.4,366585.4
W01000097,262073.5,367003.6
W01000098,248827.8,362519.4
W01000099,256288.5,364601.2
W01000100,261207.3,339592.6
W01000101,260748.1,338737.7
W01000102,255467.8,369966.8
W01000103,256534.7,369379.8
W01000104,247068.6,353158.5
W01000105,256757.5,339018.1
W01000106,256328.3,338159.1
W01000107,256256.0,340309.1
W01000108,237475.7,335212.3
W01000109,237348.7,334313.5
W01000110,248734.9,361960.5
W01000111,248311.9,362293.3
W01000112,249072.1,353361.5
W01000113,270525.3,344101.7
W01000114,270719.0,335836.6
W01000115,260451.5,367737.1
W01000116,258309.1,300461.0
W01000117,258532.1,300800.2
W01000118,252376.0,359529.7
W01000119,252380.1,367379.0
W01000121,275966.0,355209.6
W01000122,291060.4,373201.3
W01000123,268257.7,374639.9
W01000124,276754.3,371813.7
W01000125,273458.5,377257.9
W01000126,287115.9,378009.8
W01000127,287877.4,378423.4
W01000128,287219.4,378405.5
W01000129,277304.0,378232.4
W01000130,277800.0,377328.2
W01000131,277411.3,377043.7
W01000132,279495.2,381900.7
W01000133,279744.6,381598.2
W01000134,280178.0,361490.2
W01000135,278356.4,380019.7
W01000136,278464.9,378940.1
W01000137,280514.4,369269.4
W01000138,286866.0,377529.4
W01000139,286446.6,378352.9
W01000140,294995.8,377305.1
W01000141,294052.7,377251.8
W01000142,294308.1,376830.6
W01000143,285054.9,378559.9
W01000144,285359.7,378715.8
W01000145,285586.3,377939.8
W01000146,277877.1,382447.5
W01000147,277476.3,382133.1
W01000148,279901.4,362104.7
W01000149,298567.8,380158.1
W01000150,299329.0,379279.4
W01000151,299046.8,379609.3
W01000152,299134.6,380419.0
W01000153,290642.7,378097.9
W01000154,282920.2,380037.4
W01000155,283995.5,380196.2
W01000156,283917.8,380974.8
W01000157,283635.6,380737.0
W01000158,283214.0,380498.6
W01000159,287137.0,365490.4
W01000162,296272.2,366130.5
W01000163,288377.7,377930.2
W01000164,289758.7,377502.7
W01000165,279060.4,378589.4
W01000166,279585.9,378446.2
W01000167,282683.5,378806.8
W01000168,277747.1,381455.2
W01000169,278124.0,381994.5
W01000170,268648.4,374656.8
W01000171,272092.3,376370.3
W01000172,271513.8,376158.6
W01000173,281401.2,381198.8
W01000174,281941.6,381446.2
W01000175,282077.0,381381.7
W01000176,279897.1,377917.8
W01000177,280340.9,378132.3
W01000178,294758.3,377890.7
W01000179,293964.1,378004.5
W01000180,284418.4,378178.0
W01000181,284238.8,378030.7
W01000182,284613.1,379320.5
W01000183,284120.5,379256.2
W01000184,297622.4,379193.6
W01000185,277921.5,363406.9
W01000186,278751.9,381730.2
W01000187,278417.5,381146.8
W01000188,278928.3,381093.1
W01000189,280790.5,352775.9
W01000190,295655.3,348525.5
W01000191,299755.9,375796.0
W01000192,311584.0,343562.9
W01000193,307450.7,343576.1
W01000194,305276.7,366196.3
W01000195,306576.2,366035.6
W01000196,306095.6,366909.3
W01000197,306250.2,366527.9
W01000198,304761.9,366205.3
W01000199,303020.4,367651.4
W01000200,305917.4,378747.8
W01000201,305573.8,379611.7
W01000202,308343.1,352654.2
W01000203,319643.3,357125.4
W01000204,313993.5,360182.8
W01000205,304673.4,339380.8
W01000206,310808.0,364886.2
W01000207,312936.1,351810.8
W01000208,320951.4,342693.8
W01000209,321947.6,341743.8
W01000210,321778.5,341767.6
W01000211,306103.1,361482.1
W01000212,306635.2,382073.6
W01000213,306474.8,382569.1
W01000214,306661.0,383423.0
W01000215,307307.0,382688.1
W01000216,306904.7,382999.7
W01000217,306035.1,380890.0
W01000218,306058.5,383198.6
W01000219,305351.8,383054.6
W01000220,304466.3,382598.0
W01000221,305454.5,381914.8
W01000222,305613.9,382232.8
W01000223,302544.0,379058.5
W01000224,302748.0,378358.3
W01000225,302400.2,378181.9
W01000226,302390.0,382155.7
W01000227,301842.3,381934.2
W01000228,301282.2,381781.0
W01000229,302531.2,380233.1
W01000230,301885.0,380324.6
W01000231,301821.2,381507.5
W01000232,302685.5,381235.9
W01000233,302187.5,380735.6
W01000234,302736.5,380843.1
W01000235,302627.3,381701.9
W01000236,301289.4,380825.4
W01000237,300701.7,380591.8
W01000238,301520.6,381175.6
W01000239,300354.2,381120.1
W01000240,300778.3,381322.7
W01000241,300199.8,380870.0
W01000242,311791.5,358238.1
W01000243,312573.7,358414.3
W01000244,313066.1,357697.8
W01000245,303885.7,374295.1
W01000246,303243.7,374232.5
W01000247,304727.4,371226.8
W01000248,307883.6,373504.9
W01000249,326172.6,364331.1
W01000250,326115.4,363878.1
W01000251,330135.8,366609.4
W01000252,330484.6,367389.4
W01000253,322334.4,374578.5
W01000254,320860.9,376167.7
W01000255,334135.8,363828.0
W01000256,333275.0,363199.1
W01000257,334310.5,363417.3
W01000258,319622.4,372754.9
W01000259,328564.1,363620.3
W01000260,328380.9,363529.6
W01000261,326919.7,363820.5
W01000262,327716.2,363630.8
W01000263,327417.5,363538.0
W01000264,327521.4,364440.0
W01000265,327245.1,364618.0
W01000266,328445.0,364081.5
W01000267,329328.4,364323.0
W01000268,328379.5,364820.1
W01000269,330539.0,357395.9
W01000270,316710.6,371475.3
W01000271,312885.7,372973.1
W01000272,318473.9,366726.1
W01000273,328991.1,369469.2
W01000274,329589.3,369431.8
W01000275,328503.5,370117.3
W01000276,328295.4,369715.0
W01000277,328374.0,369144.7
W01000278,328735.8,369811.7
W01000279,329084.6,368662.6
W01000280,328343.7,368120.5
W01000281,328720.6,368982.1
W01000282,328517.9,368484.0
W01000283,329764.9,368929.7
W01000284,329580.6,365601.9
W01000285,330136.6,365943.1
W01000286,329348.2,366149.0
W01000287,313179.7,382098.4
W01000288,324581.6,372870.5
W01000289,323440.2,372770.5
W01000290,324043.4,372731.0
W01000291,323669.3,372121.6
W01000292,324966.7,372408.4
W01000293,325389.4,371980.6
W01000294,324598.5,371570.1
W01000295,324324.4,372192.0
W01000296,319309.3,377556.2
W01000297,318951.0,377235.0
W01000298,309675.9,383118.7
W01000299,320248.5,364516.5
W01000300,321857.1,362565.6
W01000301,320752.2,369821.1
W01000302,331288.9,366422.6
W01000303,333009.0,361275.1
W01000304,318757.1,376023.6
W01000305,319443.7,376150.0
W01000306,317993.6,376115.1
W01000307,330773.2,358683.1
W01000308,331004.5,357928.8
W01000309,326991.2,360151.1
W01000310,329455.2,355978.0
W01000311,331962.8,366759.2
W01000312,332126.3,367349.2
W01000313,324093.5,363137.6
W01000314,323577.7,363795.6
W01000315,324282.6,363901.6
W01000316,322902.9,363750.0
W01000317,323120.6,363231.4
W01000318,323125.5,364160.3
W01000319,323459.0,364476.3
W01000320,316263.3,379787.3
W01000321,325728.4,364686.0
W01000322,325546.9,364204.1
W01000323,324481.7,368396.9
W01000324,324435.0,366259.7
W01000325,327130.0,367736.8
W01000326,330044.8,361358.8
W01000327,330510.1,362347.8
W01000328,333118.5,367179.9
W01000329,337138.4,364988.1
W01000330,338172.8,364716.7
W01000331,337773.1,364498.3
W01000332,333480.8,369063.5
W01000333,332671.7,369142.6
W01000334,330763.9,368576.3
W01000335,330746.7,367855.8
W01000336,330979.8,368143.1
W01000337,330406.6,368811.7
W01000338,310381.4,380092.3
W01000339,325044.8,358156.7
W01000340,316243.9,376725.8
W01000341,334368.9,351705.9
W01000342,333928.9,351653.7
W01000343,334948.0,352110.5
W01000344,334570.8,352561.3
W01000345,339315.2,345483.8
W01000346,348321.7,340676.0
W01000347,329537.5,352791.3
W01000348,329189.3,353911.7
W01000349,332169.0,350113.2
W01000350,332895.9,350293.8
W01000351,330347.4,353471.5
W01000354,327747.3,343121.9
W01000355,328267.2,342629.4
W01000356,328096.2,341777.0
W01000359,329290.2,339373.5
W01000360,329145.7,338770.2
W01000361,329250.3,338046.7
W01000362,329010.9,351259.5
W01000363,328223.4,351491.3
W01000364,328532.2,351056.9
W01000365,333418.5,349392.5
W01000366,331417.2,348730.1
W01000367,331654.2,349037.9
W01000368,333535.4,352241.2
W01000369,335063.7,355004.7
W01000370,335078.7,354597.1
W01000371,333347.7,351159.0
W01000372,333203.5,350851.9
W01000373,330660.4,351869.4
W01000374,332100.2,353546.2
W01000375,332609.3,352927.5
W01000376,332535.7,353938.0
W01000377,331121.1,354051.7
W01000378,331315.9,353568.1
W01000379,331508.4,353064.4
W01000380,331715.4,352553.3
W01000381,333756.6,349448.5
W01000382,334124.4,349315.1
W01000384,340961.9,353834.5
W01000385,330379.8,346273.0
W01000386,330160.9,345855.3
W01000387,334060.3,352901.3
W01000388,333915.4,352480.4
W01000389,326826.9,342337.3
W01000390,333456.8,356058.6
W01000391,333055.5,355438.6
W01000392,333483.5,355517.4
W01000393,334204.0,351083.0
W01000394,336582.5,346388.1
W01000395,335691.5,347849.6
W01000398,327368.4,351855.9
W01000399,326396.0,353287.1
W01000400,331172.9,351415.4
W01000401,330916.4,352298.3
W01000402,333014.4,349725.1
W01000403,344405.3,339303.7
W01000404,337761.9,341585.9
W01000405,329410.2,346028.8
W01000406,328782.0,345461.0
W01000407,330077.1,343632.7
W01000408,328173.1,345194.5
W01000409,328837.6,343340.6
W01000410,329754.8,346654.6
W01000411,329146.4,346609.8
W01000412,329226.5,346892.5
W01000413,334806.1,349904.4
W01000414,335258.7,349801.4
W01000415,335040.5,351504.5
W01000416,335535.6,351820.7
W01000417,337227.9,357357.3
W01000418,336111.7,357390.2
W01000419,330652.4,344511.0
W01000420,330414.8,344074.7
W01000422,333100.7,351779.3
W01000423,335098.2,349269.2
W01000424,334291.7,349553.0
W01000425,334573.3,350658.9
W01000426,281176.6,212425.0
W01000427,316445.6,276092.2
W01000428,318488.7,300697.5
W01000429,294642.7,287279.4
W01000430,313214.3,237698.0
W01000431,304291.7,250897.2
W01000432,303658.5,251001.1
W01000433,301723.9,293460.8
W01000434,327505.4,294055.3
W01000438,304871.4,257926.6
W01000439,316268.5,294923.9
W01000440,307204.1,233043.5
W01000441,323956.9,302555.6
W01000442,279668.2,302504.0
W01000443,317685.4,242777.6
W01000444,321854.2,311423.0
W01000445,318442.9,238074.9
W01000446,322557.8,242115.6
W01000447,314804.6,289924.8
W01000448,328224.9,272179.8
W01000449,328781.0,272209.9
W01000450,300422.4,251939.0
W01000451,309263.2,264831.3
W01000452,297759.2,308120.8
W01000453,303031.9,288154.7
W01000454,305833.4,261222.3
W01000455,306043.6,262005.4
W01000456,305906.6,260538.5
W01000457,328028.9,316526.9
W01000458,327006.5,318897.8
W01000459,308596.4,252926.1
W01000460,310086.1,306212.2
W01000461,314246.5,319461.1
W01000464,319676.1,268802.3
W01000465,315297.5,219636.1
W01000466,295502.7,284058.5
W01000467,295486.7,284657.7
W01000470,321956.8,320342.0
W01000471,289071.0,247003.3
W01000472,301785.9,258576.7
W01000473,275052.6,300940.8
W01000474,291568.1,228427.9
W01000475,314560.6,313479.6
W01000476,322349.7,296782.8
W01000477,300782.3,270250.1
W01000478,309212.2,290805.1
W01000479,310050.5,291093.9
W01000480,311035.2,291202.4
W01000481,311381.9,292125.2
W01000482,310625.9,292046.0
W01000483,309821.6,290544.6
W01000484,323461.4,259262.2
W01000485,330932.4,264743.0
W01000486,331737.8,264175.3
W01000487,297163.7,268215.5
W01000488,309359.7,298760.5
W01000489,303718.2,228362.3
W01000492,304614.2,228512.4
W01000493,305707.0,228127.5
W01000494,315545.3,233833.9
W01000496,284811.5,211775.3
W01000497,327945.4,311366.7
W01000498,322395.4,306960.2
W01000499,323014.6,307786.4
W01000500,323076.0,308420.5
W01000501,322415.2,307937.1
W01000502,278344.3,209438.5
W01000503,299338.4,231606.6
W01000504,279206.1,210773.8
W01000505,278929.3,210573.7
W01000506,245844.9,262788.8
W01000507,226005.1,250415.4
W01000508,225539.8,251293.3
W01000509,218401.2,246963.4
W01000510,218178.8,246384.1
W01000511,217778.5,245736.5
W01000512,258965.2,281715.3
W01000513,258427.0,281740.1
W01000515,259017.1,280288.9
W01000516,259454.3,280060.8
W01000517,258142.5,281468.1
W01000518,258354.4,281118.4
W01000519,228241.8,244905.0
W01000522,243140.5,244653.2
W01000523,265716.4,290076.2
W01000524,246483.3,260057.3
W01000525,260591.6,281852.5
W01000527,257825.0,248135.9
W01000528,257528.2,248469.9
W01000531,234133.0,241458.2
W01000533,241494.0,240967.6
W01000534,259146.8,278015.4
W01000535,253031.0,255527.7
W01000536,263707.7,258136.1
W01000537,260272.0,251881.6
W01000538,255105.1,269496.3
W01000539,253827.5,264168.6
W01000540,251437.4,266914.2
W01000541,250502.2,246516.9
W01000542,270778.5,267879.3
W01000543,269602.6,279605.9
W01000545,231999.2,251473.1
W01000546,221283.9,244309.2
W01000547,220901.2,248231.6
W01000548,262240.1,284869.9
W01000549,264811.9,284174.2
W01000550,267990.4,259817.6
W01000551,236007.5,246178.5
W01000552,262650.5,275022.2
W01000553,215271.3,207624.5
W01000554,197524.3,207997.3
W01000555,191580.4,219301.9
W01000556,187916.8,220654.4
W01000557,205157.5,203412.4
W01000558,219727.7,242695.3
W01000559,221755.9,235961.4
W01000560,214780.5,236617.3
W01000561,219635.9,232287.8
W01000562,200712.3,236382.5
W01000563,209297.8,206056.2
W01000564,211555.7,205726.2
W01000565,195881.3,237012.5
W01000566,195574.4,236829.8
W01000567,194175.5,237957.2
W01000569,194864.3,216010.6
W01000570,194127.7,215752.3
W01000571,194310.5,215444.5
W01000572,195875.8,216402.3
W01000573,194899.9,214957.0
W01000574,195503.4,199976.7
W01000575,193310.8,210629.1
W01000576,212390.7,207415.0
W01000577,215455.2,213960.6
W01000578,201442.4,200884.9
W01000579,194129.3,229296.6
W01000580,197973.7,211011.5
W01000581,184514.5,231310.3
W01000582,208569.2,227116.4
W01000583,212062.4,219633.2
W01000584,207140.4,199274.8
W01000585,205760.0,214366.6
W01000586,195092.1,214139.4
W01000587,190749.6,205933.1
W01000588,191316.6,206423.3
W01000589,189576.1,206020.0
W01000590,189621.7,205678.9
W01000591,189165.7,206371.7
W01000592,188868.2,206139.9
W01000594,190398.8,206347.0
W01000595,210999.7,214783.7
W01000596,211393.0,212477.8
W01000597,205597.9,239146.1
W01000598,196355.7,205419.6
W01000599,195882.7,205489.2
W01000600,196709.6,203480.8
W01000601,197611.6,203224.0
W01000602,197238.5,203914.8
W01000603,196535.5,203235.0
W01000604,196730.5,202653.1
W01000605,196106.1,202758.4
W01000606,197416.3,201434.4
W01000607,198544.7,201980.5
W01000608,198425.9,201195.3
W01000609,199428.0,201095.4
W01000610,211981.7,201111.1
W01000611,196849.3,217890.7
W01000612,175548.5,225416.3
W01000613,215875.1,245691.6
W01000614,183404.4,207373.9
W01000617,194304.7,234308.6
W01000618,183074.0,224939.1
W01000619,212727.8,201054.2
W01000622,186458.0,213676.7
W01000623,201135.8,221627.5
W01000624,243909.6,224117.7
W01000625,262506.8,211666.7
W01000626,262801.3,212407.9
W01000627,263621.9,211576.3
W01000628,252043.7,200361.9
W01000629,251200.1,200338.5
W01000630,251427.6,200133.3
W01000631,251532.3,199612.8
W01000632,244665.8,201234.8
W01000633,244801.4,200751.0
W01000634,245309.7,201238.9
W01000635,254629.6,199366.4
W01000636,254305.4,200118.7
W01000637,240712.7,220807.8
W01000638,241900.1,220812.8
W01000639,241096.1,220526.0
W01000640,242436.4,221295.4
W01000641,241513.3,220291.4
W01000642,239874.7,218960.1
W01000643,239980.6,220020.9
W01000644,239215.8,220050.3
W01000645,240494.7,220322.6
W01000646,230705.3,240215.9
W01000647,270958.6,232640.3
W01000648,239720.5,229684.2
W01000649,239362.6,224134.1
W01000650,264737.6,240615.5
W01000651,252762.9,201214.7
W01000652,252187.6,201282.0
W01000653,250242.5,200857.7
W01000654,250245.8,200164.4
W01000655,251726.7,201957.3
W01000656,268789.7,213279.5
W01000657,266892.1,213391.7
W01000658,267505.8,213672.1
W01000659,250957.6,199111.6
W01000660,250263.9,199419.5
W01000662,247961.8,208237.0
W01000663,253880.7,213588.2
W01000664,256644.6,213735.3
W01000665,258251.2,204409.1
W01000666,257789.1,203642.3
W01000667,249686.9,200932.0
W01000670,240902.4,206789.0
W01000671,241544.8,207090.1
W01000672,224144.4,209580.7
W01000673,229963.6,210683.0
W01000674,219325.3,223922.1
W01000675,251088.0,216672.1
W01000676,262885.5,221382.8
W01000677,262920.7,222536.6
W01000678,277096.7,235118.1
W01000679,276686.5,234448.1
W01000680,262493.7,214278.9
W01000681,261704.8,215173.6
W01000682,251435.5,222214.7
W01000683,253034.1,230198.4
W01000684,258682.8,217435.1
W01000685,244536.8,235766.2
W01000686,248128.9,239093.7
W01000687,271238.9,227869.3
W01000688,237129.0,238649.0
W01000689,235925.5,237426.4
W01000690,255871.8,201604.2
W01000691,254979.8,200809.3
W01000692,256284.2,202060.3
W01000693,241872.0,219357.7
W01000694,242222.7,219213.7
W01000695,246276.7,206582.8
W01000696,246372.6,210715.5
W01000697,255710.3,212506.8
W01000698,253708.5,211990.4
W01000699,254115.3,208733.5
W01000700,235665.8,214155.1
W01000701,258336.2,246461.4
W01000702,252494.2,243764.0
W01000703,250916.5,200765.5
W01000704,251235.9,201468.5
W01000705,251438.3,201049.1
W01000706,252955.4,200536.5
W01000707,253450.7,200497.5
W01000708,253367.1,200003.1
W01000709,263682.8,226705.9
W01000710,243823.4,201383.3
W01000711,243188.4,201003.0
W01000712,258000.9,212951.8
W01000713,258841.0,213213.7
W01000714,262672.7,213031.1
W01000715,264240.4,212580.5
W01000716,250699.1,211236.9
W01000717,249775.9,211616.6
W01000718,271285.3,214293.3
W01000719,274007.9,213454.6
W01000720,227574.7,216561.6
W01000721,228515.6,217219.4
W01000722,241960.6,216038.6
W01000723,236932.7,210234.0
W01000724,258887.6,211463.8
W01000725,261356.6,212173.1
W01000728,229097.0,224775.5
W01000729,245282.0,204586.8
W01000730,245413.3,204488.8
W01000731,260707.4,210546.6
W01000732,250412.4,199810.4
W01000733,250796.7,199968.7
W01000734,250947.3,199591.6
W01000735,219958.8,216711.7
W01000736,258206.0,188490.3
W01000737,258725.1,188960.9
W01000738,267911.3,195416.7
W01000739,267054.8,195157.4
W01000740,268831.8,196162.1
W01000741,268171.9,196039.5
W01000742,265481.2,194535.1
W01000744,265418.0,194092.0
W01000745,265052.8,193007.3
W01000746,265113.5,193565.0
W01000747,264814.9,193164.6
W01000749,264700.3,192463.3
W01000750,269437.6,202074.2
W01000751,270136.9,201763.4
W01000752,268489.4,201410.0
W01000753,268947.0,202137.1
W01000754,269032.7,201557.9
W01000755,263778.8,195084.0
W01000756,260790.7,195280.6
W01000757,263073.8,195303.5
W01000758,263026.1,194471.0
W01000759,260077.6,195433.5
W01000760,262108.2,196293.0
W01000761,263252.3,195949.2
W01000762,263990.8,195535.6
W01000763,265255.2,195046.1
W01000764,264609.3,194892.1
W01000765,265354.4,195482.2
W01000766,265046.2,195476.1
W01000767,264680.6,195260.3
W01000768,259569.7,193805.7
W01000769,258927.8,193749.6
W01000770,260044.3,193662.2
W01000771,258906.3,192394.3
W01000772,256958.3,194242.9
W01000774,258746.1,198762.5
W01000775,246209.0,187767.2
W01000776,249316.6,191327.1
W01000777,259359.9,196035.8
W01000778,258660.7,196502.9
W01000779,258689.1,196067.1
W01000781,260508.7,193350.7
W01000782,259772.1,193123.5
W01000784,258845.8,198119.2
W01000785,258463.2,197908.0
W01000786,259774.4,197653.4
W01000787,266248.7,196409.4
W01000788,265889.2,195693.1
W01000789,265682.6,195455.5
W01000790,265909.6,194255.5
W01000791,265016.9,198587.5
W01000792,261064.1,201015.6
W01000793,262386.8,199919.2
W01000794,268739.5,197747.0
W01000795,270768.1,197776.3
W01000797,269979.3,197092.2
W01000798,269572.9,197026.7
W01000799,269179.4,196763.9
W01000800,270180.7,200246.0
W01000801,270566.2,198039.8
W01000802,257025.7,198050.9
W01000803,267386.9,202946.9
W01000804,261412.6,190240.7
W01000805,260617.7,190341.1
W01000806,267453.3,199368.2
W01000807,267184.4,199940.4
W01000808,266701.3,199135.0
W01000809,267133.5,198493.4
W01000810,266996.2,199203.6
W01000811,266440.4,197889.0
W01000812,267036.5,197770.3
W01000813,266616.1,198302.1
W01000814,266775.8,197260.7
W01000815,268016.1,200202.6
W01000816,266610.1,200021.6
W01000817,265555.5,198088.3
W01000818,265651.0,197588.0
W01000819,265640.9,197068.0
W01000820,265187.0,196849.2
W01000821,265358.4,196187.6
W01000822,265911.3,198607.5
W01000823,260170.1,188219.7
W01000824,260504.5,187782.1
W01000825,261624.0,187930.9
W01000826,261964.0,187434.0
W01000827,261228.5,188038.6
W01000828,252804.7,195065.4
W01000829,254612.3,195640.0
W01000830,263416.0,196671.5
W01000831,263306.1,196237.6
W01000832,263826.4,196455.1
W01000833,264778.7,196187.4
W01000834,264807.4,196836.8
W01000835,264348.8,195872.5
W01000836,263221.5,197113.8
W01000837,262045.6,198888.6
W01000838,260933.0,198810.8
W01000839,256931.2,189194.2
W01000840,255256.0,188105.9
W01000841,258126.9,198836.2
W01000842,259194.2,200672.1
W01000843,258468.8,199445.3
W01000844,258109.7,199499.9
W01000845,259788.6,203187.9
W01000846,259210.3,203695.3
W01000847,259648.1,204094.6
W01000848,259929.9,203946.7
W01000849,267979.2,193355.8
W01000851,266456.8,193688.2
W01000852,267272.2,193294.0
W01000853,262368.4,193490.7
W01000854,261932.2,193915.5
W01000855,261723.7,193375.9
W01000856,261465.7,192743.7
W01000857,262161.9,192980.7
W01000858,262883.4,193001.2
W01000859,261807.4,192401.9
W01000860,261816.2,191578.4
W01000861,262785.8,192087.0
W01000862,264182.3,194232.5
W01000863,263582.7,194238.9
W01000864,264930.7,194147.7
W01000865,263618.3,193903.2
W01000866,264634.9,193797.9
W01000867,264160.7,193689.9
W01000868,263209.1,193603.1
W01000869,264236.9,193137.3
W01000870,263686.6,193033.8
W01000871,264580.5,192944.7
W01000872,263302.0,193080.9
W01000873,263898.3,192441.6
W01000874,263699.1,192721.2
W01000875,264224.0,192536.6
W01000876,263617.4,192359.9
W01000877,257904.1,198358.7
W01000878,257487.4,198298.2
W01000879,260437.4,188928.9
W01000880,261083.3,188932.1
W01000881,261290.0,189604.7
W01000882,260622.6,189568.6
W01000883,274529.0,191536.2
W01000884,276064.7,190294.2
W01000885,275641.4,190350.4
W01000886,275795.7,189952.5
W01000887,277195.9,199849.1
W01000888,272596.7,203448.9
W01000889,275370.2,191633.6
W01000890,275476.2,192653.8
W01000891,274656.2,193199.2
W01000892,275021.5,192810.7
W01000893,287003.8,205579.0
W01000894,274443.8,195155.5
W01000895,274197.5,194392.7
W01000896,273884.0,195108.2
W01000897,273880.8,194468.3
W01000898,281193.9,192288.3
W01000899,277720.2,192107.2
W01000900,278324.1,192292.8
W01000901,278125.8,192569.7
W01000904,274026.6,198313.6
W01000905,274565.0,198822.0
W01000907,274446.1,198357.3
W01000908,275691.2,198691.7
W01000909,276679.5,196374.4
W01000910,277031.8,196157.5
W01000911,277059.3,196701.1
W01000912,272916.2,197172.4
W01000913,272635.9,197295.3
W01000914,272357.5,196617.8
W01000915,272649.5,197688.4
W01000916,271665.2,197390.2
W01000918,279326.5,205064.5
W01000919,274525.3,212724.2
W01000921,286743.8,195288.6
W01000922,273463.6,198117.9
W01000925,287337.6,206449.1
W01000926,288467.9,206734.2
W01000927,275786.3,207167.8
W01000928,270288.5,212122.6
W01000929,270525.1,211044.6
W01000930,289177.3,196529.7
W01000931,270760.9,213263.0
W01000932,278415.9,187228.2
W01000933,282039.7,184570.2
W01000934,274986.6,196848.2
W01000935,275273.9,196990.4
W01000936,274842.1,196048.5
W01000937,274435.9,195905.3
W01000938,275776.8,197488.7
W01000939,275309.1,197359.1
W01000940,276199.2,197744.6
W01000941,275423.4,196573.4
W01000942,276033.4,196235.4
W01000943,276120.6,196553.4
W01000944,285188.7,210017.2
W01000945,279557.6,195888.1
W01000946,272800.3,204852.7
W01000947,271739.5,204903.9
W01000948,272152.9,204155.3
W01000949,277211.6,190480.6
W01000950,276903.5,190160.5
W01000951,276984.5,189706.8
W01000952,277210.4,189391.1
W01000953,282794.5,202757.9
W01000954,282802.4,202617.8
W01000955,273883.7,203397.1
W01000956,273668.5,202976.5
W01000957,274807.3,189985.3
W01000958,274603.4,190332.3
W01000959,275077.7,189412.3
W01000960,275312.0,189566.7
W01000961,274044.4,191139.2
W01000962,274376.2,190782.7
W01000963,274047.1,190511.8
W01000964,273587.9,190928.3
W01000965,281874.7,208750.2
W01000966,277747.0,189332.7
W01000967,277712.7,188508.3
W01000968,278188.9,187937.6
W01000969,276891.0,198488.6
W01000970,277748.5,199198.1
W01000971,270956.6,202608.3
W01000973,276946.9,208635.3
W01000974,289247.1,183758.4
W01000975,290004.2,187124.9
W01000976,297775.1,189488.6
W01000977,293233.6,187662.2
W01000978,290191.8,192981.5
W01000979,292562.9,180117.0
W01000980,291832.7,180329.9
W01000981,291233.5,180265.6
W01000982,291633.3,179735.3
W01000983,292953.7,179800.3
W01000984,292388.5,179596.6
W01000985,292562.6,180591.2
W01000986,291371.8,184502.1
W01000987,290622.7,183923.7
W01000989,287661.3,179885.7
W01000990,288704.3,180119.9
W01000991,285364.1,194575.6
W01000992,285806.8,194496.5
W01000993,285482.9,193926.8
W01000994,285150.6,193090.3
W01000995,284993.6,192392.0
W01000996,285639.6,182752.0
W01000997,289427.2,180799.6
W01000999,281387.4,181747.8
W01001000,281750.7,181249.7
W01001001,282361.2,181496.5
W01001002,281903.5,182012.5
W01001003,293764.4,179611.7
W01001004,296234.9,181602.7
W01001005,295816.6,180834.7
W01001006,295119.2,181881.5
W01001007,295574.5,181738.1
W01001008,290900.0,181857.1
W01001009,291252.7,187404.1
W01001010,289032.8,180768.0
W01001011,288963.4,180521.3
W01001012,286399.9,189636.2
W01001013,286737.6,188965.4
W01001014,285568.3,191281.3
W01001015,286370.8,190982.5
W01001016,286522.1,190407.3
W01001017,284995.9,191187.1
W01001018,285546.0,190906.5
W01001019,285080.5,190410.6
W01001020,286009.3,190450.3
W01001021,290845.2,180188.5
W01001022,290207.6,181302.8
W01001023,290487.6,180683.4
W01001024,293484.2,192902.9
W01001025,293768.2,192232.3
W01001026,289682.9,180174.0
W01001027,289221.6,179780.1
W01001028,290030.0,179861.4
W01001029,284099.0,177632.1
W01001030,283314.0,177507.6
W01001031,281334.8,178672.9
W01001032,281549.7,178118.0
W01001033,293263.7,190006.4
W01001034,293174.5,191168.2
W01001035,290947.6,179371.0
W01001036,290377.9,179029.9
W01001037,290851.6,178649.3
W01001038,290985.0,181041.9
W01001039,295965.3,182268.0
W01001040,296399.3,182282.4
W01001041,289616.9,182176.8
W01001042,290409.7,191705.9
W01001043,290567.0,191090.7
W01001044,282518.9,177681.8
W01001045,282327.7,177286.8
W01001046,281634.9,176888.3
W01001047,281600.4,177321.1
W01001048,283812.7,182619.2
W01001049,282436.8,182393.2
W01001050,283143.3,182494.9
W01001051,283708.0,183166.4
W01001052,282936.3,182902.4
W01001053,281014.0,178140.8
W01001054,281036.7,177505.0
W01001055,290235.9,183561.2
W01001056,290244.0,183292.1
W01001057,290285.3,184649.1
W01001058,289580.4,184484.5
W01001059,310453.9,166911.1
W01001060,309630.9,166996.6
W01001062,310473.5,167284.3
W01001063,311767.2,168304.6
W01001064,311128.5,168284.8
W01001065,312105.7,168472.0
W01001066,311268.2,167833.5
W01001067,313390.1,169407.3
W01001068,313678.6,169540.2
W01001069,312788.7,169060.6
W01001070,312984.2,168814.4
W01001071,313540.4,168935.1
W01001072,312857.7,170006.4
W01001073,312179.5,167877.5
W01001075,317843.1,171729.5
W01001076,317570.6,172233.2
W01001077,317079.0,172124.0
W01001078,317459.4,171695.5
W01001079,312563.4,168708.8
W01001080,312268.3,168981.1
W01001081,312419.3,169445.5
W01001082,299435.2,174523.2
W01001083,298862.1,174089.3
W01001084,300084.6,174385.7
W01001085,300373.9,177460.2
W01001086,315173.8,171281.9
W01001087,315898.8,171365.7
W01001088,316323.6,171184.7
W01001089,315425.1,170675.0
W01001090,315967.9,171754.3
W01001091,310206.0,169516.4
W01001092,311137.8,169462.5
W01001093,311136.7,168669.3
W01001094,312331.1,169951.4
W01001095,311891.0,169660.2
W01001096,311782.4,169059.3
W01001097,311510.6,169926.4
W01001098,310050.6,168505.4
W01001099,310636.3,168304.0
W01001100,310070.5,168023.7
W01001101,310823.6,167741.7
W01001102,310379.8,167550.2
W01001103,310418.3,168823.3
W01001104,316917.9,172902.9
W01001105,294172.6,175777.4
W01001106,298015.5,168681.8
W01001107,297097.9,168630.2
W01001108,298794.6,168693.5
W01001109,297056.0,168253.5
W01001110,296363.1,169210.0
W01001111,297606.0,168954.2
W01001112,297087.0,169391.6
W01001113,307605.9,176410.7
W01001114,318312.6,170165.6
W01001115,317453.7,170381.3
W01001116,318444.7,171042.4
W01001117,305256.4,166688.5
W01001119,306718.6,166632.0
W01001120,305507.8,166519.1
W01001121,301592.7,167907.3
W01001122,301470.4,169158.5
W01001123,318871.1,171936.7
W01001124,318485.3,171986.0
W01001125,318215.0,171817.1
W01001127,286751.9,174970.6
W01001128,291964.0,172505.4
W01001129,317229.0,171252.5
W01001130,317887.0,171371.8
W01001131,317409.1,170863.1
W01001132,315812.5,168310.6
W01001133,315400.2,168172.0
W01001134,318229.7,169394.3
W01001135,310341.3,173637.6
W01001136,312096.9,173604.6
W01001137,301040.2,201611.5
W01001138,301568.0,201032.4
W01001139,301350.2,200774.1
W01001140,300760.9,200020.2
W01001141,300125.0,199621.4
W01001142,302292.6,200060.9
W01001143,307902.1,194559.6
W01001144,306807.9,196572.5
W01001145,307925.4,195479.2
W01001146,308542.8,195317.8
W01001147,300937.6,203064.2
W01001148,299914.1,202842.4
W01001149,299971.6,202293.8
W01001150,300327.4,202330.8
W01001151,298897.0,203110.6
W01001152,299270.7,204714.3
W01001153,299253.0,203721.2
W01001154,298203.4,203485.7
W01001155,299724.6,203399.9
W01001156,298432.3,203069.0
W01001157,306084.8,184608.4
W01001158,305849.6,185012.4
W01001159,306164.2,184190.4
W01001160,298568.3,183177.3
W01001162,308780.3,186021.5
W01001164,308795.5,192266.9
W01001165,308727.1,191655.3
W01001166,297626.4,193004.3
W01001167,298375.9,192934.0
W01001168,302344.4,201931.3
W01001169,302592.0,201346.4
W01001170,301980.0,202354.8
W01001171,304103.9,190917.9
W01001172,302721.3,190818.1
W01001173,301671.7,190198.3
W01001174,302275.4,190409.2
W01001175,299847.9,196899.1
W01001176,300072.4,196515.4
W01001177,299849.8,197342.3
W01001178,298139.7,189171.0
W01001179,298363.5,188273.5
W01001180,307778.0,192209.2
W01001181,307433.6,192407.2
W01001184,309523.9,187705.9
W01001185,309054.1,188305.6
W01001186,296496.8,205522.0
W01001187,295797.4,205862.1
W01001188,295743.5,205434.1
W01001189,299984.5,183205.2
W01001190,300001.4,182714.1
W01001192,300804.7,180222.3
W01001193,304892.4,182963.0
W01001194,305476.5,182978.1
W01001195,304757.1,183617.2
W01001196,307769.0,185616.3
W01001197,308701.3,184557.2
W01001198,307454.5,184558.6
W01001199,307340.9,184917.8
W01001202,297361.9,198360.5
W01001203,298150.1,197636.0
W01001204,305147.6,199104.1
W01001205,304710.6,199545.2
W01001206,304641.0,198706.4
W01001207,303335.1,199310.9
W01001208,304527.6,199134.2
W01001209,305518.6,197722.5
W01001210,305941.7,197459.3
W01001211,305013.0,198364.3
W01001212,305225.6,198056.9
W01001214,296871.6,195183.0
W01001216,296754.5,196152.0
W01001217,300289.7,191636.0
W01001218,299679.1,191783.7
W01001219,299880.3,191223.4
W01001220,300121.0,191209.6
W01001221,297146.9,204825.1
W01001222,297837.5,204684.5
W01001223,302976.0,180710.2
W01001224,304643.8,181425.2
W01001225,304960.9,181421.1
W01001226,303959.1,181589.3
W01001227,306843.3,190605.7
W01001228,307167.3,190645.0
W01001229,302669.9,191570.6
W01001230,302110.0,191927.7
W01001231,303279.4,191276.1
W01001232,302187.8,191599.2
W01001233,292798.6,206375.4
W01001234,305996.3,190697.4
W01001235,306257.1,190455.0
W01001236,306523.7,189942.1
W01001237,309134.4,188659.6
W01001238,309576.2,188610.1
W01001239,309994.2,187980.1
W01001240,312196.6,185119.2
W01001241,312344.8,183620.2
W01001242,303564.0,182769.3
W01001243,304105.1,182731.9
W01001244,309354.4,186248.3
W01001245,309018.1,186850.9
W01001246,308840.9,186592.7
W01001247,298901.1,192912.5
W01001248,299275.6,192342.4
W01001249,301125.2,188237.6
W01001250,301666.2,188154.0
W01001251,301750.0,188461.2
W01001252,301512.9,186757.6
W01001253,300438.5,190436.6
W01001255,300147.4,188032.9
W01001256,307910.7,190927.2
W01001257,308033.7,190559.2
W01001258,307612.1,190628.0
W01001259,300786.9,192081.8
W01001260,299583.3,192944.7
W01001261,299888.2,192330.8
W01001262,308146.7,189430.0
W01001263,308047.7,189096.4
W01001264,308193.6,188666.4
W01001265,294118.5,198316.7
W01001266,293805.1,198464.7
W01001267,292795.3,199406.6
W01001268,293386.3,198719.0
W01001269,295727.4,196579.0
W01001270,296242.8,196660.9
W01001271,294872.8,195994.7
W01001272,295163.7,197481.7
W01001273,295570.1,197044.9
W01001274,300710.6,194809.7
W01001275,300992.6,194219.9
W01001276,301008.9,195485.2
W01001277,306516.6,184530.9
W01001278,306329.7,185384.9
W01001279,306379.3,184912.7
W01001280,301918.7,193855.4
W01001281,302510.1,192850.7
W01001282,306128.0,193805.4
W01001283,305485.2,194744.4
W01001284,307747.2,192930.7
W01001285,299154.8,194832.0
W01001286,297543.2,194919.0
W01001287,297824.9,194933.9
W01001288,298436.8,195173.8
W01001289,309380.6,201322.9
W01001290,310786.4,196995.1
W01001291,302139.1,206928.4
W01001292,302969.3,207089.9
W01001293,304256.6,206047.0
W01001294,302936.0,206122.0
W01001295,306312.8,208750.6
W01001296,306684.2,209070.6
W01001297,307131.0,208070.4
W01001298,306400.4,207928.3
W01001299,304695.5,208265.5
W01001300,304181.3,208050.9
W01001301,304924.0,207630.8
W01001302,307342.0,199829.0
W01001305,305172.7,206979.3
W01001306,304571.0,206910.8
W01001307,304640.6,206623.5
W01001308,305410.0,208195.5
W01001309,305739.8,207950.4
W01001310,305604.9,207395.3
W01001311,305894.4,207604.8
W01001312,306854.7,202326.1
W01001313,307082.9,202300.4
W01001314,305997.1,203668.6
W01001315,305121.6,206177.9
W01001317,305696.9,205618.2
W01001318,305331.8,205498.1
W01001319,310060.3,196368.7
W01001320,308965.5,196710.4
W01001321,309766.6,197305.6
W01001322,309761.0,196886.0
W01001324,303227.1,207907.6
W01001325,315777.6,200543.9
W01001326,315655.8,199981.5
W01001327,321516.7,195305.5
W01001328,321989.1,195336.0
W01001329,322033.8,193553.5
W01001330,312489.2,189223.9
W01001331,311891.8,189267.1
W01001332,311548.4,190921.6
W01001333,312103.1,189955.1
W01001334,316763.6,201328.0
W01001335,317571.3,200495.1
W01001336,314598.0,199993.9
W01001337,314942.2,199390.4
W01001338,314867.5,199817.9
W01001339,314494.6,199043.1
W01001340,316449.7,189165.1
W01001341,317657.2,188971.0
W01001342,320918.9,189116.7
W01001343,321423.0,189177.0
W01001344,317089.6,188805.1
W01001345,319406.0,189008.0
W01001346,318317.6,188920.3
W01001347,317128.7,197704.5
W01001348,316843.5,197242.6
W01001349,316868.3,196693.7
W01001350,317367.6,196863.6
W01001351,316832.5,198303.2
W01001352,316301.6,197729.6
W01001353,316385.8,197097.7
W01001354,322108.4,192496.4
W01001355,322074.1,191767.9
W01001356,320873.6,197886.5
W01001357,319814.9,198575.1
W01001358,320722.6,200454.1
W01001359,321149.3,198375.1
W01001360,312723.8,201854.7
W01001361,310597.3,205344.7
W01001362,315201.7,198506.3
W01001363,314612.3,196196.8
W01001364,314831.4,195592.6
W01001365,315107.9,195075.8
W01001366,315261.9,191544.8
W01001367,314955.1,190478.6
W01001368,314850.4,189670.9
W01001369,315697.4,194587.5
W01001370,315102.6,187264.3
W01001371,315283.3,188309.7
W01001372,315955.1,188205.4
W01001373,315774.5,187657.4
W01001374,313114.7,205655.8
W01001375,311514.4,207510.3
W01001376,312047.9,206763.8
W01001377,311482.5,195345.1
W01001378,311016.1,195509.8
W01001379,310783.1,195643.3
W01001380,319764.7,196434.8
W01001381,321832.2,197676.7
W01001382,320593.8,196890.6
W01001383,321075.3,197129.5
W01001384,314444.5,203110.3
W01001385,315051.3,202360.6
W01001386,314386.9,203461.7
W01001387,315686.2,197857.2
W01001388,315933.7,196872.9
W01001389,315663.8,196463.5
W01001390,319046.3,198550.2
W01001391,318555.2,198349.5
W01001392,318083.4,197401.0
W01001393,314475.9,188442.5
W01001394,313555.0,187740.4
W01001395,314215.0,187961.2
W01001396,314655.2,187620.8
W01001397,313844.5,188718.9
W01001398,313875.4,186738.8
W01001399,314242.4,187098.5
W01001400,314288.1,188780.9
W01001401,318456.5,195777.2
W01001402,316932.3,195889.7
W01001403,317686.5,195788.0
W01001404,316835.0,195344.7
W01001405,317497.7,195323.6
W01001406,311708.5,205873.3
W01001407,325485.8,190388.5
W01001408,325126.6,190211.7
W01001409,324256.2,190658.7
W01001410,324789.1,190582.1
W01001411,323579.7,191195.8
W01001412,324077.4,190308.5
W01001413,324933.8,189837.4
W01001414,313305.6,196976.3
W01001415,315001.7,197158.8
W01001416,314201.1,197585.6
W01001417,314248.4,197027.9
W01001418,313523.1,196455.1
W01001419,318861.8,187337.4
W01001420,316718.2,188047.7
W01001421,316486.5,187557.1
W01001422,316243.7,187198.5
W01001423,314645.6,186679.1
W01001424,315426.9,186675.5
W01001425,315878.0,186577.6
W01001426,314838.8,186179.9
W01001427,314275.5,186077.2
W01001428,311208.8,208664.7
W01001429,310978.8,208417.9
W01001430,318676.7,191852.9
W01001431,317978.3,192849.9
W01001432,314204.4,195272.3
W01001433,314556.0,194459.3
W01001434,314357.5,193370.5
W01001435,321509.5,204366.5
W01001436,321906.3,203896.7
W01001437,322002.3,204423.4
W01001438,316403.2,211075.8
W01001439,316779.0,210899.6
W01001440,317459.7,211575.6
W01001441,316626.1,212341.1
W01001442,316778.9,211613.0
W01001443,319974.8,208202.9
W01001444,320467.5,208399.7
W01001445,320162.4,207465.9
W01001446,319392.7,212077.4
W01001447,318325.5,211774.8
W01001448,319182.4,211853.3
W01001449,318768.7,211891.7
W01001450,318403.1,205555.5
W01001451,318590.7,204971.5
W01001452,317584.8,206897.2
W01001453,321072.7,205043.7
W01001454,321820.5,205467.2
W01001455,321539.6,204718.2
W01001456,316847.1,210016.1
W01001457,315777.2,209799.8
W01001458,316321.7,210104.9
W01001459,316343.2,209304.7
W01001460,316928.2,208915.1
W01001461,316640.5,209524.9
W01001462,314976.0,208238.1
W01001463,314843.5,208052.4
W01001464,321704.6,198914.0
W01001465,321476.1,201286.2
W01001466,321661.1,200807.9
W01001467,318782.1,210926.8
W01001468,319489.5,210149.2
W01001469,319869.5,209539.0
W01001470,315590.8,211870.1
W01001471,315828.7,211989.4
W01001472,313822.5,210427.3
W01001473,314578.6,210362.0
W01001474,312937.9,210865.3
W01001475,314488.2,209828.6
W01001478,314029.8,208375.1
W01001479,313667.0,208521.0
W01001480,313438.6,210137.0
W01001481,314043.5,209300.4
W01001482,326435.8,205341.4
W01001483,326319.7,204779.8
W01001484,326692.4,204164.4
W01001485,326204.7,203959.5
W01001486,326655.4,203488.5
W01001487,325791.9,208532.0
W01001488,325587.3,209263.8
W01001489,324949.1,208816.6
W01001490,325452.3,208844.4
W01001491,327848.6,200840.8
W01001492,327881.0,193915.2
W01001493,330049.6,196568.0
W01001494,330452.5,196581.6
W01001495,330568.2,195980.3
W01001496,328259.0,200007.5
W01001497,327489.9,194478.3
W01001498,327923.4,194421.4
W01001499,327031.4,194490.4
W01001500,326735.0,194602.9
W01001501,327539.4,195577.6
W01001502,327256.9,195342.8
W01001503,327847.7,195121.5
W01001504,329826.4,193883.6
W01001505,330408.9,193295.7
W01001506,329488.3,194957.2
W01001507,330491.2,194991.3
W01001508,330682.9,194397.6
W01001509,332669.8,192850.1
W01001510,330466.2,199100.6
W01001511,330509.7,199681.6
W01001512,330658.0,200068.2
W01001513,329784.4,200324.7
W01001514,329022.4,199309.7
W01001515,329226.6,199031.1
W01001516,328853.8,198128.2
W01001517,329471.8,198255.4
W01001518,328823.2,198591.7
W01001519,329432.6,195869.7
W01001520,329324.7,197110.0
W01001521,329146.0,196147.5
W01001522,328830.4,196535.2
W01001523,326856.8,201807.2
W01001524,328389.7,200819.4
W01001525,328560.7,201529.8
W01001526,328285.0,194851.0
W01001527,329019.3,194666.9
W01001528,328516.4,195094.9
W01001529,327105.9,202199.5
W01001530,327921.6,202338.6
W01001531,327605.4,202380.8
W01001532,328617.2,194331.4
W01001533,326720.6,193792.7
W01001534,328591.7,193832.5
W01001535,327552.0,193533.3
W01001536,327481.5,196067.8
W01001537,327954.8,196811.9
W01001538,327918.9,196402.7
W01001539,328315.1,196533.9
W01001540,327528.3,201385.4
W01001541,327289.5,200657.1
W01001542,347084.0,190606.6
W01001543,348126.5,189027.2
W01001545,329000.6,214950.1
W01001546,329794.3,215349.0
W01001548,333506.1,221390.6
W01001549,347493.8,199027.1
W01001551,347617.4,188380.5
W01001552,350629.6,214311.4
W01001554,350998.3,213101.1
W01001555,332434.9,205121.4
W01001556,332280.6,204356.3
W01001557,329441.6,214340.2
W01001558,330206.6,215184.8
W01001559,353218.0,193017.3
W01001560,335554.8,202381.8
W01001561,324455.4,214726.6
W01001562,322622.8,212684.2
W01001563,324901.1,214901.7
W01001565,337040.4,196509.8
W01001568,343000.8,216594.7
W01001569,326755.5,213840.8
W01001571,330934.2,216115.5
W01001572,342211.8,187210.4
W01001573,343255.9,187174.2
W01001574,342953.2,187476.4
W01001575,346949.9,209822.0
W01001576,350269.0,212178.1
W01001577,350090.7,212175.2
W01001578,350067.1,188109.8
W01001579,330348.3,214006.7
W01001580,330362.1,214684.3
W01001581,341210.2,207495.7
W01001582,345968.3,187862.8
W01001583,352012.7,199015.2
W01001584,353305.3,192469.4
W01001585,352662.1,194131.6
W01001586,352433.7,193676.2
W01001587,353410.4,193704.8
W01001588,348137.5,187784.1
W01001589,348498.7,188120.6
W01001590,348506.3,193716.9
W01001591,343747.9,187308.4
W01001592,353799.6,192144.4
W01001593,353587.2,192015.8
W01001594,350263.5,203998.6
W01001595,352367.8,206675.3
W01001596,337810.3,200538.2
W01001597,337982.6,201251.7
W01001598,347305.7,187958.0
W01001599,351821.4,212354.8
W01001600,330012.8,188482.2
W01001601,330546.6,188732.5
W01001602,329500.4,188010.4
W01001603,330452.7,188284.0
W01001604,328724.6,187477.5
W01001605,330010.9,187699.0
W01001606,334168.0,188547.6
W01001607,333643.9,187910.4
W01001608,333593.8,188400.8
W01001609,334637.7,188042.2
W01001610,334249.2,188072.2
W01001611,333206.7,187979.8
W01001612,332620.2,188351.5
W01001613,332887.1,188138.5
W01001614,333272.9,189471.9
W01001615,332993.5,189361.5
W01001616,332878.2,188891.3
W01001617,328942.6,190674.7
W01001618,329435.7,190555.9
W01001619,328413.5,190683.2
W01001620,328954.9,190326.8
W01001621,328583.2,191014.6
W01001622,329241.1,190989.6
W01001623,333898.7,190956.0
W01001624,332473.0,190750.5
W01001625,334254.9,190540.5
W01001626,332836.3,191247.7
W01001627,333047.9,191686.4
W01001628,333232.6,191468.7
W01001629,330068.4,187053.7
W01001630,329765.5,186947.3
W01001631,329230.9,187110.3
W01001632,329287.1,186615.4
W01001633,330054.6,186012.7
W01001634,329711.3,186018.8
W01001635,326618.0,186895.2
W01001636,325660.1,189084.3
W01001637,327565.1,187097.4
W01001638,326697.0,187323.3
W01001639,336945.8,189883.7
W01001640,340972.2,191681.1
W01001641,338622.2,190530.6
W01001642,333264.2,187376.4
W01001643,332975.2,187651.5
W01001645,334088.2,187447.4
W01001646,334451.1,187261.0
W01001648,333864.4,187162.0
W01001650,338444.3,188970.3
W01001651,330464.3,191578.5
W01001652,330100.8,191137.9
W01001653,330842.7,191149.7
W01001654,330388.2,190450.2
W01001655,330759.3,190758.4
W01001657,325523.5,182413.3
W01001658,326175.0,182053.4
W01001659,331518.1,186779.2
W01001660,331095.1,186516.4
W01001661,331752.3,187233.9
W01001662,331270.3,187132.6
W01001663,335248.6,189073.1
W01001664,335659.8,189132.2
W01001665,334693.2,188793.0
W01001666,335555.7,188351.2
W01001667,335963.4,188601.6
W01001668,334983.6,187997.9
W01001669,327429.8,189110.4
W01001670,326261.1,189081.8
W01001671,327706.6,187618.1
W01001673,327522.5,188672.2
W01001674,328020.5,187850.0
W01001675,332081.9,189026.7
W01001676,331734.8,188806.6
W01001677,332033.2,189661.1
W01001678,332544.4,189863.6
W01001679,332485.4,189181.8
W01001680,332105.8,189379.4
W01001681,331105.1,189049.0
W01001682,330712.2,190018.4
W01001683,330973.6,189665.7
W01001684,330702.1,189331.2
W01001685,330763.7,187904.7
W01001686,330510.9,187401.6
W01001687,331121.9,187618.0
W01001689,329429.8,185416.9
W01001690,332185.9,187894.7
W01001691,332325.3,188644.2
W01001692,332033.4,188431.9
W01001693,331638.2,188331.7
W01001694,319756.3,176940.8
W01001695,319166.9,176477.3
W01001696,319528.1,176618.5
W01001697,320132.2,177217.1
W01001698,319897.8,177351.2
W01001699,318845.4,175118.3
W01001702,312520.1,175119.7
W01001703,313624.4,175443.5
W01001704,314081.7,175806.3
W01001705,313061.3,175137.8
W01001706,314542.8,176581.4
W01001707,314018.7,176068.7
W01001708,313211.8,175640.5
W01001710,316146.5,176520.6
W01001711,316436.4,175949.2
W01001712,316359.6,176790.7
W01001713,316517.4,176332.2
W01001714,315392.0,177080.7
W01001715,315938.7,177135.9
W01001716,315070.9,176990.6
W01001717,315804.1,176910.9
W01001718,318317.3,178233.2
W01001719,317750.0,178100.1
W01001720,318245.5,177939.7
W01001721,317644.9,177771.5
W01001722,317978.3,177891.6
W01001724,318464.1,177690.3
W01001725,318366.2,177458.4
W01001726,318251.9,178441.6
W01001727,308178.5,181530.8
W01001728,308145.3,181122.2
W01001729,312051.8,176996.3
W01001730,319385.8,180915.1
W01001731,318525.0,181082.0
W01001732,318719.9,180617.4
W01001733,319155.9,180146.3
W01001734,318429.1,180055.1
W01001735,318960.1,179622.8
W01001736,319271.2,181784.8
W01001737,313673.8,176710.9
W01001738,312841.4,176610.4
W01001739,313330.7,176515.6
W01001740,313553.7,176226.4
W01001741,312921.2,176262.6
W01001742,312842.9,175878.5
W01001743,311743.0,175877.1
W01001744,312393.2,175734.5
W01001745,311764.5,175332.7
W01001746,314151.4,176737.8
W01001747,314084.3,178461.1
W01001748,313862.3,178313.4
W01001749,312978.4,178247.9
W01001750,313736.7,177806.2
W01001751,313267.8,177922.3
W01001752,313820.6,177326.6
W01001753,313176.5,177509.6
W01001754,314387.9,177224.8
W01001755,317390.0,178660.2
W01001756,317065.1,178321.6
W01001757,317232.3,178964.3
W01001758,317791.3,178803.8
W01001759,317037.6,175221.5
W01001760,318245.6,174709.0
W01001761,317740.9,174807.2
W01001762,317812.9,174475.1
W01001764,317753.6,175721.5
W01001765,317857.7,175307.8
W01001766,317477.3,175591.1
W01001767,317546.8,175268.9
W01001768,317824.4,175083.8
W01001769,317725.6,180483.8
W01001770,318077.1,179635.4
W01001771,317276.2,180471.6
W01001772,316189.1,180285.1
W01001773,316706.8,180529.6
W01001774,317094.2,179997.0
W01001775,316705.5,179995.1
W01001776,317035.4,179590.3
W01001777,318848.0,183006.1
W01001778,318172.2,183335.0
W01001779,314994.6,177957.6
W01001780,314610.6,178616.1
W01001781,315578.4,177639.3
W01001782,314863.8,177551.4
W01001783,313838.2,179335.5
W01001784,314142.8,178818.3
W01001785,315745.8,178965.4
W01001786,315275.9,178758.4
W01001787,316406.0,179034.4
W01001788,316076.1,178604.0
W01001789,314753.9,179302.2
W01001790,315251.8,179167.8
W01001791,317982.8,181660.0
W01001792,317883.1,181101.0
W01001793,317269.6,183496.8
W01001794,317683.0,183094.1
W01001795,316895.3,183074.9
W01001796,317260.5,182752.1
W01001797,317558.0,182412.8
W01001798,316696.4,182539.1
W01001799,318210.3,182239.0
W01001800,317267.6,182096.4
W01001802,322510.1,181042.7
W01001803,322124.3,180382.6
W01001804,321989.2,180989.2
W01001805,321827.8,180492.7
W01001806,321422.4,179699.1
W01001807,322349.3,181608.6
W01001808,322013.4,181400.9
W01001809,319575.1,180343.1
W01001810,320353.7,180485.4
W01001811,320704.7,180929.7
W01001812,319883.2,180282.9
W01001813,320156.9,179960.7
W01001814,319959.5,179589.0
W01001815,320060.9,181668.8
W01001816,320796.5,181382.1
W01001817,320414.4,181662.2
W01001818,320151.0,181096.6
W01001819,310081.5,182032.7
W01001820,311994.2,183330.9
W01001821,319298.2,178803.7
W01001822,320008.2,178379.2
W01001823,319702.2,178156.5
W01001824,319412.5,178035.7
W01001825,320103.4,177911.1
W01001826,319796.5,179164.8
W01001827,318884.3,178968.8
W01001828,320070.5,178861.8
W01001829,318904.0,177561.9
W01001830,319388.5,177692.6
W01001831,319115.3,177805.5
W01001832,318791.6,177307.0
W01001833,319631.6,177494.3
W01001834,319153.6,177368.8
W01001835,319182.6,177067.6
W01001836,318641.9,178487.8
W01001837,318616.5,178144.9
W01001838,318934.9,178161.6
W01001839,318787.9,177990.2
W01001840,322993.0,181674.2
W01001841,320342.0,182266.9
W01001842,321140.3,182510.5
W01001844,320775.0,182117.9
W01001846,312334.5,181482.1
W01001847,312432.2,181003.4
W01001848,316426.5,180921.8
W01001849,314843.5,181749.7
W01001850,316102.2,181276.4
W01001851,315709.2,180925.1
W01001852,315624.3,182165.4
W01001853,316227.8,182128.7
W01001854,316009.8,181726.1
W01001855,317169.3,176162.0
W01001856,317658.7,176060.4
W01001857,316948.9,176305.6
W01001858,316768.0,177347.5
W01001859,316537.6,177107.7
W01001860,316821.3,176830.2
W01001861,317126.3,176745.3
W01001862,317457.7,176304.4
W01001863,321955.6,178969.5
W01001864,321567.6,179306.6
W01001865,321329.2,178777.5
W01001866,322593.6,180116.6
W01001867,322385.3,179719.3
W01001868,322047.4,179465.7
W01001869,320259.7,176953.5
W01001870,320459.3,176941.2
W01001871,320943.4,176853.2
W01001872,320098.1,176622.4
W01001873,320289.9,176427.5
W01001874,319709.2,176347.5
W01001876,320810.9,177318.9
W01001877,324322.2,181595.6
W01001878,323791.9,181571.9
W01001879,323757.2,180993.0
W01001880,324137.4,181001.3
W01001881,323112.4,181065.9
W01001882,324404.2,180772.4
W01001883,323089.7,180518.2
W01001884,323808.4,180644.2
W01001885,323711.2,180207.4
W01001886,323025.2,180086.0
W01001887,314933.3,179957.3
W01001888,314428.3,180029.3
W01001889,315835.3,179971.0
W01001890,316547.5,179501.2
W01001891,315500.5,179639.6
W01001892,316101.3,179402.7
W01001893,313447.1,182198.9
W01001894,314663.7,181105.1
W01001895,314632.5,180741.5
W01001896,315307.0,180498.6
W01001897,307301.3,225607.6
W01001898,303644.0,209058.4
W01001899,277411.3,210014.2
W01001900,276586.5,208945.1
W01001901,304366.6,229272.6
W01001902,303948.0,229348.6
W01001903,321821.6,218753.1
W01001904,321241.4,217627.8
W01001905,314144.6,225563.3
W01001906,308981.2,324649.0
W01001907,318907.4,327154.2
W01001908,347539.2,188717.8
W01001910,312073.8,168007.6
W01001911,312518.7,168261.0
W01001912,329166.8,184009.2
W01001913,328853.7,184322.8
W01001914,299380.8,187861.2
W01001915,308406.5,185753.9
W01001916,307949.0,186170.9
W01001917,300648.3,187236.9
W01001918,288409.1,179330.7
W01001919,289424.4,179281.9
W01001920,289128.5,178942.4
W01001921,288795.8,179522.1
W01001922,318603.6,177175.5
W01001923,251592.4,198765.0
W01001924,251415.1,198911.7
W01001925,248312.8,201092.4
W01001926,280403.3,375775.7
W01001927,295593.0,378757.7
W01001928,294905.4,378607.5
W01001929,334187.2,350069.3
W01001930,320606.7,337729.8
W01001931,333913.4,350019.7
W01001932,222956.8,331868.5
W01001933,262738.0,301101.2
W01001935,259671.1,280828.6
W01001936,260024.0,281463.1
W01001937,261055.0,288845.0
W01001940,319622.1,174659.0
W01001942,318715.0,174466.2
W01001943,319148.5,175177.8
W01001944,319155.0,175407.2
W01001946,317984.0,173874.7
W01001947,317916.6,173505.9
W01001948,313605.9,179926.6
W01001949,316871.1,181181.0
W01001950,318683.8,174770.1
W01001951,318992.6,175888.0
W01001952,318605.4,175292.9
W01001953,316766.0,181853.1
W01001954,313026.7,180460.4
W01001955,265642.7,193422.3
W01001956,260725.7,193369.9
W01001958,266189.4,192555.0
W01001959,305816.8,206489.0
W01001960,305641.0,206060.4
W01001961,307149.4,200234.7
W01001962,297064.2,195364.7
W01001963,299643.7,193841.0
W01001964,306993.6,189474.1
W01001965,299209.4,183302.3
W01001966,299334.6,182423.1
W01001967,302969.0,181488.0
W01001968,301513.4,180442.7
W01001969,335131.9,350623.5
W01001970,335865.6,355049.3
W01001971,337936.1,349056.1
W01001972,335575.3,351305.5
W01001973,322172.5,203258.4
W01001974,330439.3,215654.4
W01001975,330701.7,215292.6
W01001976,328954.3,213026.9
W01001977,329410.6,213473.3
W01001978,349815.1,212898.2
W01001979,349420.5,212887.7
W01001980,334836.4,210216.2
W01001981,291668.3,182495.3
W01001982,292186.0,181939.7
W01001983,291792.2,181759.1
W01001984,292243.4,181126.4
W01001985,274449.4,199747.0
W01001986,274139.4,197930.8
W01001987,271831.0,197109.5
W01001988,271395.5,195667.6
W01001989,270057.2,192722.5
W01001990,286360.6,197198.1
W01001991,259235.6,198793.1
W01001992,259308.6,198215.0
W01001993,269399.0,199085.1
W01001994,270110.7,198231.7
W01001995,266473.6,193338.7
W01001996,266974.6,193055.6
W01001997,265554.3,192494.3
W01001998,311742.0,166845.8
W01001999,252350.9,202786.2
W01002000,260005.1,282264.7
W01002001,258432.9,282195.5
W01002002,240310.1,257342.0
W01002003,258647.0,323770.1
W01002004,261011.1,316172.9
W01002005,249656.4,384159.3
W01002007,228613.4,379030.6
W01002008,233494.1,372856.4
W01002009,195248.7,215825.7
W01002010,195159.8,215380.5
W01002011,191593.5,207425.8
W01002012,190919.4,206576.8
W01002013,213210.4,204882.3
W01002014,212980.2,200495.2
W01002016,322322.0,182545.5
W01002017,322172.6,182169.5
W01002018,321528.2,182122.8
W01002019,318599.5,176378.0
W01002020,321247.8,177399.1
W01002021,321107.8,177937.3
W01002022,315266.0,176482.9
W01002023,315801.6,176464.6
W01002024,318247.2,173454.5
W01002025,317728.4,172900.9
W01002026,335274.2,186829.6
W01002027,337661.2,187811.6
W01002028,326668.8,188678.6
W01002029,326694.4,187987.9
W01002030,332614.4,187630.7
W01002031,332479.2,187356.5
W01002032,333616.2,186815.7
W01002033,332812.6,186664.4
W01002034,329779.3,184712.5
W01002035,329469.1,184828.1
W01002036,318023.1,172307.3
W01002037,318555.8,172374.4
W01002038,306426.3,166520.0
W01002039,306717.1,166114.1
W01002040,311322.9,167108.6
